{
  "000": "I. Teil: Allgemeine Bestimmungen",
  "001": "1. Abschnitt: Behörden",
  "§ 1 AVG": ["BG.AVG:152-158", "BG.AVG.001:16-21", "§ 1 AVG # Zuständigkeit"],
  "§ 2 AVG": ["BG.AVG:164-166", "BG.AVG.001:23-26", "§ 2 AVG"],
  "§ 3 AVG": ["BG.AVG:172-180", "BG.AVG.001:28-37", "§ 3 AVG"],
  "§ 4 AVG": ["BG.AVG:186-192", "BG.AVG.001:39-48", "§ 4 AVG"],
  "§ 5 AVG": ["BG.AVG:198-202", "BG.AVG.001:50-56", "§ 5 AVG"],
  "§ 6 AVG": ["BG.AVG:208-212", "BG.AVG.001:58-64", "§ 6 AVG"],
  "§ 7 AVG": ["BG.AVG:218-230", "BG.AVG.001:66-80", "§ 7 AVG # Befangenheit von Verwaltungsorganen"],
  "009": "2. Abschnitt: Beteiligte und deren Vertreter",
  "§ 8 AVG": ["BG.AVG:236-240", "BG.AVG.001:82-87", "§ 8 AVG # Beteiligte; Parteien"],
  "§ 9 AVG": ["BG.AVG:246-248", "BG.AVG.001:89-92", "§ 9 AVG # Rechts- und Handlungsfähigkeit"],
  "§ 10 AVG": ["BG.AVG:254-266", "BG.AVG.001:94-112", "§ 10 AVG # Vertreter"],
  "§ 11 AVG": ["BG.AVG:272-274", "BG.AVG.001:114-117", "§ 11 AVG"],
  "§ 12 AVG": ["BG.AVG:280-282", "BG.AVG.001:119-122", "§ 12 AVG"],
  "015": "3. Abschnitt: Verkehr zwischen Behörden und Beteiligten",
  "§ 13 AVG": ["BG.AVG:288-308", "BG.AVG.001:124-153", "§ 13 AVG # Anbringen"],
  "§ 13a AVG": ["BG.AVG:314-316", "BG.AVG.001:155-158", "§ 13a AVG # Rechtsbelehrung"],
  "§ 14 AVG": ["BG.AVG:322-343", "BG.AVG.001:160-187", "§ 14 AVG # Niederschriften"],
  "§ 15 AVG": ["BG.AVG:349-351", "BG.AVG.001:189-192", "§ 15 AVG"],
  "§ 16 AVG": ["BG.AVG:357-361", "BG.AVG.001:194-200", "§ 16 AVG # Aktenvermerke"],
  "§ 17 AVG": ["BG.AVG:367-375", "BG.AVG.001:202-214", "§ 17 AVG # Akteneinsicht"],
  "§ 17a AVG": ["BG.AVG:381-383", "BG.AVG.001:216-219", "§ 17a AVG # Blinde und hochgradig sehbehinderte Beteiligte"],
  "§ 18 AVG": ["BG.AVG:389-399", "BG.AVG.001:221-236", "§ 18 AVG # Erledigungen"],
  "§ 19 AVG": ["BG.AVG:405-413", "BG.AVG.001:238-250", "§ 19 AVG # Ladungen"],
  "§ 20 AVG": ["BG.AVG:419-421", "BG.AVG.001:252-255", "§ 20 AVG"],
  "026": "4. Abschnitt: Zustellungen",
  "§ 21 AVG": ["BG.AVG:427-431", "BG.AVG.001:257-262", "§ 21 AVG"],
  "§ 22 AVG": ["BG.AVG:437-439", "BG.AVG.001:264-267", "§ 22 AVG"],
  "§ 23 AVG": ["BG.AVG:445-447", "BG.AVG.001:269-272", "§ 23 AVG"],
  "§ 24 AVG": ["BG.AVG:453-455", "BG.AVG.001:274-277", "§ 24 AVG"],
  "§ 25 AVG": ["BG.AVG:461-463", "BG.AVG.001:279-282", "§ 25 AVG"],
  "§ 26 AVG": ["BG.AVG:469-471", "BG.AVG.001:284-287", "§ 26 AVG"],
  "§ 27 AVG": ["BG.AVG:477-479", "BG.AVG.001:289-292", "§ 27 AVG"],
  "§ 28 AVG": ["BG.AVG:485-487", "BG.AVG.001:294-297", "§ 28 AVG"],
  "§ 29 AVG": ["BG.AVG:493-495", "BG.AVG.001:299-302", "§ 29 AVG"],
  "§ 30 AVG": ["BG.AVG:501-503", "BG.AVG.001:304-307", "§ 30 AVG"],
  "§ 31 AVG": ["BG.AVG:509-511", "BG.AVG.001:309-312", "§ 31 AVG"],
  "038": "5. Abschnitt: Fristen",
  "§ 32 AVG": ["BG.AVG:517-523", "BG.AVG.001:314-322", "§ 32 AVG"],
  "§ 33 AVG": ["BG.AVG:529-541", "BG.AVG.001:324-340", "§ 33 AVG"],
  "041": "6. Abschnitt: Ordnungs- und Mutwillensstrafen",
  "§ 34 AVG": ["BG.AVG:547-559", "BG.AVG.001:342-359", "§ 34 AVG # Ordnungsstrafen"],
  "§ 35 AVG": ["BG.AVG:565-567", "BG.AVG.001:361-364", "§ 35 AVG # Mutwillensstrafen"],
  "§ 36 AVG": ["BG.AVG:573-575", "BG.AVG.001:366-369", "§ 36 AVG # Widmung und Vollzug der Ordnungs- und Mutwillensstrafen"],
  "045": "7. Abschnitt: Begriffsbestimmungen",
  "§ 36a AVG": ["BG.AVG:581-601", "BG.AVG.001:371-394", "§ 36a AVG # Angehörige"],
  "047": "II. Teil: Ermittlungsverfahren",
  "048": "1. Abschnitt: Zweck und Gang des Ermittlungsverfahrens",
  "§ 37 AVG": ["BG.AVG:607-613", "BG.AVG.002:15-20", "§ 37 AVG # Allgemeine Grundsätze"],
  "§ 38 AVG": ["BG.AVG:619-621", "BG.AVG.002:22-25", "§ 38 AVG"],
  "§ 38a AVG": ["BG.AVG:627-631", "BG.AVG.002:27-33", "§ 38a AVG"],
  "§ 39 AVG": ["BG.AVG:637-651", "BG.AVG.002:35-56", "§ 39 AVG"],
  "§ 39a AVG": ["BG.AVG:657-661", "BG.AVG.002:58-64", "§ 39a AVG # Dolmetscher und Übersetzer"],
  "§ 40 AVG": ["BG.AVG:667-671", "BG.AVG.002:66-72", "§ 40 AVG # Mündliche Verhandlung"],
  "§ 41 AVG": ["BG.AVG:677-681", "BG.AVG.002:74-80", "§ 41 AVG"],
  "§ 42 AVG": ["BG.AVG:687-697", "BG.AVG.002:82-97", "§ 42 AVG"],
  "§ 43 AVG": ["BG.AVG:703-713", "BG.AVG.002:99-114", "§ 43 AVG"],
  "§ 43a AVG": ["BG.AVG:719-725", "BG.AVG.002:116-125", "§ 43a AVG"],
  "§ 44 AVG": ["BG.AVG:731-739", "BG.AVG.002:127-139", "§ 44 AVG"],
  "§ 44a AVG": ["BG.AVG:745-759", "BG.AVG.002:141-158", "§ 44a AVG # Großverfahren"],
  "§ 44b AVG": ["BG.AVG:765-769", "BG.AVG.002:160-166", "§ 44b AVG"],
  "§ 44c AVG": ["BG.AVG:775-781", "BG.AVG.002:168-177", "§ 44c AVG"],
  "§ 44d AVG": ["BG.AVG:787-795", "BG.AVG.002:179-189", "§ 44d AVG"],
  "§ 44e AVG": ["BG.AVG:801-807", "BG.AVG.002:191-200", "§ 44e AVG"],
  "§ 44f AVG": ["BG.AVG:813-817", "BG.AVG.002:202-208", "§ 44f AVG"],
  "§ 44g AVG": ["BG.AVG:823-825", "BG.AVG.002:210-213", "§ 44g AVG"],
  "067": "2. Abschnitt: Beweise",
  "§ 45 AVG": ["BG.AVG:831-839", "BG.AVG.003:15-26", "§ 45 AVG # Allgemeine Grundsätze über den Beweis"],
  "§ 46 AVG": ["BG.AVG:845-847", "BG.AVG.003:28-31", "§ 46 AVG"],
  "§ 47 AVG": ["BG.AVG:853-855", "BG.AVG.003:33-36", "§ 47 AVG # Urkunden"],
  "§ 48 AVG": ["BG.AVG:861-869", "BG.AVG.003:38-47", "§ 48 AVG # Zeugen"],
  "§ 49 AVG": ["BG.AVG:875-891", "BG.AVG.003:49-70", "§ 49 AVG"],
  "§ 50 AVG": ["BG.AVG:897-899", "BG.AVG.003:72-75", "§ 50 AVG"],
  "§ 51 AVG": ["BG.AVG:905-907", "BG.AVG.003:77-80", "§ 51 AVG # Vernehmung von Beteiligten"],
  "§ 51a AVG": ["BG.AVG:913-915", "BG.AVG.003:82-85", "§ 51a AVG # Audiovisuelle Vernehmungen"],
  "§ 52 AVG": ["BG.AVG:921-929", "BG.AVG.003:87-99", "§ 52 AVG # Sachverständige"],
  "§ 53 AVG": ["BG.AVG:935-939", "BG.AVG.003:101-107", "§ 53 AVG"],
  "§ 53a AVG": ["BG.AVG:945-952", "BG.AVG.003:109-119", "§ 53a AVG # Gebühren der nichtamtlichen Sachverständigen"],
  "§ 53b AVG": ["BG.AVG:958-960", "BG.AVG.003:121-124", "§ 53b AVG # Gebühren der nichtamtlichen Dolmetscher"],
  "§ 54 AVG": ["BG.AVG:966-968", "BG.AVG.003:126-129", "§ 54 AVG # Augenschein"],
  "§ 55 AVG": ["BG.AVG:974-978", "BG.AVG.003:131-137", "§ 55 AVG # Mittelbare Beweisaufnahmen und Erhebungen"],
  "§ 55a AVG": ["BG.AVG:984-986", "BG.AVG.003:139-142", "§ 55a AVG # Amtshilfe"],
  "083": "III. Teil: Bescheide",
  "§ 56 AVG": ["BG.AVG:992-996", "BG.AVG.003:144-149", "§ 56 AVG # Erlassung von Bescheiden"],
  "§ 57 AVG": ["BG.AVG:1002-1008", "BG.AVG.003:151-160", "§ 57 AVG"],
  "§ 58 AVG": ["BG.AVG:1014-1020", "BG.AVG.003:162-171", "§ 58 AVG # Inhalt und Form der Bescheide"],
  "§ 58a AVG": ["BG.AVG:1026-1028", "BG.AVG.003:173-176", "§ 58a AVG"],
  "§ 59 AVG": ["BG.AVG:1034-1038", "BG.AVG.003:178-184", "§ 59 AVG"],
  "§ 60 AVG": ["BG.AVG:1044-1046", "BG.AVG.003:186-189", "§ 60 AVG"],
  "§ 61 AVG": ["BG.AVG:1052-1061", "BG.AVG.003:191-204", "§ 61 AVG"],
  "§ 62 AVG": ["BG.AVG:1067-1075", "BG.AVG.003:206-218", "§ 62 AVG"],
  "092": "IV. Teil: Rechtsschutz",
  "093": "1. Abschnitt: Berufung",
  "§ 63 AVG": ["BG.AVG:1081-1095", "BG.AVG.003:220-237", "§ 63 AVG"],
  "§ 64 AVG": ["BG.AVG:1101-1105", "BG.AVG.003:239-245", "§ 64 AVG"],
  "§ 64a AVG": ["BG.AVG:1111-1117", "BG.AVG.003:247-256", "§ 64a AVG"],
  "§ 65 AVG": ["BG.AVG:1123-1125", "BG.AVG.003:258-261", "§ 65 AVG"],
  "§ 66 AVG": ["BG.AVG:1131-1139", "BG.AVG.003:263-275", "§ 66 AVG"],
  "§ 67 AVG": ["BG.AVG:1145-1147", "BG.AVG.003:277-280", "§ 67 AVG"],
  "100": "2. Abschnitt: Sonstige Abänderung von Bescheiden",
  "§ 68 AVG": ["BG.AVG:1153-1177", "BG.AVG.003:282-313", "§ 68 AVG # Abänderung und Behebung von Amts wegen"],
  "§ 69 AVG": ["BG.AVG:1183-1199", "BG.AVG.003:315-335", "§ 69 AVG # Wiederaufnahme des Verfahrens"],
  "§ 70 AVG": ["BG.AVG:1205-1210", "BG.AVG.003:337-344", "§ 70 AVG"],
  "§ 71 AVG": ["BG.AVG:1216-1234", "BG.AVG.003:346-371", "§ 71 AVG # Wiedereinsetzung in den vorigen Stand"],
  "§ 72 AVG": ["BG.AVG:1240-1247", "BG.AVG.003:373-383", "§ 72 AVG"],
  "106": "3. Abschnitt: Entscheidungspflicht",
  "§ 73 AVG": ["BG.AVG:1253-1261", "BG.AVG.003:385-396", "§ 73 AVG"],
  "108": "V. Teil: Kosten",
  "§ 74 AVG": ["BG.AVG:1267-1273", "BG.AVG.004:15-23", "§ 74 AVG # Kosten der Beteiligten"],
  "§ 75 AVG": ["BG.AVG:1279-1285", "BG.AVG.004:25-34", "§ 75 AVG # Kosten der Behörden"],
  "§ 76 AVG": ["BG.AVG:1291-1301", "BG.AVG.004:36-51", "§ 76 AVG"],
  "§ 77 AVG": ["BG.AVG:1307-1319", "BG.AVG.004:53-71", "§ 77 AVG"],
  "§ 78 AVG": ["BG.AVG:1325-1335", "BG.AVG.004:73-88", "§ 78 AVG"],
  "§ 78a AVG": ["BG.AVG:1341-1349", "BG.AVG.004:90-99", "§ 78a AVG"],
  "§ 79 AVG": ["BG.AVG:1355-1357", "BG.AVG.004:101-104", "§ 79 AVG"],
  "116": "VI. Teil: Schlußbestimmungen",
  "§ 80 AVG": ["BG.AVG:1363-1367", "BG.AVG.004:106-111", "§ 80 AVG # Verweisungen"],
  "§ 80a AVG": ["BG.AVG:1373-1375", "BG.AVG.004:113-116", "§ 80a AVG # Sprachliche Gleichbehandlung"],
  "§ 81 AVG": ["BG.AVG:1381-1383", "BG.AVG.004:118-121", "§ 81 AVG # Vollziehung"],
  "§ 82 AVG": ["BG.AVG:1389-1460", "BG.AVG.004:123-219", "§ 82 AVG # Inkrafttreten"]
}
