{
  "000": "I. Hauptstück",
  "001": "Allgemeine Bestimmungen",
  "002": "1. Abschnitt",
  "003": "Anwendungsbereich und Parteien",
  "§ 1 AußStrG": ["BG.AußStrG:357-371", "BG.AußStrG.001:16-27", "§ 1 AußStrG # Anwendungsbereich"],
  "§ 2 AußStrG": ["BG.AußStrG:377-391", "BG.AußStrG.001:29-46", "§ 2 AußStrG # Parteien"],
  "§ 3 AußStrG": ["BG.AußStrG:397-401", "BG.AußStrG.001:48-54", "§ 3 AußStrG"],
  "§ 4 AußStrG": ["BG.AußStrG:407-413", "BG.AußStrG.001:56-65", "§ 4 AußStrG"],
  "§ 5 AußStrG": ["BG.AußStrG:419-443", "BG.AußStrG.001:67-95", "§ 5 AußStrG"],
  "§ 6 AußStrG": ["BG.AußStrG:449-457", "BG.AußStrG.001:97-109", "§ 6 AußStrG # Vertretungspflicht"],
  "§ 7 AußStrG": ["BG.AußStrG:463-467", "BG.AußStrG.001:111-117", "§ 7 AußStrG # Verfahrenshilfe und Prozessbegleitung"],
  "011": "2. Abschnitt",
  "012": "Verfahren",
  "§ 8 AußStrG": ["BG.AußStrG:473-483", "BG.AußStrG.002:15-26", "§ 8 AußStrG # Einleitung des Verfahrens"],
  "§ 9 AußStrG": ["BG.AußStrG:489-495", "BG.AußStrG.002:28-37", "§ 9 AußStrG # Begehren"],
  "§ 10 AußStrG": ["BG.AußStrG:501-513", "BG.AußStrG.002:39-57", "§ 10 AußStrG # Anbringen"],
  "§ 10a AußStrG": ["BG.AußStrG:519-521", "BG.AußStrG.002:59-62", "§ 10a AußStrG"],
  "§ 11 AußStrG": ["BG.AußStrG:527-533", "BG.AußStrG.002:64-73", "§ 11 AußStrG # Zurücknahme des Antrags"],
  "§ 12 AußStrG": ["BG.AußStrG:539-543", "BG.AußStrG.002:75-81", "§ 12 AußStrG # Anhängigkeit des Verfahrens"],
  "§ 13 AußStrG": ["BG.AußStrG:549-555", "BG.AußStrG.002:83-92", "§ 13 AußStrG # Verfahrensführung"],
  "§ 14 AußStrG": ["BG.AußStrG:561-563", "BG.AußStrG.002:94-97", "§ 14 AußStrG # Anleitungs- und Belehrungspflicht"],
  "§ 15 AußStrG": ["BG.AußStrG:569-571", "BG.AußStrG.002:99-102", "§ 15 AußStrG # Rechtliches Gehör"],
  "§ 16 AußStrG": ["BG.AußStrG:577-581", "BG.AußStrG.002:104-110", "§ 16 AußStrG # Sammlung der Entscheidungsgrundlagen"],
  "§ 17 AußStrG": ["BG.AußStrG:587-589", "BG.AußStrG.002:112-115", "§ 17 AußStrG # Säumnisfolgen"],
  "§ 18 AußStrG": ["BG.AußStrG:595-601", "BG.AußStrG.002:117-126", "§ 18 AußStrG # Mündliche Verhandlung"],
  "§ 19 AußStrG": ["BG.AußStrG:607-623", "BG.AußStrG.002:128-149", "§ 19 AußStrG # Öffentlichkeit"],
  "§ 20 AußStrG": ["BG.AußStrG:629-633", "BG.AußStrG.002:151-157", "§ 20 AußStrG"],
  "§ 21 AußStrG": ["BG.AußStrG:639-641", "BG.AußStrG.002:159-162", "§ 21 AußStrG # Wiedereinsetzung"],
  "§ 22 AußStrG": ["BG.AußStrG:647-649", "BG.AußStrG.002:164-167", "§ 22 AußStrG # Protokolle, Akten, Sitzungspolizei und Strafen"],
  "§ 23 AußStrG": ["BG.AußStrG:655-659", "BG.AußStrG.002:169-175", "§ 23 AußStrG # Fristen"],
  "§ 24 AußStrG": ["BG.AußStrG:665-671", "BG.AußStrG.002:177-186", "§ 24 AußStrG # Zustellung"],
  "§ 25 AußStrG": ["BG.AußStrG:677-697", "BG.AußStrG.002:188-210", "§ 25 AußStrG # Unterbrechung des Verfahrens"],
  "§ 26 AußStrG": ["BG.AußStrG:703-711", "BG.AußStrG.002:212-224", "§ 26 AußStrG"],
  "§ 27 AußStrG": ["BG.AußStrG:717-721", "BG.AußStrG.002:226-232", "§ 27 AußStrG"],
  "§ 28 AußStrG": ["BG.AußStrG:727-739", "BG.AußStrG.002:234-252", "§ 28 AußStrG # Ruhen des Verfahrens"],
  "§ 29 AußStrG": ["BG.AußStrG:745-753", "BG.AußStrG.002:254-266", "§ 29 AußStrG # Innehalten"],
  "§ 30 AußStrG": ["BG.AußStrG:759-765", "BG.AußStrG.002:268-277", "§ 30 AußStrG # Vergleich"],
  "§ 31 AußStrG": ["BG.AußStrG:771-783", "BG.AußStrG.002:279-297", "§ 31 AußStrG # Beweisverfahren"],
  "§ 32 AußStrG": ["BG.AußStrG:789-791", "BG.AußStrG.002:299-302", "§ 32 AußStrG"],
  "§ 33 AußStrG": ["BG.AußStrG:797-801", "BG.AußStrG.002:304-310", "§ 33 AußStrG"],
  "§ 34 AußStrG": ["BG.AußStrG:807-809", "BG.AußStrG.002:312-315", "§ 34 AußStrG"],
  "§ 35 AußStrG": ["BG.AußStrG:815-817", "BG.AußStrG.002:317-320", "§ 35 AußStrG"],
  "042": "3. Abschnitt",
  "043": "Beschlüsse",
  "§ 36 AußStrG": ["BG.AußStrG:823-835", "BG.AußStrG.003:15-29", "§ 36 AußStrG # Entscheidungsgrundsätze"],
  "§ 37 AußStrG": ["BG.AußStrG:841-845", "BG.AußStrG.003:31-37", "§ 37 AußStrG # Erfüllungsfrist"],
  "§ 38 AußStrG": ["BG.AußStrG:851-853", "BG.AußStrG.003:39-42", "§ 38 AußStrG # Ausfertigung und Zustellung von Beschlüssen"],
  "§ 39 AußStrG": ["BG.AußStrG:859-879", "BG.AußStrG.003:44-69", "§ 39 AußStrG # Inhalt von Beschlussausfertigungen"],
  "§ 40 AußStrG": ["BG.AußStrG:885-887", "BG.AußStrG.003:71-74", "§ 40 AußStrG # Bindung des Gerichtes an die Beschlüsse"],
  "§ 41 AußStrG": ["BG.AußStrG:893-895", "BG.AußStrG.003:76-79", "§ 41 AußStrG # Ergänzung und Berichtigung von Beschlüssen"],
  "§ 42 AußStrG": ["BG.AußStrG:901-903", "BG.AußStrG.003:81-84", "§ 42 AußStrG # Rechtskraft"],
  "§ 43 AußStrG": ["BG.AußStrG:909-919", "BG.AußStrG.003:86-101", "§ 43 AußStrG # Beschlusswirkungen"],
  "§ 44 AußStrG": ["BG.AußStrG:925-929", "BG.AußStrG.003:103-109", "§ 44 AußStrG # Vorläufige Zuerkennung von Verbindlichkeit oder Vollstreckbarkeit"],
  "053": "4. Abschnitt",
  "054": "Rekurs",
  "§ 45 AußStrG": ["BG.AußStrG:935-941", "BG.AußStrG.003:111-116", "§ 45 AußStrG # Zulässigkeit des Rekurses"],
  "§ 46 AußStrG": ["BG.AußStrG:947-952", "BG.AußStrG.003:118-125", "§ 46 AußStrG # Rekursfrist"],
  "§ 47 AußStrG": ["BG.AußStrG:958-964", "BG.AußStrG.003:127-136", "§ 47 AußStrG # Form und Inhalt des Rekurses"],
  "§ 48 AußStrG": ["BG.AußStrG:970-976", "BG.AußStrG.003:138-147", "§ 48 AußStrG # Rekursbeantwortung"],
  "§ 49 AußStrG": ["BG.AußStrG:982-988", "BG.AußStrG.003:149-158", "§ 49 AußStrG # Zulässigkeit von Neuerungen"],
  "§ 50 AußStrG": ["BG.AußStrG:994-1006", "BG.AußStrG.003:160-174", "§ 50 AußStrG # Rekursentscheidung durch das Gericht erster Instanz"],
  "§ 51 AußStrG": ["BG.AußStrG:1012-1018", "BG.AußStrG.003:176-185", "§ 51 AußStrG # Vorlage der Akten an das Rekursgericht"],
  "§ 52 AußStrG": ["BG.AußStrG:1024-1028", "BG.AußStrG.003:187-193", "§ 52 AußStrG # Verfahren vor dem Rekursgericht"],
  "§ 53 AußStrG": ["BG.AußStrG:1034-1036", "BG.AußStrG.003:195-198", "§ 53 AußStrG # Entscheidungsgrundlagen"],
  "§ 54 AußStrG": ["BG.AußStrG:1042-1050", "BG.AußStrG.003:200-210", "§ 54 AußStrG # Zurückweisung durch das Rekursgericht"],
  "§ 55 AußStrG": ["BG.AußStrG:1056-1064", "BG.AußStrG.003:212-224", "§ 55 AußStrG # Entscheidung über den Rekurs"],
  "§ 56 AußStrG": ["BG.AußStrG:1070-1074", "BG.AußStrG.003:226-232", "§ 56 AußStrG"],
  "§ 57 AußStrG": ["BG.AußStrG:1080-1094", "BG.AußStrG.003:234-249", "§ 57 AußStrG"],
  "§ 58 AußStrG": ["BG.AußStrG:1100-1122", "BG.AußStrG.003:251-276", "§ 58 AußStrG"],
  "§ 59 AußStrG": ["BG.AußStrG:1128-1140", "BG.AußStrG.003:278-294", "§ 59 AußStrG # Ausspruch des Rekursgerichts"],
  "§ 60 AußStrG": ["BG.AußStrG:1146-1150", "BG.AußStrG.003:296-302", "§ 60 AußStrG # Ausfertigung der Rekursentscheidung"],
  "§ 61 AußStrG": ["BG.AußStrG:1156-1158", "BG.AußStrG.003:304-307", "§ 61 AußStrG # Bindung an die rechtliche Beurteilung des Rekursgerichts"],
  "072": "5. Abschnitt",
  "073": "Revisionsrekurs",
  "§ 62 AußStrG": ["BG.AußStrG:1164-1184", "BG.AußStrG.004:15-38", "§ 62 AußStrG # Zulässigkeit des Revisionsrekurses"],
  "§ 63 AußStrG": ["BG.AußStrG:1190-1200", "BG.AußStrG.004:40-55", "§ 63 AußStrG # Zulassungsvorstellung"],
  "§ 64 AußStrG": ["BG.AußStrG:1206-1212", "BG.AußStrG.004:57-66", "§ 64 AußStrG # Anfechtung des Aufhebungsbeschlusses"],
  "§ 65 AußStrG": ["BG.AußStrG:1218-1236", "BG.AußStrG.004:68-89", "§ 65 AußStrG # Frist, Form und Inhalt des Revisionsrekurses"],
  "§ 66 AußStrG": ["BG.AußStrG:1242-1254", "BG.AußStrG.004:91-105", "§ 66 AußStrG # Revisionsrekursgründe"],
  "§ 67 AußStrG": ["BG.AußStrG:1260-1262", "BG.AußStrG.004:107-110", "§ 67 AußStrG # Zurückweisung des Revisionsrekurses"],
  "§ 68 AußStrG": ["BG.AußStrG:1268-1290", "BG.AußStrG.004:112-139", "§ 68 AußStrG # Revisionsrekursbeantwortung"],
  "§ 69 AußStrG": ["BG.AußStrG:1296-1304", "BG.AußStrG.004:141-153", "§ 69 AußStrG # Vorlage der Akten an den Obersten Gerichtshof"],
  "§ 70 AußStrG": ["BG.AußStrG:1310-1316", "BG.AußStrG.004:155-164", "§ 70 AußStrG # Entscheidung über den Revisionsrekurs"],
  "§ 71 AußStrG": ["BG.AußStrG:1322-1330", "BG.AußStrG.004:166-178", "§ 71 AußStrG # Verfahren vor dem Obersten Gerichtshof"],
  "084": "6. Abschnitt",
  "085": "Abänderungsantrag",
  "§ 72 AußStrG": ["BG.AußStrG:1336-1342", "BG.AußStrG.004:180-185", "§ 72 AußStrG # Zulässigkeit des Abänderungsantrags"],
  "§ 73 AußStrG": ["BG.AußStrG:1348-1366", "BG.AußStrG.004:187-208", "§ 73 AußStrG # Abänderungsantrag"],
  "§ 74 AußStrG": ["BG.AußStrG:1372-1390", "BG.AußStrG.004:210-233", "§ 74 AußStrG # Fristen für den Abänderungsantrag"],
  "§ 75 AußStrG": ["BG.AußStrG:1396-1406", "BG.AußStrG.004:235-247", "§ 75 AußStrG # Form und Inhalt des Abänderungsantrags"],
  "§ 76 AußStrG": ["BG.AußStrG:1412-1416", "BG.AußStrG.004:249-255", "§ 76 AußStrG # Zuständigkeit für das Abänderungsverfahren"],
  "§ 77 AußStrG": ["BG.AußStrG:1422-1428", "BG.AußStrG.004:257-266", "§ 77 AußStrG # Entscheidung über den Abänderungsantrag"],
  "092": "7. Abschnitt",
  "§ 78 AußStrG": ["BG.AußStrG:1434-1444", "BG.AußStrG.004:268-282", "§ 78 AußStrG # Kostenersatz"],
  "094": "8. Abschnitt",
  "095": "Durchsetzung von Entscheidungen",
  "§ 79 AußStrG": ["BG.AußStrG:1450-1468", "BG.AußStrG.004:284-302", "§ 79 AußStrG # Zwangsmittel im Verfahren"],
  "§ 80 AußStrG": ["BG.AußStrG:1474-1476", "BG.AußStrG.004:304-307", "§ 80 AußStrG # Exekution"],
  "098": "9. Abschnitt",
  "099": "Parteiantrag auf Prüfung der Gesetzmäßigkeit von Verordnungen und Kundmachungen über die Wiederverlautbarung eines Gesetzes (Staatsvertrages), der Verfassungsmäßigkeit von Gesetzen und der Rechtmäßigkeit von Staatsverträgen",
  "§ 80a AußStrG": ["BG.AußStrG:1482-1490", "BG.AußStrG.004:309-317", "§ 80a AußStrG"],
  "101": "II. Hauptstück",
  "102": "Verfahren in Ehe-, Kindschafts- und Erwachsenenschutzangelegenheiten",
  "103": "1. Abschnitt",
  "104": "Abstammung",
  "§ 81 AußStrG": ["BG.AußStrG:1496-1518", "BG.AußStrG.004:319-339", "§ 81 AußStrG # Anerkennung der Vaterschaft"],
  "§ 82 AußStrG": ["BG.AußStrG:1524-1530", "BG.AußStrG.004:341-350", "§ 82 AußStrG # Besondere Verfahrensbestimmungen in Abstammungsverfahren"],
  "§ 83 AußStrG": ["BG.AußStrG:1536-1546", "BG.AußStrG.004:352-367", "§ 83 AußStrG"],
  "§ 84 AußStrG": ["BG.AußStrG:1552-1564", "BG.AußStrG.004:369-384", "§ 84 AußStrG # Behandlung mehrerer Anträge"],
  "§ 85 AußStrG": ["BG.AußStrG:1570-1578", "BG.AußStrG.004:386-398", "§ 85 AußStrG # Mitwirkungspflichten"],
  "110": "2. Abschnitt",
  "111": "Annahme an Kindes statt",
  "§ 86 AußStrG": ["BG.AußStrG:1584-1596", "BG.AußStrG.005:15-29", "§ 86 AußStrG # Zustimmungserklärungen"],
  "§ 87 AußStrG": ["BG.AußStrG:1602-1608", "BG.AußStrG.005:31-40", "§ 87 AußStrG"],
  "§ 88 AußStrG": ["BG.AußStrG:1614-1622", "BG.AußStrG.005:42-54", "§ 88 AußStrG # Inkognitoadoption"],
  "§ 89 AußStrG": ["BG.AußStrG:1628-1642", "BG.AußStrG.005:56-72", "§ 89 AußStrG # Bewilligung"],
  "§ 90 AußStrG": ["BG.AußStrG:1648-1658", "BG.AußStrG.005:74-87", "§ 90 AußStrG # Besondere Verfahrensbestimmungen"],
  "§ 91 AußStrG": ["BG.AußStrG:1664-1666", "BG.AußStrG.005:89-92", "§ 91 AußStrG"],
  "118": "2a. Abschnitt",
  "119": "Anerkennung ausländischer Entscheidungen über die Annahme an Kindes statt",
  "§ 91a AußStrG": ["BG.AußStrG:1672-1690", "BG.AußStrG.005:94-113", "§ 91a AußStrG # Anerkennung und Verweigerungsgründe"],
  "§ 91b AußStrG": ["BG.AußStrG:1696-1704", "BG.AußStrG.005:115-127", "§ 91b AußStrG # Verfahren der Anerkennung"],
  "§ 91c AußStrG": ["BG.AußStrG:1710-1712", "BG.AußStrG.005:129-132", "§ 91c AußStrG # Antrag auf Nichtanerkennung"],
  "§ 91d AußStrG": ["BG.AußStrG:1718-1720", "BG.AußStrG.005:134-137", "§ 91d AußStrG # Vorrang des Völkerrechts"],
  "124": "4. Abschnitt",
  "125": "Eheangelegenheiten",
  "§ 93 AußStrG": ["BG.AußStrG:1726-1738", "BG.AußStrG.005:139-153", "§ 93 AußStrG # Besondere Verfahrensbestimmungen"],
  "§ 94 AußStrG": ["BG.AußStrG:1744-1750", "BG.AußStrG.005:155-164", "§ 94 AußStrG"],
  "§ 95 AußStrG": ["BG.AußStrG:1756-1764", "BG.AußStrG.005:166-178", "§ 95 AußStrG # Regelung der Scheidungsfolgen"],
  "§ 96 AußStrG": ["BG.AußStrG:1770-1786", "BG.AußStrG.005:180-201", "§ 96 AußStrG # Beschluss auf Scheidung"],
  "130": "5. Abschnitt",
  "131": "Anerkennung ausländischer Entscheidungen über den Bestand einer Ehe",
  "§ 97 AußStrG": ["BG.AußStrG:1792-1808", "BG.AußStrG.005:203-219", "§ 97 AußStrG # Anerkennung und Verweigerungsgründe"],
  "§ 98 AußStrG": ["BG.AußStrG:1814-1822", "BG.AußStrG.005:221-233", "§ 98 AußStrG # Verfahren der Anerkennung"],
  "§ 99 AußStrG": ["BG.AußStrG:1828-1830", "BG.AußStrG.005:235-238", "§ 99 AußStrG # Antrag auf Nichtanerkennung"],
  "§ 100 AußStrG": ["BG.AußStrG:1836-1838", "BG.AußStrG.005:240-243", "§ 100 AußStrG # Vorrang des Völkerrechts"],
  "136": "6. Abschnitt",
  "137": "Unterhalt",
  "§ 101 AußStrG": ["BG.AußStrG:1844-1858", "BG.AußStrG.005:245-262", "§ 101 AußStrG # Besondere Verfahrensbestimmungen"],
  "§ 102 AußStrG": ["BG.AußStrG:1864-1872", "BG.AußStrG.005:264-276", "§ 102 AußStrG # Auskunftspflichten"],
  "§ 103 AußStrG": ["BG.AußStrG:1878-1880", "BG.AußStrG.005:278-281", "§ 103 AußStrG"],
  "141": "Siebenter Abschnitt",
  "142": "Regelung der Obsorge und der persönlichen Kontakte",
  "§ 104 AußStrG": ["BG.AußStrG:1886-1896", "BG.AußStrG.006:15-26", "§ 104 AußStrG # Besondere Verfahrensfähigkeit Minderjähriger"],
  "§ 104a AußStrG": ["BG.AußStrG:1902-1914", "BG.AußStrG.006:28-46", "§ 104a AußStrG # Kinderbeistand"],
  "§ 105 AußStrG": ["BG.AußStrG:1920-1924", "BG.AußStrG.006:48-54", "§ 105 AußStrG # Befragung Minderjähriger"],
  "§ 106 AußStrG": ["BG.AußStrG:1930-1932", "BG.AußStrG.006:56-59", "§ 106 AußStrG # Befragung des Kinder- und Jugendhilfeträgers"],
  "§ 106a AußStrG": ["BG.AußStrG:1938-1946", "BG.AußStrG.006:61-73", "§ 106a AußStrG # Familiengerichtshilfe"],
  "§ 106b AußStrG": ["BG.AußStrG:1952-1954", "BG.AußStrG.006:75-78", "§ 106b AußStrG"],
  "§ 106c AußStrG": ["BG.AußStrG:1960-1966", "BG.AußStrG.006:80-89", "§ 106c AußStrG"],
  "§ 107 AußStrG": ["BG.AußStrG:1972-2002", "BG.AußStrG.006:91-126", "§ 107 AußStrG # Besondere Verfahrensbestimmungen"],
  "§ 107a AußStrG": ["BG.AußStrG:2008-2012", "BG.AußStrG.006:128-134", "§ 107a AußStrG # Besondere Entscheidungen bei vom Kinder- und Jugendhilfeträger gesetzten Maßnahmen"],
  "§ 108 AußStrG": ["BG.AußStrG:2018-2020", "BG.AußStrG.006:136-139", "§ 108 AußStrG # Besondere Entscheidungen im Verfahren über das Recht auf persönliche Kontakte"],
  "§ 109 AußStrG": ["BG.AußStrG:2026-2032", "BG.AußStrG.006:141-150", "§ 109 AußStrG # Vereinbarungen über Obsorge und persönliche Kontakte"],
  "§ 110 AußStrG": ["BG.AußStrG:2038-2052", "BG.AußStrG.006:152-170", "§ 110 AußStrG # Durchsetzung von Regelungen der Obsorge oder des Rechts auf persönliche Kontakte"],
  "§ 111 AußStrG": ["BG.AußStrG:2058-2060", "BG.AußStrG.006:172-175", "§ 111 AußStrG # Besuchsbegleitung"],
  "156": "7a. Abschnitt",
  "157": "Verfahren nach dem Haager Kindesentführungsübereinkommen",
  "§ 111a AußStrG": ["BG.AußStrG:2066-2076", "BG.AußStrG.006:177-188", "§ 111a AußStrG # Anträge in das Ausland"],
  "§ 111b AußStrG": ["BG.AußStrG:2082-2088", "BG.AußStrG.006:190-199", "§ 111b AußStrG"],
  "§ 111c AußStrG": ["BG.AußStrG:2094-2110", "BG.AußStrG.006:201-225", "§ 111c AußStrG # Anträge aus dem Ausland"],
  "§ 111d AußStrG": ["BG.AußStrG:2116-2120", "BG.AußStrG.006:227-233", "§ 111d AußStrG"],
  "§ 111e AußStrG": ["BG.AußStrG:2126-2128", "BG.AußStrG.006:235-238", "§ 111e AußStrG"],
  "§ 111f AußStrG": ["BG.AußStrG:2134-2136", "BG.AußStrG.006:240-243", "§ 111f AußStrG"],
  "164": "8. Abschnitt",
  "165": "Vollstreckbarerklärung ausländischer Entscheidungen über die Regelung der Obsorge und das Recht auf persönlichen Verkehr",
  "§ 112 AußStrG": ["BG.AußStrG:2142-2150", "BG.AußStrG.006:245-253", "§ 112 AußStrG # Vollstreckbarerklärung"],
  "§ 113 AußStrG": ["BG.AußStrG:2156-2168", "BG.AußStrG.006:255-269", "§ 113 AußStrG # Verweigerungsgründe"],
  "§ 114 AußStrG": ["BG.AußStrG:2174-2186", "BG.AußStrG.006:271-289", "§ 114 AußStrG # Verfahren der Vollstreckbarerklärung"],
  "§ 115 AußStrG": ["BG.AußStrG:2192-2194", "BG.AußStrG.006:291-294", "§ 115 AußStrG # Anerkennung"],
  "§ 116 AußStrG": ["BG.AußStrG:2200-2202", "BG.AußStrG.006:296-299", "§ 116 AußStrG # Vorrang des Völkerrechts"],
  "171": "9. Abschnitt",
  "172": "Erwachsenenschutzverfahren",
  "§ 116a AußStrG": ["BG.AußStrG:2208-2220", "BG.AußStrG.006:301-315", "§ 116a AußStrG # I. Verfahrensrechte der betroffenen Person"],
  "174": "II. Bestellung eines gerichtlichen Erwachsenenvertreters",
  "§ 117 AußStrG": ["BG.AußStrG:2226-2232", "BG.AußStrG.007:15-23", "§ 117 AußStrG # Verfahrenseinleitung"],
  "§ 117a AußStrG": ["BG.AußStrG:2238-2242", "BG.AußStrG.007:25-31", "§ 117a AußStrG # Befassung des Erwachsenenschutzvereins"],
  "§ 118 AußStrG": ["BG.AußStrG:2248-2256", "BG.AußStrG.007:33-45", "§ 118 AußStrG # Erstanhörung"],
  "§ 119 AußStrG": ["BG.AußStrG:2262-2264", "BG.AußStrG.007:47-50", "§ 119 AußStrG # Rechtsbeistand im Verfahren"],
  "§ 120 AußStrG": ["BG.AußStrG:2270-2276", "BG.AußStrG.007:52-61", "§ 120 AußStrG # Einstweiliger Erwachsenenvertreter"],
  "§ 120a AußStrG": ["BG.AußStrG:2282-2284", "BG.AußStrG.007:63-66", "§ 120a AußStrG # Sachverständigengutachten"],
  "§ 121 AußStrG": ["BG.AußStrG:2290-2302", "BG.AußStrG.007:68-86", "§ 121 AußStrG # Mündliche Verhandlung"],
  "§ 122 AußStrG": ["BG.AußStrG:2308-2320", "BG.AußStrG.007:88-104", "§ 122 AußStrG # Einstellung"],
  "§ 123 AußStrG": ["BG.AußStrG:2326-2342", "BG.AußStrG.007:106-125", "§ 123 AußStrG # Bestellung"],
  "§ 124 AußStrG": ["BG.AußStrG:2348-2350", "BG.AußStrG.007:127-130", "§ 124 AußStrG # Kosten"],
  "§ 125 AußStrG": ["BG.AußStrG:2356-2358", "BG.AußStrG.007:132-135", "§ 125 AußStrG # Wirksamwerden der Bestellung eines Erwachsenenvertreters"],
  "§ 126 AußStrG": ["BG.AußStrG:2364-2368", "BG.AußStrG.007:137-143", "§ 126 AußStrG # Verständigungspflichten"],
  "§ 127 AußStrG": ["BG.AußStrG:2374-2382", "BG.AußStrG.007:145-157", "§ 127 AußStrG # Angehörige"],
  "§ 128 AußStrG": ["BG.AußStrG:2388-2404", "BG.AußStrG.007:159-180", "§ 128 AußStrG # III. Änderung, Übertragung, Erneuerung und Beendigung der gerichtlichen Erwachsenenvertretung"],
  "§ 129 AußStrG": ["BG.AußStrG:2410-2412", "BG.AußStrG.007:182-185", "§ 129 AußStrG # IV. Anordnung oder Aufhebung eines Genehmigungsvorbehalts"],
  "§ 130 AußStrG": ["BG.AußStrG:2418-2424", "BG.AußStrG.007:187-196", "§ 130 AußStrG # V. Berichtspflicht und Auskunftsrechte"],
  "§ 131 AußStrG": ["BG.AußStrG:2430-2446", "BG.AußStrG.007:198-217", "§ 131 AußStrG # VI. Gerichtliche Kontrolle von Rechtshandlungen in der Personensorge"],
  "192": "9a. Abschnitt",
  "193": "Anerkennung, Vollstreckbarerklärung und Vollstreckung ausländischer Entscheidungen zum Schutz der Person oder des Vermögens Erwachsener",
  "§ 131a AußStrG": ["BG.AußStrG:2452-2470", "BG.AußStrG.007:219-236", "§ 131a AußStrG # Anwendungsbereich"],
  "§ 131b AußStrG": ["BG.AußStrG:2476-2492", "BG.AußStrG.007:238-258", "§ 131b AußStrG # Voraussetzungen der Anerkennung und Anerkennungsverweigerungsgründe"],
  "§ 131c AußStrG": ["BG.AußStrG:2498-2510", "BG.AußStrG.007:260-278", "§ 131c AußStrG # Verfahren der Anerkennung"],
  "§ 131d AußStrG": ["BG.AußStrG:2516-2518", "BG.AußStrG.007:280-283", "§ 131d AußStrG # Antrag auf Nichtanerkennung"],
  "§ 131e AußStrG": ["BG.AußStrG:2524-2530", "BG.AußStrG.007:285-294", "§ 131e AußStrG # Vollstreckbarerklärung"],
  "§ 131f AußStrG": ["BG.AußStrG:2536-2542", "BG.AußStrG.007:296-305", "§ 131f AußStrG # Verfahren der Vollstreckbarerklärung"],
  "§ 131g AußStrG": ["BG.AußStrG:2548-2554", "BG.AußStrG.007:307-316", "§ 131g AußStrG # Durchsetzung ausländischer Maßnahmen zum Schutz eines Erwachsenen"],
  "201": "10. Abschnitt",
  "202": "Vermögensrechte von Personen unter gesetzlicher Vertretung",
  "§ 132 AußStrG": ["BG.AußStrG:2560-2568", "BG.AußStrG.008:15-23", "§ 132 AußStrG # Genehmigung von Rechtshandlungen in der Vermögenssorge"],
  "§ 133 AußStrG": ["BG.AußStrG:2574-2582", "BG.AußStrG.008:25-37", "§ 133 AußStrG # Aufsicht über die Verwaltung des Vermögens"],
  "§ 134 AußStrG": ["BG.AußStrG:2588-2590", "BG.AußStrG.008:39-42", "§ 134 AußStrG # Pflegschaftsrechnung"],
  "§ 135 AußStrG": ["BG.AußStrG:2596-2604", "BG.AußStrG.008:44-56", "§ 135 AußStrG"],
  "§ 136 AußStrG": ["BG.AußStrG:2610-2616", "BG.AußStrG.008:58-67", "§ 136 AußStrG # Inhalt und Beilagen der Rechnung"],
  "§ 137 AußStrG": ["BG.AußStrG:2622-2628", "BG.AußStrG.008:69-78", "§ 137 AußStrG # Bestätigung der Rechnung, Entschädigung"],
  "§ 138 AußStrG": ["BG.AußStrG:2634-2640", "BG.AußStrG.008:80-89", "§ 138 AußStrG # Beendigung der Vermögensverwaltung, Schlussrechnung"],
  "§ 139 AußStrG": ["BG.AußStrG:2646-2650", "BG.AußStrG.008:91-97", "§ 139 AußStrG # Besondere Verfahrensbestimmungen"],
  "211": "11. Abschnitt",
  "212": "Sonstige Bestimmungen",
  "§ 140 AußStrG": ["BG.AußStrG:2656-2666", "BG.AußStrG.008:99-110", "§ 140 AußStrG # Schutz des Privat- und Familienlebens"],
  "§ 141 AußStrG": ["BG.AußStrG:2672-2682", "BG.AußStrG.008:112-123", "§ 141 AußStrG # Vertraulichkeit der Daten"],
  "§ 142 AußStrG": ["BG.AußStrG:2688-2690", "BG.AußStrG.008:125-128", "§ 142 AußStrG # Bevollmächtigung"],
  "216": "III. Hauptstück",
  "217": "Verlassenschaftsverfahren",
  "218": "1. Abschnitt",
  "219": "Vorverfahren",
  "§ 143 AußStrG": ["BG.AußStrG:2696-2708", "BG.AußStrG.008:130-138", "§ 143 AußStrG # Einleitung des Verfahrens"],
  "§ 144 AußStrG": ["BG.AußStrG:2714-2720", "BG.AußStrG.008:140-149", "§ 144 AußStrG # Eingaben"],
  "§ 145 AußStrG": ["BG.AußStrG:2726-2744", "BG.AußStrG.008:151-170", "§ 145 AußStrG # Todesfallaufnahme"],
  "§ 145a AußStrG": ["BG.AußStrG:2750-2760", "BG.AußStrG.008:172-185", "§ 145a AußStrG # Erhebungen und Registereintragungen"],
  "§ 146 AußStrG": ["BG.AußStrG:2766-2774", "BG.AußStrG.008:187-199", "§ 146 AußStrG"],
  "§ 147 AußStrG": ["BG.AußStrG:2780-2788", "BG.AußStrG.008:201-213", "§ 147 AußStrG # Sicherung der Verlassenschaft"],
  "§ 148 AußStrG": ["BG.AußStrG:2794-2798", "BG.AußStrG.008:215-221", "§ 148 AußStrG # Freigabe"],
  "§ 149 AußStrG": ["BG.AußStrG:2804-2806", "BG.AußStrG.008:223-226", "§ 149 AußStrG # Sperren"],
  "§ 150 AußStrG": ["BG.AußStrG:2812-2814", "BG.AußStrG.008:228-231", "§ 150 AußStrG # Ausfolgungsverfahren"],
  "§ 151 AußStrG": ["BG.AußStrG:2820-2822", "BG.AußStrG.008:233-236", "§ 151 AußStrG # Übermittlung und Übernahme letztwilliger Verfügungen"],
  "§ 152 AußStrG": ["BG.AußStrG:2828-2836", "BG.AußStrG.008:238-250", "§ 152 AußStrG"],
  "§ 153 AußStrG": ["BG.AußStrG:2842-2846", "BG.AußStrG.008:252-258", "§ 153 AußStrG # Unterbleiben der Abhandlung"],
  "§ 154 AußStrG": ["BG.AußStrG:2852-2862", "BG.AußStrG.008:260-272", "§ 154 AußStrG # Überlassung an Zahlungs statt"],
  "§ 155 AußStrG": ["BG.AußStrG:2868-2882", "BG.AußStrG.008:274-291", "§ 155 AußStrG"],
  "234": "2. Abschnitt",
  "235": "Verlassenschaftsabhandlung",
  "§ 156 AußStrG": ["BG.AußStrG:2888-2898", "BG.AußStrG.009:15-26", "§ 156 AußStrG # Vertretungsvorsorge"],
  "§ 157 AußStrG": ["BG.AußStrG:2904-2912", "BG.AußStrG.009:28-40", "§ 157 AußStrG # Erbantrittserklärung"],
  "§ 158 AußStrG": ["BG.AußStrG:2918-2922", "BG.AußStrG.009:42-48", "§ 158 AußStrG # Unbekannte Erben und Pflichtteilsberechtigte"],
  "§ 159 AußStrG": ["BG.AußStrG:2928-2942", "BG.AußStrG.009:50-67", "§ 159 AußStrG"],
  "§ 160 AußStrG": ["BG.AußStrG:2948-2950", "BG.AußStrG.009:69-72", "§ 160 AußStrG # Widersprechende Erbantrittserklärungen"],
  "§ 160a AußStrG": ["BG.AußStrG:2956-2958", "BG.AußStrG.009:74-77", "§ 160a AußStrG # Einwände mit Bezug auf die in einer öffentlichen Urkunde beurkundeten Rechtsgeschäfte oder Rechtsverhältnisse und Bestreitung des Erbrechts bei fremdem Erbstatut"],
  "§ 161 AußStrG": ["BG.AußStrG:2964-2968", "BG.AußStrG.009:79-85", "§ 161 AußStrG # Entscheidung über das Erbrecht"],
  "§ 162 AußStrG": ["BG.AußStrG:2974-2976", "BG.AußStrG.009:87-90", "§ 162 AußStrG"],
  "§ 163 AußStrG": ["BG.AußStrG:2982-2986", "BG.AußStrG.009:92-98", "§ 163 AußStrG"],
  "§ 164 AußStrG": ["BG.AußStrG:2992-2994", "BG.AußStrG.009:100-103", "§ 164 AußStrG"],
  "§ 165 AußStrG": ["BG.AußStrG:3000-3018", "BG.AußStrG.009:105-125", "§ 165 AußStrG # Inventar"],
  "§ 166 AußStrG": ["BG.AußStrG:3024-3030", "BG.AußStrG.009:127-136", "§ 166 AußStrG"],
  "§ 167 AußStrG": ["BG.AußStrG:3036-3042", "BG.AußStrG.009:138-147", "§ 167 AußStrG"],
  "§ 168 AußStrG": ["BG.AußStrG:3048-3054", "BG.AußStrG.009:149-158", "§ 168 AußStrG # Verfahren zur Errichtung des Inventars"],
  "§ 169 AußStrG": ["BG.AußStrG:3060-3062", "BG.AußStrG.009:160-163", "§ 169 AußStrG"],
  "§ 170 AußStrG": ["BG.AußStrG:3068-3070", "BG.AußStrG.009:165-168", "§ 170 AußStrG # Vermögenserklärung"],
  "§ 171 AußStrG": ["BG.AußStrG:3076-3078", "BG.AußStrG.009:170-173", "§ 171 AußStrG # Benützung, Verwaltung und Vertretung der Verlassenschaft"],
  "§ 172 AußStrG": ["BG.AußStrG:3084-3086", "BG.AußStrG.009:175-178", "§ 172 AußStrG"],
  "§ 173 AußStrG": ["BG.AußStrG:3092-3096", "BG.AußStrG.009:180-186", "§ 173 AußStrG"],
  "§ 174 AußStrG": ["BG.AußStrG:3102-3106", "BG.AußStrG.009:188-194", "§ 174 AußStrG # Rechte der Gläubiger"],
  "§ 174a AußStrG": ["BG.AußStrG:3112-3114", "BG.AußStrG.009:196-199", "§ 174a AußStrG # Pflegeleistungen"],
  "§ 175 AußStrG": ["BG.AußStrG:3120-3122", "BG.AußStrG.009:201-204", "§ 175 AußStrG"],
  "§ 176 AußStrG": ["BG.AußStrG:3128-3134", "BG.AußStrG.009:206-215", "§ 176 AußStrG # Zur Einantwortung erforderliche Nachweise"],
  "§ 177 AußStrG": ["BG.AußStrG:3140-3142", "BG.AußStrG.009:217-220", "§ 177 AußStrG # Einantwortung"],
  "§ 178 AußStrG": ["BG.AußStrG:3148-3174", "BG.AußStrG.009:222-255", "§ 178 AußStrG"],
  "§ 179 AußStrG": ["BG.AußStrG:3180-3182", "BG.AußStrG.009:257-260", "§ 179 AußStrG"],
  "§ 180 AußStrG": ["BG.AußStrG:3188-3192", "BG.AußStrG.009:262-268", "§ 180 AußStrG"],
  "§ 181 AußStrG": ["BG.AußStrG:3198-3204", "BG.AußStrG.009:270-279", "§ 181 AußStrG # Übereinkommen über die Erbteilung, die Pflegeleistungen und die Stundung des Pflichtteils"],
  "§ 181a AußStrG": ["BG.AußStrG:3210-3212", "BG.AußStrG.009:281-284", "§ 181a AußStrG # Verfahren bei ausländischem Erbstatut"],
  "§ 181b AußStrG": ["BG.AußStrG:3218-3222", "BG.AußStrG.009:286-292", "§ 181b AußStrG # Europäisches Nachlasszeugnis"],
  "266": "3. Abschnitt",
  "267": "Verfahren außerhalb der Abhandlung",
  "§ 182 AußStrG": ["BG.AußStrG:3228-3240", "BG.AußStrG.009:294-308", "§ 182 AußStrG # Verfahren nach Rechtskraft der Einantwortung"],
  "§ 182a AußStrG": ["BG.AußStrG:3246-3248", "BG.AußStrG.009:310-313", "§ 182a AußStrG # Verfahren zur Anpassung eines ausländischen Erbrechtstitels"],
  "§ 183 AußStrG": ["BG.AußStrG:3254-3262", "BG.AußStrG.009:315-327", "§ 183 AußStrG # Änderungen der Abhandlungsgrundlagen"],
  "§ 184 AußStrG": ["BG.AußStrG:3268-3274", "BG.AußStrG.009:329-338", "§ 184 AußStrG # Erblose Verlassenschaft"],
  "§ 184a AußStrG": ["BG.AußStrG:3280-3282", "BG.AußStrG.009:340-343", "§ 184a AußStrG # Anerkennung von Entscheidungen nach der EuErbVO"],
  "§ 185 AußStrG": ["BG.AußStrG:3288-3290", "BG.AußStrG.009:345-348", "§ 185 AußStrG # Allgemeine Anordnungen"],
  "274": "IV. Hauptstück",
  "275": "Beurkundungen",
  "§ 186 AußStrG": ["BG.AußStrG:3296-3304", "BG.AußStrG.010:15-23", "§ 186 AußStrG # Amtsbestätigungen, Zeugnisse"],
  "§ 187 AußStrG": ["BG.AußStrG:3310-3338", "BG.AußStrG.010:25-57", "§ 187 AußStrG # Beglaubigung von Abschriften und Ausdrucken"],
  "§ 188 AußStrG": ["BG.AußStrG:3344-3372", "BG.AußStrG.010:59-94", "§ 188 AußStrG # Beglaubigung von Unterschriften"],
  "§ 189 AußStrG": ["BG.AußStrG:3378-3380", "BG.AußStrG.010:96-99", "§ 189 AußStrG # Überbeglaubigung"],
  "§ 190 AußStrG": ["BG.AußStrG:3386-3390", "BG.AußStrG.010:101-107", "§ 190 AußStrG # Beglaubigung von Übersetzungen"],
  "§ 191 AußStrG": ["BG.AußStrG:3396-3398", "BG.AußStrG.010:109-112", "§ 191 AußStrG # Einwände gegen die Authentizität einer öffentlichen Urkunde in Verlassenschaftssachen"],
  "282": "VI. Hauptstück",
  "283": "Schluss- und Übergangsbestimmungen",
  "§ 199 AußStrG": ["BG.AußStrG:3404-3412", "BG.AußStrG.010:114-122", "§ 199 AußStrG # In-Kraft-Treten"],
  "§ 200 AußStrG": ["BG.AußStrG:3418-3434", "BG.AußStrG.010:124-142", "§ 200 AußStrG # Aufhebung von Rechtsvorschriften"],
  "§ 201 AußStrG": ["BG.AußStrG:3440-3442", "BG.AußStrG.010:144-147", "§ 201 AußStrG # Verweise"],
  "§ 202 AußStrG": ["BG.AußStrG:3448-3450", "BG.AußStrG.010:149-152", "§ 202 AußStrG # Übergangsbestimmungen"],
  "§ 203 AußStrG": ["BG.AußStrG:3456-3476", "BG.AußStrG.010:154-184", "§ 203 AußStrG"],
  "§ 204 AußStrG": ["BG.AußStrG:3482-3498", "BG.AußStrG.010:186-210", "§ 204 AußStrG"],
  "§ 205 AußStrG": ["BG.AußStrG:3504-3506", "BG.AußStrG.010:212-215", "§ 205 AußStrG"],
  "§ 206 AußStrG": ["BG.AußStrG:3512-3514", "BG.AußStrG.010:217-220", "§ 206 AußStrG"],
  "§ 207 AußStrG": ["BG.AußStrG:3520-3522", "BG.AußStrG.010:222-225", "§ 207 AußStrG"],
  "§ 207a AußStrG": ["BG.AußStrG:3528-3530", "BG.AußStrG.010:227-230", "§ 207a AußStrG # Übergangsbestimmung zum Bundesgesetz BGBl. I Nr. 8/2006"],
  "§ 207b AußStrG": ["BG.AußStrG:3536-3538", "BG.AußStrG.010:232-235", "§ 207b AußStrG # Übergangsbestimmung zum Bundesgesetz BGBl. I Nr. 164/2005"],
  "§ 207c AußStrG": ["BG.AußStrG:3544-3546", "BG.AußStrG.010:237-240", "§ 207c AußStrG # Inkrafttreten und Übergangsbestimmung zum Bundesgesetz BGBl. I Nr. 30/2009"],
  "§ 207d AußStrG": ["BG.AußStrG:3552-3554", "BG.AußStrG.010:242-245", "§ 207d AußStrG # Inkrafttreten und Übergangsbestimmung zum Bundesgesetz BGBl. I Nr. 40/2009"],
  "§ 207e AußStrG": ["BG.AußStrG:3560-3562", "BG.AußStrG.010:247-250", "§ 207e AußStrG # Inkrafttreten und Übergangsbestimmung zum Bundesgesetz BGBl. I Nr. 75/2009"],
  "§ 207f AußStrG": ["BG.AußStrG:3568-3570", "BG.AußStrG.010:252-255", "§ 207f AußStrG # Inkrafttreten und Übergangsbestimmung zum Bundesgesetz BGBl. I Nr. 137/2009"],
  "§ 207g AußStrG": ["BG.AußStrG:3576-3578", "BG.AußStrG.010:257-260", "§ 207g AußStrG # Inkrafttreten des Bundesgesetzes BGBl. I Nr. 58/2010"],
  "§ 207h AußStrG": ["BG.AußStrG:3584-3586", "BG.AußStrG.010:262-265", "§ 207h AußStrG # Inkrafttreten und Übergangsbestimmung zum Bundesgesetz BGBl. I Nr. 111/2010"],
  "§ 207i AußStrG": ["BG.AußStrG:3592-3598", "BG.AußStrG.010:267-276", "§ 207i AußStrG # Inkrafttreten und Übergangsbestimmung zum Bundesgesetz BGBl. I Nr. 15/2013"],
  "§ 207j AußStrG": ["BG.AußStrG:3604-3606", "BG.AußStrG.010:278-281", "§ 207j AußStrG # Inkrafttreten und Übergangsbestimmung zum Bundesgesetz BGBl. I Nr. 158/2013"],
  "§ 207k AußStrG": ["BG.AußStrG:3612-3618", "BG.AußStrG.010:283-292", "§ 207k AußStrG # Inkrafttreten und Übergangsbestimmung zum Bundesgesetz BGBl. I Nr. 87/2015"],
  "§ 207l AußStrG": ["BG.AußStrG:3624-3626", "BG.AußStrG.010:294-297", "§ 207l AußStrG # Inkrafttreten des Bundesgesetzes BGBl. I Nr. 50/2016"],
  "§ 207m AußStrG": ["BG.AußStrG:3632-3640", "BG.AußStrG.010:299-311", "§ 207m AußStrG # Inkrafttreten und Übergangsbestimmung zum Bundesgesetz BGBl. I Nr. 59/2017"],
  "§ 207n AußStrG": ["BG.AußStrG:3646-3648", "BG.AußStrG.010:313-316", "§ 207n AußStrG # Inkrafttreten und Übergangsbestimmung zum Bundesgesetz BGBl. I Nr. 130/2017"],
  "§ 207o AußStrG": ["BG.AußStrG:3654-3656", "BG.AußStrG.010:318-321", "§ 207o AußStrG # Inkrafttreten und Übergangsbestimmung zum Bundesgesetz BGBl. I Nr. 58/2018"],
  "§ 207p AußStrG": ["BG.AußStrG:3662-3664", "BG.AußStrG.010:323-326", "§ 207p AußStrG # Inkrafttreten des Bundesgesetzes BGBl. I Nr. 147/2022"],
  "§ 207q AußStrG": ["BG.AußStrG:3670-3672", "BG.AußStrG.010:328-331", "§ 207q AußStrG # Inkrafttreten des Bundesgesetzes BGBl. I Nr. 77/2023"],
  "§ 207r AußStrG": ["BG.AußStrG:3678-3680", "BG.AußStrG.010:333-336", "§ 207r AußStrG # Inkrafttreten des Bundesgesetzes BGBl. I Nr. 91/2024"],
  "§ 207s AußStrG": ["BG.AußStrG:3686-3688", "BG.AußStrG.010:338-341", "§ 207s AußStrG # Inkrafttreten und Übergangsbestimmung zum Bundesgesetz BGBl. I Nr. 25/2025"],
  "§ 208 AußStrG": ["BG.AußStrG:3694-3696", "BG.AußStrG.010:343-346", "§ 208 AußStrG # Vollziehung"]
}
