{
  "000": "Artikel V",
  "001": "Überleitung der Universitäts(Hochschul)professoren",
  "Art. 5 BDG": ["BG.BDG:695-705", "BG.BDG.001:17-28", "Art. 5 BDG # (Anm.: aus BGBl. Nr. 148/1988, zu §§ 154, 163 und 164 des BDG, BGBl. Nr. 333/1979)"],
  "003": "Überleitung der Lehrer und der Beamten des wissenschaftlichen Dienstes",
  "Art. 7 BDG": ["BG.BDG:711-731", "BG.BDG.001:30-54", "Art. 7 BDG # Artikel VII # (Anm.: aus BGBl. Nr. 148/1988, zu §§ 137a, 190 und 194, BGBl. Nr. 333/1979)"],
  "005": "ALLGEMEINER TEIL",
  "006": "1. Abschnitt",
  "007": "ANWENDUNGSBEREICH",
  "§ 1 BDG": ["BG.BDG:737-749", "BG.BDG.001:56-67", "§ 1 BDG"],
  "§ 1a BDG": ["BG.BDG:755-757", "BG.BDG.001:69-72", "§ 1a BDG"],
  "010": "2. Abschnitt",
  "011": "DIENSTVERHÄLTNIS",
  "012": "Ernennung",
  "§ 2 BDG": ["BG.BDG:763-793", "BG.BDG.001:74-105", "§ 2 BDG # Begriff"],
  "§ 3 BDG": ["BG.BDG:799-807", "BG.BDG.001:107-117", "§ 3 BDG # Besetzung von Planstellen"],
  "§ 4 BDG": ["BG.BDG:813-834", "BG.BDG.001:119-146", "§ 4 BDG # Ernennungserfordernisse"],
  "§ 5 BDG": ["BG.BDG:840-846", "BG.BDG.001:148-157", "§ 5 BDG # Ernennungsbescheid"],
  "§ 5a BDG": ["BG.BDG:852-890", "BG.BDG.001:159-201", "§ 5a BDG # Informationen zum Dienstverhältnis"],
  "§ 6 BDG": ["BG.BDG:896-902", "BG.BDG.001:203-212", "§ 6 BDG # Begründung des Dienstverhältnisses"],
  "§ 7 BDG": ["BG.BDG:908-912", "BG.BDG.001:214-220", "§ 7 BDG # Angelobung"],
  "§ 8 BDG": ["BG.BDG:918-924", "BG.BDG.001:222-231", "§ 8 BDG # Ernennung im Dienstverhältnis"],
  "§ 9 BDG": ["BG.BDG:930-952", "BG.BDG.001:233-258", "§ 9 BDG # Personalverzeichnis"],
  "§ 10 BDG": ["BG.BDG:958-1009", "BG.BDG.001:260-317", "§ 10 BDG # Provisorisches Dienstverhältnis"],
  "§ 11 BDG": ["BG.BDG:1015-1047", "BG.BDG.001:319-355", "§ 11 BDG # Definitives Dienstverhältnis"],
  "§ 12 BDG": ["BG.BDG:1053-1084", "BG.BDG.001:357-392", "§ 12 BDG"],
  "025": "Übertritt und Versetzung in den Ruhestand",
  "§ 13 BDG": ["BG.BDG:1090-1096", "BG.BDG.002:15-23", "§ 13 BDG # Übertritt in den Ruhestand"],
  "§ 14 BDG": ["BG.BDG:1102-1126", "BG.BDG.002:25-56", "§ 14 BDG # Versetzung in den Ruhestand wegen Dienstunfähigkeit"],
  "§ 14a BDG": ["BG.BDG:1132-1134", "BG.BDG.002:58-61", "§ 14a BDG # Konkurrenz von Verfahren nach § 14 und nach §§ 38 oder 40 Abs. 2"],
  "§ 15b BDG": ["BG.BDG:1140-1152", "BG.BDG.002:63-81", "§ 15b BDG # Versetzung in den Ruhestand durch Erklärung bei Vorliegen von Schwerarbeitszeiten („Schwerarbeitspension“)"],
  "§ 15c BDG": ["BG.BDG:1158-1164", "BG.BDG.002:83-92", "§ 15c BDG # Versetzung in den Ruhestand durch Erklärung („Korridorpension“)"],
  "§ 16 BDG": ["BG.BDG:1170-1176", "BG.BDG.002:94-103", "§ 16 BDG # Wiederaufnahme in den Dienststand"],
  "§ 17 BDG": ["BG.BDG:1182-1202", "BG.BDG.002:105-131", "§ 17 BDG # Dienstfreistellung und Außerdienststellung wegen Ausübung des Mandates im Nationalrat, im Bundesrat oder in einem Landtag"],
  "§ 18 BDG": ["BG.BDG:1208-1210", "BG.BDG.002:133-136", "§ 18 BDG"],
  "§ 19 BDG": ["BG.BDG:1216-1228", "BG.BDG.002:138-152", "§ 19 BDG"],
  "§ 20 BDG": ["BG.BDG:1234-1314", "BG.BDG.002:154-244", "§ 20 BDG # Auflösung des Dienstverhältnisses"],
  "§ 21 BDG": ["BG.BDG:1320-1336", "BG.BDG.002:246-265", "§ 21 BDG # Austritt"],
  "§ 22 BDG": ["BG.BDG:1342-1344", "BG.BDG.002:267-270", "§ 22 BDG # Entlassung wegen mangelnden Arbeitserfolges"],
  "§ 22a BDG": ["BG.BDG:1350-1352", "BG.BDG.002:272-275", "§ 22a BDG # Zeugnis"],
  "039": "3. Abschnitt",
  "040": "DIENSTLICHE AUSBILDUNG ALS MASSNAHME DER PERSONAL- UND VERWALTUNGSENTWICKLUNG",
  "041": "1. Unterabschnitt",
  "042": "Allgemeines",
  "§ 23 BDG": ["BG.BDG:1358-1372", "BG.BDG.002:277-288", "§ 23 BDG # Ziele der dienstlichen Ausbildung"],
  "§ 24 BDG": ["BG.BDG:1378-1390", "BG.BDG.002:290-305", "§ 24 BDG # Ausbildungsarten und Formen der dienstlichen Ausbildung"],
  "045": "2. Unterabschnitt",
  "046": "Grundausbildung",
  "§ 25 BDG": ["BG.BDG:1396-1404", "BG.BDG.003:15-23", "§ 25 BDG # Grundsätzliche Bestimmungen"],
  "§ 26 BDG": ["BG.BDG:1410-1424", "BG.BDG.003:25-41", "§ 26 BDG # Grundausbildungsverordnung"],
  "§ 27 BDG": ["BG.BDG:1430-1440", "BG.BDG.003:43-54", "§ 27 BDG # Zuweisung zur Grundausbildung"],
  "§ 28 BDG": ["BG.BDG:1446-1468", "BG.BDG.003:56-81", "§ 28 BDG # Dienstprüfung"],
  "§ 29 BDG": ["BG.BDG:1474-1496", "BG.BDG.003:83-114", "§ 29 BDG # Prüfungsorgane"],
  "§ 30 BDG": ["BG.BDG:1502-1504", "BG.BDG.003:116-119", "§ 30 BDG # Anrechnung auf die Grundausbildung"],
  "§ 31 BDG": ["BG.BDG:1510-1530", "BG.BDG.003:121-148", "§ 31 BDG # Prüfungsverfahren"],
  "054": "3. Unterabschnitt",
  "055": "Management-Training und Mitarbeiterqualifizierung",
  "§ 32 BDG": ["BG.BDG:1536-1580", "BG.BDG.003:150-198", "§ 32 BDG # Management-Training"],
  "§ 33 BDG": ["BG.BDG:1586-1590", "BG.BDG.003:200-206", "§ 33 BDG # Sonstige dienstliche Weiterbildung und Mitarbeiterqualifizierung"],
  "058": "4. Unterabschnitt",
  "059": "Verwaltungsakademie des Bundes",
  "§ 34 BDG": ["BG.BDG:1596-1610", "BG.BDG.003:208-225", "§ 34 BDG # Aufgabenbereich"],
  "§ 35 BDG": ["BG.BDG:1616-1618", "BG.BDG.003:227-230", "§ 35 BDG # Planungskonferenz der Verwaltungsakademie"],
  "062": "4. Abschnitt",
  "063": "VERWENDUNG DES BEAMTEN",
  "§ 36 BDG": ["BG.BDG:1624-1636", "BG.BDG.004:15-29", "§ 36 BDG # Arbeitsplatz"],
  "§ 36a BDG": ["BG.BDG:1642-1684", "BG.BDG.004:31-81", "§ 36a BDG # Telearbeit"],
  "§ 37 BDG": ["BG.BDG:1690-1703", "BG.BDG.004:83-98", "§ 37 BDG # Nebentätigkeit"],
  "§ 38 BDG": ["BG.BDG:1709-1757", "BG.BDG.004:100-157", "§ 38 BDG # Versetzung"],
  "§ 38a BDG": ["BG.BDG:1763-1777", "BG.BDG.004:159-178", "§ 38a BDG # Freigabepflicht bei Ressortwechsel"],
  "§ 39 BDG": ["BG.BDG:1783-1797", "BG.BDG.004:180-199", "§ 39 BDG # Dienstzuteilung"],
  "§ 39a BDG": ["BG.BDG:1803-1827", "BG.BDG.004:201-231", "§ 39a BDG"],
  "§ 39b BDG": ["BG.BDG:1833-1847", "BG.BDG.004:233-251", "§ 39b BDG"],
  "§ 40 BDG": ["BG.BDG:1853-1873", "BG.BDG.004:253-277", "§ 40 BDG # Verwendungsänderung"],
  "§ 41 BDG": ["BG.BDG:1879-1893", "BG.BDG.004:279-296", "§ 41 BDG # Ausnahmen für Beamte bestimmter Dienstbereiche"],
  "§ 42 BDG": ["BG.BDG:1899-1921", "BG.BDG.004:298-322", "§ 42 BDG # Verwendungsbeschränkungen"],
  "§ 42a BDG": ["BG.BDG:1927-1935", "BG.BDG.004:324-332", "§ 42a BDG"],
  "076": "5. Abschnitt",
  "077": "DIENSTPFLICHTEN DES BEAMTEN",
  "078": "1. Unterabschnitt",
  "079": "Allgemeine Bestimmungen",
  "§ 43 BDG": ["BG.BDG:1941-1957", "BG.BDG.005:15-29", "§ 43 BDG # Allgemeine Dienstpflichten"],
  "§ 43a BDG": ["BG.BDG:1963-1965", "BG.BDG.005:31-34", "§ 43a BDG # Achtungsvoller Umgang (Mobbingverbot)"],
  "§ 44 BDG": ["BG.BDG:1971-1977", "BG.BDG.005:36-45", "§ 44 BDG # Dienstpflichten gegenüber Vorgesetzten"],
  "§ 45 BDG": ["BG.BDG:1983-1997", "BG.BDG.005:47-66", "§ 45 BDG # Dienstpflichten des Vorgesetzten und des Dienststellenleiters"],
  "§ 45a BDG": ["BG.BDG:2003-2029", "BG.BDG.005:68-102", "§ 45a BDG # Mitarbeitergespräch"],
  "§ 45b BDG": ["BG.BDG:2035-2041", "BG.BDG.005:104-113", "§ 45b BDG # Teamarbeitsbesprechung"],
  "§ 46 BDG": ["BG.BDG:2047-2059", "BG.BDG.005:115-133", "§ 46 BDG # Amtsverschwiegenheit"],
  "§ 47 BDG": ["BG.BDG:2065-2067", "BG.BDG.005:135-138", "§ 47 BDG # Befangenheit"],
  "088": "2. Unterabschnitt",
  "089": "Dienstzeit",
  "§ 47a BDG": ["BG.BDG:2073-2103", "BG.BDG.006:15-44", "§ 47a BDG # Begriffsbestimmungen"],
  "§ 48 BDG": ["BG.BDG:2109-2149", "BG.BDG.006:46-92", "§ 48 BDG # Dienstplan"],
  "§ 48a BDG": ["BG.BDG:2155-2183", "BG.BDG.006:94-126", "§ 48a BDG # Höchstgrenzen der Dienstzeit"],
  "§ 48b BDG": ["BG.BDG:2189-2191", "BG.BDG.006:128-131", "§ 48b BDG # Ruhepausen"],
  "§ 48c BDG": ["BG.BDG:2197-2199", "BG.BDG.006:133-136", "§ 48c BDG # Tägliche Ruhezeiten"],
  "§ 48d BDG": ["BG.BDG:2205-2209", "BG.BDG.006:138-144", "§ 48d BDG # Wochenruhezeit"],
  "§ 48e BDG": ["BG.BDG:2215-2223", "BG.BDG.006:146-158", "§ 48e BDG # Nachtarbeit"],
  "§ 48f BDG": ["BG.BDG:2229-2259", "BG.BDG.006:160-192", "§ 48f BDG # Ausnahmebestimmungen"],
  "§ 49 BDG": ["BG.BDG:2265-2303", "BG.BDG.006:194-238", "§ 49 BDG # Mehrdienstleistung"],
  "§ 50 BDG": ["BG.BDG:2309-2315", "BG.BDG.006:240-249", "§ 50 BDG # Bereitschaft und Journaldienst"],
  "§ 50a BDG": ["BG.BDG:2321-2335", "BG.BDG.006:251-269", "§ 50a BDG # Herabsetzung der regelmäßigen Wochendienstzeit aus beliebigem Anlaß"],
  "§ 50b BDG": ["BG.BDG:2341-2365", "BG.BDG.006:271-300", "§ 50b BDG # Herabsetzung der regelmäßigen Wochendienstzeit zur Betreuung eines Kindes"],
  "§ 50c BDG": ["BG.BDG:2371-2377", "BG.BDG.006:302-311", "§ 50c BDG # Dienstleistung während der Herabsetzung der regelmäßigen Wochendienstzeit"],
  "§ 50d BDG": ["BG.BDG:2383-2389", "BG.BDG.006:313-322", "§ 50d BDG # Änderung und vorzeitige Beendigung der Herabsetzung der regelmäßigen Wochendienstzeit"],
  "§ 50e BDG": ["BG.BDG:2395-2409", "BG.BDG.006:324-340", "§ 50e BDG # Pflegeteilzeit"],
  "§ 50f BDG": ["BG.BDG:2415-2425", "BG.BDG.006:342-357", "§ 50f BDG # Wiedereingliederungsteilzeit"],
  "§ 51 BDG": ["BG.BDG:2431-2435", "BG.BDG.006:359-365", "§ 51 BDG # Abwesenheit vom Dienst"],
  "107": "3. Unterabschnitt",
  "108": "Sonstige Dienstpflichten",
  "§ 52 BDG": ["BG.BDG:2441-2449", "BG.BDG.007:15-23", "§ 52 BDG # Ärztliche Untersuchung"],
  "§ 53 BDG": ["BG.BDG:2455-2497", "BG.BDG.007:25-72", "§ 53 BDG # Meldepflichten"],
  "§ 53a BDG": ["BG.BDG:2503-2505", "BG.BDG.007:74-77", "§ 53a BDG # Schutz vor Benachteiligung"],
  "§ 54 BDG": ["BG.BDG:2511-2527", "BG.BDG.007:79-99", "§ 54 BDG # Dienstweg"],
  "§ 55 BDG": ["BG.BDG:2533-2539", "BG.BDG.007:101-110", "§ 55 BDG # Wohnsitz und Dienstort"],
  "§ 56 BDG": ["BG.BDG:2545-2567", "BG.BDG.007:112-140", "§ 56 BDG # Nebenbeschäftigung"],
  "§ 57 BDG": ["BG.BDG:2573-2575", "BG.BDG.007:142-145", "§ 57 BDG # Gutachten"],
  "§ 58 BDG": ["BG.BDG:2581-2583", "BG.BDG.007:147-150", "§ 58 BDG # Ausbildung und Fortbildung"],
  "§ 59 BDG": ["BG.BDG:2589-2623", "BG.BDG.007:152-193", "§ 59 BDG # Verbot der Geschenkannahme"],
  "§ 60 BDG": ["BG.BDG:2629-2675", "BG.BDG.007:195-248", "§ 60 BDG # Dienstkleidung, Dienstabzeichen, Dienstausweise und sonstige Sachbehelfe"],
  "§ 61 BDG": ["BG.BDG:2681-2697", "BG.BDG.007:250-270", "§ 61 BDG # Pflichten des Beamten des Ruhestandes"],
  "120": "6. Abschnitt",
  "121": "RECHTE DES BEAMTEN",
  "122": "1. Unterabschnitt",
  "§ 62 BDG": ["BG.BDG:2703-2711", "BG.BDG.007:272-277", "§ 62 BDG # Bezüge"],
  "124": "2. Unterabschnitt",
  "§ 63 BDG": ["BG.BDG:2717-2731", "BG.BDG.007:279-299", "§ 63 BDG # Amtstitel und Verwendungsbezeichnungen"],
  "126": "3. Unterabschnitt",
  "127": "Urlaub",
  "§ 64 BDG": ["BG.BDG:2737-2743", "BG.BDG.008:15-20", "§ 64 BDG # Anspruch auf Erholungsurlaub"],
  "§ 65 BDG": ["BG.BDG:2749-2759", "BG.BDG.008:22-37", "§ 65 BDG # Ausmaß des Erholungsurlaubs"],
  "§ 66 BDG": ["BG.BDG:2765-2787", "BG.BDG.008:39-64", "§ 66 BDG # Änderung des Urlaubsausmaßes"],
  "§ 67 BDG": ["BG.BDG:2793-2797", "BG.BDG.008:66-72", "§ 67 BDG # Berücksichtigung von Zeiten eines Dienstverhältnisses und des Erholungsurlaubes aus einem Dienstverhältnis"],
  "§ 68 BDG": ["BG.BDG:2803-2813", "BG.BDG.008:74-88", "§ 68 BDG # Verbrauch des Erholungsurlaubes"],
  "§ 69 BDG": ["BG.BDG:2819-2825", "BG.BDG.008:90-99", "§ 69 BDG # Verfall des Erholungsurlaubes"],
  "§ 70 BDG": ["BG.BDG:2831-2833", "BG.BDG.008:101-104", "§ 70 BDG # Vorgriff auf künftige Urlaubsansprüche"],
  "§ 71 BDG": ["BG.BDG:2839-2851", "BG.BDG.008:106-124", "§ 71 BDG # Erkrankung während des Erholungsurlaubes"],
  "§ 72 BDG": ["BG.BDG:2857-2875", "BG.BDG.008:126-147", "§ 72 BDG # Erhöhung des Urlaubsausmaßes für Menschen mit Behinderung"],
  "§ 73 BDG": ["BG.BDG:2881-2905", "BG.BDG.008:149-180", "§ 73 BDG # Heimaturlaub"],
  "§ 74 BDG": ["BG.BDG:2911-2919", "BG.BDG.008:182-194", "§ 74 BDG # Sonderurlaub"],
  "§ 75 BDG": ["BG.BDG:2925-2963", "BG.BDG.008:196-236", "§ 75 BDG # Karenzurlaub"],
  "§ 75a BDG": ["BG.BDG:2969-2995", "BG.BDG.008:238-267", "§ 75a BDG # Berücksichtigung des Karenzurlaubes für zeitabhängige Rechte"],
  "§ 75b BDG": ["BG.BDG:3001-3025", "BG.BDG.008:269-297", "§ 75b BDG # Auswirkungen des Karenzurlaubes und der Karenz auf den Arbeitsplatz"],
  "§ 75c BDG": ["BG.BDG:3031-3067", "BG.BDG.008:299-342", "§ 75c BDG # Karenzurlaub zur Pflege eines behinderten Kindes oder eines pflegebedürftigen Angehörigen"],
  "§ 75d BDG": ["BG.BDG:3073-3087", "BG.BDG.008:344-365", "§ 75d BDG # Frühkarenzurlaub"],
  "§ 76 BDG": ["BG.BDG:3093-3123", "BG.BDG.008:367-405", "§ 76 BDG # Pflegefreistellung"],
  "§ 77 BDG": ["BG.BDG:3129-3133", "BG.BDG.008:407-413", "§ 77 BDG # Unterbrechung des Erholungsurlaubes und Verhinderung des Urlaubsantrittes"],
  "146": "4. Unterabschnitt",
  "147": "Dienstfreistellung, Außerdienststellung und Dienstbefreiung",
  "§ 78a BDG": ["BG.BDG:3139-3181", "BG.BDG.009:15-60", "§ 78a BDG # Dienstfreistellung für Gemeindemandatare"],
  "§ 78b BDG": ["BG.BDG:3187-3197", "BG.BDG.009:62-72", "§ 78b BDG # Außerdienststellung für bestimmte Gemeindemandatare"],
  "§ 78c BDG": ["BG.BDG:3203-3225", "BG.BDG.009:74-99", "§ 78c BDG # Allgemeine Dienstfreistellung gegen Refundierung"],
  "§ 78d BDG": ["BG.BDG:3231-3249", "BG.BDG.009:101-123", "§ 78d BDG # Familienhospizfreistellung"],
  "§ 78e BDG": ["BG.BDG:3255-3285", "BG.BDG.009:125-160", "§ 78e BDG # Sabbatical"],
  "§ 78f BDG": ["BG.BDG:3291-3297", "BG.BDG.009:162-171", "§ 78f BDG # Dienstfreistellung zur Begleitung von Kindern bei Rehabilitationsaufenthalt"],
  "§ 79 BDG": ["BG.BDG:3303-3317", "BG.BDG.009:173-192", "§ 79 BDG # Dienstbefreiung für Kuraufenthalt"],
  "155": "5. Unterabschnitt",
  "156": "Schutz vor Benachteiligung",
  "§ 79a BDG": ["BG.BDG:3323-3331", "BG.BDG.009:194-202", "§ 79a BDG # Verhalten bei Gefahr, Sicherheitsvertrauenspersonen und Sicherheitsfachkräfte"],
  "§ 79b BDG": ["BG.BDG:3337-3341", "BG.BDG.009:204-210", "§ 79b BDG # Sonstige Rechte"],
  "159": "5a. Unterabschnitt",
  "160": "IKT-Nutzung und Kontrollmaßnahmen",
  "§ 79c BDG": ["BG.BDG:3347-3365", "BG.BDG.009:212-229", "§ 79c BDG # Begriffsbestimmungen"],
  "§ 79d BDG": ["BG.BDG:3371-3373", "BG.BDG.009:231-234", "§ 79d BDG # Grundsätze der IKT-Nutzung"],
  "§ 79e BDG": ["BG.BDG:3379-3401", "BG.BDG.009:236-263", "§ 79e BDG # Grundsätze der Datenverarbeitung, Kontrollmaßnahmen"],
  "§ 79f BDG": ["BG.BDG:3407-3423", "BG.BDG.009:265-286", "§ 79f BDG # Kontrolle zur Abwehr von Schäden an der IKT-Infrastruktur und zur Gewährleistung ihrer korrekten Funktionsfähigkeit"],
  "§ 79g BDG": ["BG.BDG:3429-3449", "BG.BDG.009:288-315", "§ 79g BDG # Kontrolle bei begründetem Verdacht einer gröblichen Dienstpflichtverletzung"],
  "§ 79h BDG": ["BG.BDG:3455-3457", "BG.BDG.009:317-320", "§ 79h BDG # Sonstige zulässige Datenverarbeitungen"],
  "§ 79i BDG": ["BG.BDG:3463-3465", "BG.BDG.009:322-325", "§ 79i BDG # Ausnahmebestimmung"],
  "168": "6. Unterabschnitt",
  "§ 80 BDG": ["BG.BDG:3471-3505", "BG.BDG.010:15-59", "§ 80 BDG # Sachleistungen"],
  "170": "7. Abschnitt",
  "171": "LEISTUNGSFESTSTELLUNG",
  "172": "1. Unterabschnitt",
  "173": "Allgemeine Bestimmungen",
  "§ 81 BDG": ["BG.BDG:3511-3533", "BG.BDG.010:61-79", "§ 81 BDG # Begriff und Arten der Leistungsfeststellung"],
  "§ 81a BDG": ["BG.BDG:3539-3543", "BG.BDG.010:81-87", "§ 81a BDG # Beurteilungszeitraum"],
  "§ 82 BDG": ["BG.BDG:3549-3555", "BG.BDG.010:89-98", "§ 82 BDG # Folgewirkungen"],
  "§ 83 BDG": ["BG.BDG:3561-3583", "BG.BDG.010:100-125", "§ 83 BDG # Zulässigkeit"],
  "178": "2. Unterabschnitt",
  "179": "Verfahren",
  "§ 84 BDG": ["BG.BDG:3589-3605", "BG.BDG.010:127-143", "§ 84 BDG # Bericht des Vorgesetzten"],
  "§ 85 BDG": ["BG.BDG:3611-3615", "BG.BDG.010:145-151", "§ 85 BDG # Befassung des Beamten"],
  "§ 86 BDG": ["BG.BDG:3621-3627", "BG.BDG.010:153-162", "§ 86 BDG # Antrag des Beamten auf Leistungsfeststellung"],
  "§ 87 BDG": ["BG.BDG:3633-3661", "BG.BDG.010:164-198", "§ 87 BDG # Befassung der Dienstbehörde und der Leistungsfeststellungskommission"],
  "184": "3. Unterabschnitt",
  "185": "Leistungsfeststellungskommission",
  "§ 88 BDG": ["BG.BDG:3667-3691", "BG.BDG.010:200-232", "§ 88 BDG # Allgemeine Bestimmungen"],
  "§ 89 BDG": ["BG.BDG:3697-3713", "BG.BDG.010:234-256", "§ 89 BDG # Mitgliedschaft"],
  "188": "4. Unterabschnitt",
  "§ 90 BDG": ["BG.BDG:3719-3723", "BG.BDG.010:258-263", "§ 90 BDG # Bericht über den provisorischen Beamten"],
  "190": "8. Abschnitt",
  "191": "DISZIPLINARRECHT",
  "192": "1. Unterabschnitt",
  "193": "Allgemeine Bestimmungen",
  "§ 91 BDG": ["BG.BDG:3729-3741", "BG.BDG.010:265-273", "§ 91 BDG # Dienstpflichtverletzungen"],
  "§ 92 BDG": ["BG.BDG:3747-3759", "BG.BDG.010:275-289", "§ 92 BDG # Disziplinarstrafen"],
  "§ 93 BDG": ["BG.BDG:3765-3769", "BG.BDG.010:291-297", "§ 93 BDG # Strafbemessung"],
  "§ 94 BDG": ["BG.BDG:3775-3817", "BG.BDG.010:299-345", "§ 94 BDG # Verjährung"],
  "§ 95 BDG": ["BG.BDG:3823-3828", "BG.BDG.010:347-354", "§ 95 BDG # Zusammentreffen von strafbaren Handlungen mit Dienstpflichtverletzungen"],
  "199": "2. Unterabschnitt",
  "200": "Organisatorische Bestimmungen",
  "§ 96 BDG": ["BG.BDG:3834-3844", "BG.BDG.011:15-24", "§ 96 BDG # Disziplinarbehörden"],
  "§ 97 BDG": ["BG.BDG:3850-3856", "BG.BDG.011:26-33", "§ 97 BDG # Zuständigkeit"],
  "§ 98 BDG": ["BG.BDG:3862-3866", "BG.BDG.011:35-41", "§ 98 BDG # Bundesdisziplinarbehörde"],
  "§ 99 BDG": ["BG.BDG:3872-3884", "BG.BDG.011:43-59", "§ 99 BDG # Hauptberufliche Mitgliedschaft zur Bundesdisziplinarbehörde"],
  "§ 100 BDG": ["BG.BDG:3890-3912", "BG.BDG.011:61-92", "§ 100 BDG # Nebenberufliche Mitgliedschaft zur Bundesdisziplinarbehörde"],
  "§ 101 BDG": ["BG.BDG:3918-3930", "BG.BDG.011:94-112", "§ 101 BDG # Disziplinarsenate"],
  "§ 102 BDG": ["BG.BDG:3936-3942", "BG.BDG.011:114-123", "§ 102 BDG # Abstimmung und Stellung der Mitglieder"],
  "§ 103 BDG": ["BG.BDG:3948-3964", "BG.BDG.011:125-145", "§ 103 BDG # Disziplinaranwältin und Disziplinaranwalt"],
  "§ 104 BDG": ["BG.BDG:3970-3974", "BG.BDG.011:147-153", "§ 104 BDG # Personal- und Sachaufwand"],
  "210": "2a. Unterabschnitt",
  "211": "Sonderbestimmungen hinsichtlich der Beamtinnen und Beamten der Parlamentsdirektion, des Rechnungshofes, der Volksanwaltschaft und des Parlamentarischen Datenschutzkomitees",
  "§ 104a BDG": ["BG.BDG:3980-3998", "BG.BDG.011:155-174", "§ 104a BDG # Anwendungsbereich"],
  "§ 104b BDG": ["BG.BDG:4004-4010", "BG.BDG.011:176-183", "§ 104b BDG # Disziplinarbehörden"],
  "§ 104c BDG": ["BG.BDG:4016-4022", "BG.BDG.011:185-192", "§ 104c BDG # Zuständigkeit"],
  "§ 104d BDG": ["BG.BDG:4028-4046", "BG.BDG.011:194-215", "§ 104d BDG # Disziplinarkommission"],
  "§ 104e BDG": ["BG.BDG:4052-4068", "BG.BDG.011:217-239", "§ 104e BDG # Mitgliedschaft zur Disziplinarkommission"],
  "§ 104f BDG": ["BG.BDG:4074-4088", "BG.BDG.011:241-262", "§ 104f BDG # Disziplinarsenate"],
  "§ 104g BDG": ["BG.BDG:4094-4100", "BG.BDG.011:264-273", "§ 104g BDG # Abstimmung und Stellung der Mitglieder"],
  "§ 104h BDG": ["BG.BDG:4106-4122", "BG.BDG.011:275-295", "§ 104h BDG # Disziplinaranwältin und Disziplinaranwalt"],
  "§ 104i BDG": ["BG.BDG:4128-4132", "BG.BDG.011:297-303", "§ 104i BDG # Personal- und Sachaufwand"],
  "221": "3. Unterabschnitt",
  "222": "Disziplinarverfahren",
  "§ 105 BDG": ["BG.BDG:4138-4150", "BG.BDG.012:15-25", "§ 105 BDG # Anwendung des AVG und des Zustellgesetzes"],
  "§ 106 BDG": ["BG.BDG:4156-4158", "BG.BDG.012:27-30", "§ 106 BDG # Parteien"],
  "§ 107 BDG": ["BG.BDG:4164-4174", "BG.BDG.012:32-47", "§ 107 BDG # Verteidiger"],
  "§ 108 BDG": ["BG.BDG:4180-4184", "BG.BDG.012:49-55", "§ 108 BDG # Zustellungen"],
  "§ 109 BDG": ["BG.BDG:4190-4196", "BG.BDG.012:57-66", "§ 109 BDG # Disziplinaranzeige"],
  "§ 110 BDG": ["BG.BDG:4202-4210", "BG.BDG.012:68-78", "§ 110 BDG"],
  "§ 111 BDG": ["BG.BDG:4216-4220", "BG.BDG.012:80-86", "§ 111 BDG # Selbstanzeige"],
  "§ 112 BDG": ["BG.BDG:4226-4250", "BG.BDG.012:88-119", "§ 112 BDG # Suspendierung"],
  "§ 113 BDG": ["BG.BDG:4256-4258", "BG.BDG.012:121-124", "§ 113 BDG # Verbindung des Disziplinarverfahrens gegen mehrere Beschuldigte"],
  "§ 114 BDG": ["BG.BDG:4264-4280", "BG.BDG.012:126-144", "§ 114 BDG # Strafanzeige und Unterbrechung des Disziplinarverfahrens"],
  "§ 115 BDG": ["BG.BDG:4286-4288", "BG.BDG.012:146-149", "§ 115 BDG # Absehen von der Strafe"],
  "§ 116 BDG": ["BG.BDG:4294-4304", "BG.BDG.012:151-166", "§ 116 BDG # Außerordentliche Rechtsmittel"],
  "§ 117 BDG": ["BG.BDG:4310-4332", "BG.BDG.012:168-191", "§ 117 BDG # Kosten"],
  "§ 118 BDG": ["BG.BDG:4338-4352", "BG.BDG.012:193-210", "§ 118 BDG # Einstellung des Disziplinarverfahrens"],
  "§ 120 BDG": ["BG.BDG:4358-4360", "BG.BDG.012:212-215", "§ 120 BDG # Abgaben- und Gebührenfreiheit"],
  "§ 121 BDG": ["BG.BDG:4366-4370", "BG.BDG.012:217-223", "§ 121 BDG # Auswirkung von Disziplinarstrafen"],
  "§ 122 BDG": ["BG.BDG:4376-4378", "BG.BDG.012:225-228", "§ 122 BDG # Aufbewahrung der Akten"],
  "240": "4. Unterabschnitt",
  "241": "Verfahren vor der Bundesdisziplinarbehörde",
  "§ 123 BDG": ["BG.BDG:4384-4394", "BG.BDG.012:230-241", "§ 123 BDG # Einleitung"],
  "§ 124 BDG": ["BG.BDG:4400-4438", "BG.BDG.012:243-295", "§ 124 BDG # Mündliche Verhandlung"],
  "§ 125 BDG": ["BG.BDG:4444-4446", "BG.BDG.012:297-300", "§ 125 BDG # Wiederholung der mündlichen Verhandlung"],
  "§ 125a BDG": ["BG.BDG:4452-4459", "BG.BDG.012:302-312", "§ 125a BDG # Verhandlung in Abwesenheit des Beschuldigten und Absehen von der mündlichen Verhandlung"],
  "§ 125b BDG": ["BG.BDG:4465-4470", "BG.BDG.012:314-321", "§ 125b BDG # Vernehmung von Zeuginnen und Zeugen"],
  "§ 126 BDG": ["BG.BDG:4476-4486", "BG.BDG.012:323-338", "§ 126 BDG # Disziplinarerkenntnis"],
  "§ 127 BDG": ["BG.BDG:4492-4504", "BG.BDG.012:340-354", "§ 127 BDG # Ratenbewilligung und Verwendung der Geldstrafen und Geldbußen"],
  "§ 128 BDG": ["BG.BDG:4510-4512", "BG.BDG.012:356-359", "§ 128 BDG # Ausschluss der Mitteilung an die Öffentlichkeit"],
  "§ 128a BDG": ["BG.BDG:4518-4520", "BG.BDG.012:361-364", "§ 128a BDG # Veröffentlichung von Entscheidungen der Bundesdisziplinarbehörde"],
  "§ 128b BDG": ["BG.BDG:4526-4540", "BG.BDG.012:366-380", "§ 128b BDG # Jahresbericht"],
  "§ 129 BDG": ["BG.BDG:4546-4548", "BG.BDG.012:382-385", "§ 129 BDG # Beschwerde des Beschuldigten"],
  "§ 130 BDG": ["BG.BDG:4554-4558", "BG.BDG.012:387-393", "§ 130 BDG # Vollzug des Disziplinarerkenntnisses"],
  "254": "5. Unterabschnitt",
  "255": "Abgekürztes Verfahren",
  "§ 131 BDG": ["BG.BDG:4564-4578", "BG.BDG.013:15-27", "§ 131 BDG # Disziplinarverfügung"],
  "§ 132 BDG": ["BG.BDG:4584-4586", "BG.BDG.013:29-32", "§ 132 BDG # Einspruch"],
  "258": "6. Unterabschnitt",
  "259": "Bestimmungen für Beamte des Ruhestandes",
  "§ 133 BDG": ["BG.BDG:4592-4598", "BG.BDG.013:34-39", "§ 133 BDG # Verantwortlichkeit"],
  "§ 134 BDG": ["BG.BDG:4604-4612", "BG.BDG.013:41-50", "§ 134 BDG # Disziplinarstrafen"],
  "262": "Kosten",
  "§ 134a BDG": ["BG.BDG:4618-4622", "BG.BDG.013:52-57", "§ 134a BDG"],
  "§ 135 BDG": ["BG.BDG:4628-4630", "BG.BDG.013:59-62", "§ 135 BDG # Zuständigkeit"],
  "265": "9. Abschnitt",
  "266": "Verwaltungsgerichtsbarkeit",
  "§ 135a BDG": ["BG.BDG:4636-4654", "BG.BDG.013:64-83", "§ 135a BDG # Senatsentscheidungen"],
  "§ 135b BDG": ["BG.BDG:4660-4672", "BG.BDG.013:85-103", "§ 135b BDG # Dienstrechtliche Laienrichterinnen und Laienrichter"],
  "§ 135c BDG": ["BG.BDG:4678-4686", "BG.BDG.013:105-113", "§ 135c BDG # Entscheidungsfrist"],
  "270": "BESONDERER TEIL",
  "271": "1. Abschnitt",
  "272": "ALLGEMEINER VERWALTUNGSDIENST",
  "§ 136 BDG": ["BG.BDG:4692-4712", "BG.BDG.014:15-33", "§ 136 BDG # Einteilung"],
  "§ 136a BDG": ["BG.BDG:4718-4752", "BG.BDG.014:35-75", "§ 136a BDG # Begründung des Dienstverhältnisses"],
  "§ 136b BDG": ["BG.BDG:4758-4782", "BG.BDG.014:77-108", "§ 136b BDG"],
  "§ 137 BDG": ["BG.BDG:4788-4838", "BG.BDG.014:110-168", "§ 137 BDG # Bewertung und Zuordnung von Arbeitsplätzen"],
  "§ 138 BDG": ["BG.BDG:4844-4866", "BG.BDG.014:170-196", "§ 138 BDG # Ausbildungsphase"],
  "§ 139 BDG": ["BG.BDG:4872-4906", "BG.BDG.014:198-236", "§ 139 BDG # Verwendungszeiten und Grundausbildungen"],
  "§ 140 BDG": ["BG.BDG:4912-5005", "BG.BDG.014:238-335", "§ 140 BDG # Amtstitel und Verwendungsbezeichnungen"],
  "§ 141 BDG": ["BG.BDG:5011-5052", "BG.BDG.014:337-388", "§ 141 BDG # Zeitlich begrenzte Funktionen"],
  "§ 141a BDG": ["BG.BDG:5058-5105", "BG.BDG.014:390-447", "§ 141a BDG # Verwendungsänderung und Versetzung"],
  "§ 141b BDG": ["BG.BDG:5111-5113", "BG.BDG.014:449-452", "§ 141b BDG # Sonderbestimmungen für Beamte des höheren Dienstes in wissenschaftlicher Verwendung an Universitäten"],
  "283": "2. Abschnitt",
  "284": "EXEKUTIVDIENST",
  "§ 142 BDG": ["BG.BDG:5119-5131", "BG.BDG.015:15-27", "§ 142 BDG # Einteilung"],
  "§ 143 BDG": ["BG.BDG:5137-5169", "BG.BDG.015:29-67", "§ 143 BDG # Bewertung und Zuordnung von Arbeitsplätzen"],
  "§ 144 BDG": ["BG.BDG:5175-5194", "BG.BDG.015:69-93", "§ 144 BDG # Verwendungszeiten und Grundausbildungen"],
  "§ 145 BDG": ["BG.BDG:5200-5204", "BG.BDG.015:95-101", "§ 145 BDG # Dienstzeit"],
  "§ 145a BDG": ["BG.BDG:5210-5230", "BG.BDG.015:103-129", "§ 145a BDG # Amtstitel und Verwendungsbezeichnungen"],
  "§ 145b BDG": ["BG.BDG:5236-5279", "BG.BDG.015:131-184", "§ 145b BDG # Verwendungsänderung und Versetzung"],
  "§ 145d BDG": ["BG.BDG:5285-5291", "BG.BDG.015:186-195", "§ 145d BDG # Zeitlich begrenzte Funktionen"],
  "§ 145e BDG": ["BG.BDG:5297-5299", "BG.BDG.015:197-200", "§ 145e BDG # Nebenbeschäftigung"],
  "293": "3. Abschnitt",
  "294": "MILITÄRISCHER DIENST",
  "§ 146 BDG": ["BG.BDG:5305-5328", "BG.BDG.016:15-38", "§ 146 BDG # Einteilung"],
  "§ 147 BDG": ["BG.BDG:5334-5368", "BG.BDG.016:40-80", "§ 147 BDG # Bewertung und Zuordnung von Arbeitsplätzen"],
  "§ 148 BDG": ["BG.BDG:5374-5397", "BG.BDG.016:82-110", "§ 148 BDG # Ausbildungsphase"],
  "§ 149 BDG": ["BG.BDG:5403-5426", "BG.BDG.016:112-136", "§ 149 BDG # Verwendungszeiten und Grundausbildungen"],
  "§ 150 BDG": ["BG.BDG:5432-5438", "BG.BDG.016:138-145", "§ 150 BDG # Dienstverhältnis der Berufsmilitärpersonen"],
  "§ 151 BDG": ["BG.BDG:5444-5481", "BG.BDG.016:147-194", "§ 151 BDG # Dienstverhältnis als Militärperson auf Zeit"],
  "§ 152 BDG": ["BG.BDG:5487-5527", "BG.BDG.016:196-243", "§ 152 BDG # Amtstitel und Verwendungsbezeichnungen für den Militärischen Dienst"],
  "§ 152b BDG": ["BG.BDG:5533-5557", "BG.BDG.016:245-276", "§ 152b BDG # Zeitlich begrenzte Funktionen"],
  "§ 152c BDG": ["BG.BDG:5563-5614", "BG.BDG.016:278-340", "§ 152c BDG # Verwendungsänderung und Versetzung"],
  "§ 152d BDG": ["BG.BDG:5620-5622", "BG.BDG.016:342-345", "§ 152d BDG # Disziplinarrecht"],
  "305": "6. Abschnitt",
  "306": "UNIVERSITÄTSLEHRER",
  "307": "Unterabschnitt A",
  "308": "BESTIMMUNGEN FÜR ALLE UNIVERSITÄTSLEHRER",
  "§ 154 BDG": ["BG.BDG:5628-5646", "BG.BDG.017:15-28", "§ 154 BDG # Gliederung"],
  "§ 155 BDG": ["BG.BDG:5652-5674", "BG.BDG.017:30-63", "§ 155 BDG # Aufgaben der Universitätslehrer (Rechte und Pflichten)"],
  "§ 156 BDG": ["BG.BDG:5680-5682", "BG.BDG.017:65-68", "§ 156 BDG"],
  "§ 157 BDG": ["BG.BDG:5688-5692", "BG.BDG.017:70-76", "§ 157 BDG"],
  "§ 158 BDG": ["BG.BDG:5698-5702", "BG.BDG.017:78-84", "§ 158 BDG"],
  "§ 159 BDG": ["BG.BDG:5708-5710", "BG.BDG.017:86-89", "§ 159 BDG"],
  "§ 160 BDG": ["BG.BDG:5716-5724", "BG.BDG.017:91-103", "§ 160 BDG # Freistellung"],
  "§ 160a BDG": ["BG.BDG:5730-5770", "BG.BDG.017:105-151", "§ 160a BDG # Sonderbestimmungen für akademische Funktionäre"],
  "§ 161 BDG": ["BG.BDG:5776-5786", "BG.BDG.017:153-164", "§ 161 BDG # Disziplinarrecht"],
  "318": "Unterabschnitt B",
  "319": "Universitätsprofessoren",
  "§ 161a BDG": ["BG.BDG:5792-5798", "BG.BDG.017:166-171", "§ 161a BDG # Anwendungsbereich"],
  "§ 162 BDG": ["BG.BDG:5804-5810", "BG.BDG.017:173-182", "§ 162 BDG # Ernennung"],
  "§ 163 BDG": ["BG.BDG:5816-5844", "BG.BDG.017:184-217", "§ 163 BDG # Übertritt in den Ruhestand, Emeritierung"],
  "§ 164 BDG": ["BG.BDG:5850-5852", "BG.BDG.017:219-222", "§ 164 BDG # Versetzung in den Ruhestand durch Erklärung"],
  "§ 165 BDG": ["BG.BDG:5858-5876", "BG.BDG.017:224-246", "§ 165 BDG # Besondere Aufgaben"],
  "§ 166 BDG": ["BG.BDG:5882-5888", "BG.BDG.017:248-257", "§ 166 BDG # Amtstitel"],
  "§ 167 BDG": ["BG.BDG:5894-5898", "BG.BDG.017:259-265", "§ 167 BDG # Urlaub"],
  "§ 169 BDG": ["BG.BDG:5904-5940", "BG.BDG.017:267-307", "§ 169 BDG # Ausnahmebestimmungen"],
  "328": "Unterabschnitt C",
  "329": "Universitätsdozenten",
  "§ 170 BDG": ["BG.BDG:5946-5960", "BG.BDG.017:309-326", "§ 170 BDG # Anwendungsbereich und Überstellung"],
  "§ 171 BDG": ["BG.BDG:5966-5968", "BG.BDG.017:328-331", "§ 171 BDG # Ernennung"],
  "§ 171a BDG": ["BG.BDG:5974-5976", "BG.BDG.017:333-336", "§ 171a BDG # Übertritt in den Ruhestand"],
  "§ 171b BDG": ["BG.BDG:5982-5984", "BG.BDG.017:338-341", "§ 171b BDG"],
  "§ 172 BDG": ["BG.BDG:5990-6008", "BG.BDG.017:343-365", "§ 172 BDG # Besondere Aufgaben und Dienstzeit"],
  "§ 172a BDG": ["BG.BDG:6014-6020", "BG.BDG.017:367-376", "§ 172a BDG # Lehrverpflichtung"],
  "§ 172b BDG": ["BG.BDG:6026-6028", "BG.BDG.017:378-381", "§ 172b BDG # Amtstitel"],
  "§ 172c BDG": ["BG.BDG:6034-6038", "BG.BDG.017:383-389", "§ 172c BDG # Urlaub"],
  "§ 173 BDG": ["BG.BDG:6044-6068", "BG.BDG.017:391-418", "§ 173 BDG # Ausnahmebestimmungen"],
  "339": "Unterabschnitt D",
  "340": "UNIVERSITÄTSASSISTENTEN",
  "§ 174 BDG": ["BG.BDG:6074-6084", "BG.BDG.018:15-26", "§ 174 BDG # Zeitlich begrenztes Dienstverhältnis"],
  "§ 175 BDG": ["BG.BDG:6090-6134", "BG.BDG.018:28-82", "§ 175 BDG # Dauer des zeitlich begrenzten Dienstverhältnisses"],
  "§ 175a BDG": ["BG.BDG:6140-6152", "BG.BDG.018:84-100", "§ 175a BDG"],
  "§ 176 BDG": ["BG.BDG:6158-6188", "BG.BDG.018:102-137", "§ 176 BDG # Dienstverhältnis auf unbestimmte Zeit"],
  "§ 176a BDG": ["BG.BDG:6194-6196", "BG.BDG.018:139-142", "§ 176a BDG"],
  "§ 177 BDG": ["BG.BDG:6202-6226", "BG.BDG.018:144-175", "§ 177 BDG # Provisorisches Dienstverhältnis"],
  "§ 178 BDG": ["BG.BDG:6232-6264", "BG.BDG.018:177-215", "§ 178 BDG # Definitives Dienstverhältnis"],
  "§ 178a BDG": ["BG.BDG:6270-6272", "BG.BDG.018:217-220", "§ 178a BDG # Übertritt in den Ruhestand"],
  "§ 178b BDG": ["BG.BDG:6278-6280", "BG.BDG.018:222-225", "§ 178b BDG"],
  "§ 179 BDG": ["BG.BDG:6286-6300", "BG.BDG.018:227-244", "§ 179 BDG # Dienstpflichten"],
  "§ 180a BDG": ["BG.BDG:6306-6326", "BG.BDG.018:246-271", "§ 180a BDG # Festlegung der Dienstpflichten"],
  "§ 180b BDG": ["BG.BDG:6332-6364", "BG.BDG.018:273-315", "§ 180b BDG # Lehrverpflichtung"],
  "§ 181 BDG": ["BG.BDG:6370-6388", "BG.BDG.018:317-337", "§ 181 BDG # Dienstzeit"],
  "354": "Rechte",
  "§ 182 BDG": ["BG.BDG:6394-6398", "BG.BDG.019:15-20", "§ 182 BDG # Mitwirkung bei wissenschaftlichen (künstlerischen) Arbeiten"],
  "§ 183 BDG": ["BG.BDG:6404-6406", "BG.BDG.019:22-25", "§ 183 BDG # Veröffentlichung wissenschaftlicher (künstlerischer) Arbeiten"],
  "§ 184 BDG": ["BG.BDG:6412-6414", "BG.BDG.019:27-30", "§ 184 BDG # Lehrtätigkeit"],
  "§ 185 BDG": ["BG.BDG:6420-6428", "BG.BDG.019:32-42", "§ 185 BDG # Amtstitel"],
  "§ 186 BDG": ["BG.BDG:6434-6452", "BG.BDG.019:44-65", "§ 186 BDG # Sonstige Rechte"],
  "§ 187 BDG": ["BG.BDG:6458-6494", "BG.BDG.019:67-106", "§ 187 BDG # Ausnahmebestimmungen"],
  "§ 189 BDG": ["BG.BDG:6500-6536", "BG.BDG.019:108-147", "§ 189 BDG # Sonderbestimmungen für Universitätsassistenten in ärztlicher oder zahnärztlicher Verwendung"],
  "362": "Unterabschnitt E",
  "363": "LEHRER AN UNIVERSITÄTEN",
  "§ 190 BDG": ["BG.BDG:6542-6548", "BG.BDG.019:149-154", "§ 190 BDG # Anwendungsbereich"],
  "§ 191 BDG": ["BG.BDG:6554-6556", "BG.BDG.019:156-159", "§ 191 BDG # Übertritt in den Ruhestand"],
  "§ 191a BDG": ["BG.BDG:6562-6564", "BG.BDG.019:161-164", "§ 191a BDG"],
  "367": "Pflichten",
  "§ 192 BDG": ["BG.BDG:6570-6576", "BG.BDG.019:166-174", "§ 192 BDG # Dienstpflichten"],
  "§ 193 BDG": ["BG.BDG:6582-6588", "BG.BDG.019:176-185", "§ 193 BDG # Festlegung der Unterrichtstätigkeit"],
  "§ 194 BDG": ["BG.BDG:6594-6629", "BG.BDG.019:187-227", "§ 194 BDG # Lehrverpflichtung"],
  "371": "Rechte",
  "§ 195 BDG": ["BG.BDG:6635-6639", "BG.BDG.019:229-234", "§ 195 BDG # Mitwirkung bei wissenschaftlichen (künstlerischen) Arbeiten und Veröffentlichung wissenschaftlicher (künstlerischer) Arbeiten"],
  "§ 196 BDG": ["BG.BDG:6645-6647", "BG.BDG.019:236-239", "§ 196 BDG # Benützung von Universitätseinrichtungen für Zwecke der Forschung (Entwicklung und Erschließung der Künste)"],
  "§ 197 BDG": ["BG.BDG:6653-6655", "BG.BDG.019:241-244", "§ 197 BDG # Amtstitel"],
  "§ 198 BDG": ["BG.BDG:6661-6681", "BG.BDG.019:246-268", "§ 198 BDG # Urlaub und Ferien"],
  "§ 198a BDG": ["BG.BDG:6687-6697", "BG.BDG.019:270-281", "§ 198a BDG # Dienstfreistellung für Gemeindemandatare"],
  "§ 199 BDG": ["BG.BDG:6703-6705", "BG.BDG.019:283-286", "§ 199 BDG # Leistungsfeststellung"],
  "§ 200 BDG": ["BG.BDG:6711-6725", "BG.BDG.019:288-305", "§ 200 BDG # Ausnahmebestimmungen"],
  "379": "6a. Abschnitt",
  "380": "Hochschullehrpersonen",
  "§ 200a BDG": ["BG.BDG:6731-6741", "BG.BDG.020:15-26", "§ 200a BDG # Anwendungsbereich, Begriff, Gliederung"],
  "§ 200b BDG": ["BG.BDG:6747-6755", "BG.BDG.020:28-40", "§ 200b BDG # Ernennung"],
  "§ 200c BDG": ["BG.BDG:6761-6767", "BG.BDG.020:42-51", "§ 200c BDG # Vorübergehende (zusätzliche) Verwendung"],
  "§ 200d BDG": ["BG.BDG:6773-6789", "BG.BDG.020:53-71", "§ 200d BDG # Dienstpflichten"],
  "§ 200e BDG": ["BG.BDG:6795-6817", "BG.BDG.020:73-102", "§ 200e BDG # Festlegung der Dienstpflichten, Lehrverpflichtung"],
  "§ 200f BDG": ["BG.BDG:6823-6827", "BG.BDG.020:104-110", "§ 200f BDG # Institutsleitung"],
  "§ 200g BDG": ["BG.BDG:6833-6845", "BG.BDG.020:112-126", "§ 200g BDG # Freistellung für Forschungs- oder Lehrzwecke"],
  "§ 200h BDG": ["BG.BDG:6851-6857", "BG.BDG.020:128-137", "§ 200h BDG # Dienstzeit"],
  "§ 200i BDG": ["BG.BDG:6863-6871", "BG.BDG.020:139-149", "§ 200i BDG # Verwendungsbezeichnung"],
  "§ 200j BDG": ["BG.BDG:6877-6881", "BG.BDG.020:151-157", "§ 200j BDG # Wissenschaftlich-berufsfeldbezogene oder künstlerische Forschung"],
  "§ 200k BDG": ["BG.BDG:6887-6891", "BG.BDG.020:159-165", "§ 200k BDG # Disziplinarrecht"],
  "§ 200l BDG": ["BG.BDG:6897-6940", "BG.BDG.020:167-218", "§ 200l BDG # Sonderbestimmungen"],
  "393": "7. Abschnitt",
  "394": "LEHRER",
  "395": "1. Unterabschnitt",
  "§ 201 BDG": ["BG.BDG:6946-6966", "BG.BDG.020:220-239", "§ 201 BDG # Anwendungsbereich"],
  "397": "2. Unterabschnitt",
  "§ 202 BDG": ["BG.BDG:6972-6982", "BG.BDG.020:241-255", "§ 202 BDG # Ernennungserfordernisse"],
  "399": "3. Unterabschnitt",
  "400": "Ausschreibung und Besetzung freier Lehrer-Planstellen",
  "§ 203 BDG": ["BG.BDG:6988-7020", "BG.BDG.020:257-289", "§ 203 BDG # Ausschreibungspflicht"],
  "§ 203a BDG": ["BG.BDG:7026-7038", "BG.BDG.020:291-305", "§ 203a BDG # Zuständigkeit und Ausschreibungstermin"],
  "§ 203b BDG": ["BG.BDG:7044-7064", "BG.BDG.020:307-329", "§ 203b BDG # Inhalt der Ausschreibung"],
  "§ 203c BDG": ["BG.BDG:7070-7072", "BG.BDG.020:331-334", "§ 203c BDG # Verlautbarung"],
  "§ 203d BDG": ["BG.BDG:7078-7097", "BG.BDG.020:336-358", "§ 203d BDG # Bewerbung"],
  "§ 203e BDG": ["BG.BDG:7103-7105", "BG.BDG.020:360-363", "§ 203e BDG # Verlängerung der Bewerbungsfrist"],
  "§ 203f BDG": ["BG.BDG:7111-7119", "BG.BDG.020:365-377", "§ 203f BDG # Gültigkeit der Bewerbung"],
  "§ 203h BDG": ["BG.BDG:7125-7135", "BG.BDG.020:379-394", "§ 203h BDG # Auswahl der Bewerberinnen und Bewerber"],
  "§ 203m BDG": ["BG.BDG:7141-7143", "BG.BDG.020:396-399", "§ 203m BDG # Sonderbestimmungen für Lehrer im Bereich der Justizanstalten"],
  "410": "4. Unterabschnitt",
  "§ 204 BDG": ["BG.BDG:7149-7183", "BG.BDG.021:15-58", "§ 204 BDG # Anerkennung von Ausbildungsnachweisen"],
  "§ 204a BDG": ["BG.BDG:7189-7201", "BG.BDG.021:60-75", "§ 204a BDG # Partieller Zugang"],
  "§ 205 BDG": ["BG.BDG:7207-7209", "BG.BDG.021:77-80", "§ 205 BDG # Sprachüberprüfung"],
  "§ 206 BDG": ["BG.BDG:7215-7221", "BG.BDG.021:82-91", "§ 206 BDG # Verwaltungszusammenarbeit"],
  "415": "5. Unterabschnitt",
  "416": "Ausschreibung und Besetzung von Planstellen für leitende Funktionen",
  "§ 207 BDG": ["BG.BDG:7227-7241", "BG.BDG.021:93-107", "§ 207 BDG # Ausschreibungspflicht"],
  "§ 207a BDG": ["BG.BDG:7247-7253", "BG.BDG.021:109-118", "§ 207a BDG # Zuständigkeit und Ausschreibungstermin"],
  "§ 207b BDG": ["BG.BDG:7259-7281", "BG.BDG.021:120-143", "§ 207b BDG # Inhalt der Ausschreibung"],
  "§ 207c BDG": ["BG.BDG:7287-7289", "BG.BDG.021:145-148", "§ 207c BDG # Verlautbarung"],
  "§ 207d BDG": ["BG.BDG:7295-7297", "BG.BDG.021:150-153", "§ 207d BDG # Bewerbung"],
  "§ 207e BDG": ["BG.BDG:7303-7325", "BG.BDG.021:155-179", "§ 207e BDG # Auswahlkriterien"],
  "§ 207f BDG": ["BG.BDG:7331-7385", "BG.BDG.021:181-251", "§ 207f BDG # Begutachtungskommission und Auswahlverfahren"],
  "§ 207g BDG": ["BG.BDG:7391-7395", "BG.BDG.021:253-259", "§ 207g BDG # Neuerliche Ausschreibung"],
  "§ 207h BDG": ["BG.BDG:7401-7411", "BG.BDG.021:261-276", "§ 207h BDG # Funktionsdauer"],
  "§ 207i BDG": ["BG.BDG:7417-7427", "BG.BDG.021:278-291", "§ 207i BDG # Abberufung von der Leitungsfunktion"],
  "§ 207j BDG": ["BG.BDG:7433-7441", "BG.BDG.021:293-302", "§ 207j BDG # Leitende Funktionen an land- und forstwirtschaftlichen Bundeslehranstalten"],
  "§ 207m BDG": ["BG.BDG:7447-7457", "BG.BDG.021:304-316", "§ 207m BDG # Gemeinsame Bestimmungen für die Ausschreibungs- und Bewerbungsverfahren nach diesem Abschnitt"],
  "429": "Unterabschnitt 5a",
  "§ 207n BDG": ["BG.BDG:7463-7517", "BG.BDG.022:15-78", "§ 207n BDG # Schulcluster"],
  "§ 207o BDG": ["BG.BDG:7523-7535", "BG.BDG.022:80-98", "§ 207o BDG # Schulcluster-Leitung"],
  "§ 207p BDG": ["BG.BDG:7541-7547", "BG.BDG.022:100-109", "§ 207p BDG # Schulcluster-Administration und Bereichsleitung"],
  "§ 207q BDG": ["BG.BDG:7553-7581", "BG.BDG.022:111-141", "§ 207q BDG # Schulcluster mit Bundes- und Pflichtschulen"],
  "434": "6. Unterabschnitt",
  "435": "Verwendung",
  "§ 208 BDG": ["BG.BDG:7587-7601", "BG.BDG.022:143-156", "§ 208 BDG # Verwendung an nicht in der Verwaltung des Bundes stehenden Schulen oder Pädagogischen Hochschulen"],
  "§ 209 BDG": ["BG.BDG:7607-7613", "BG.BDG.022:158-167", "§ 209 BDG # Vorübergehende Verwendung bei einer Dienststelle der Verwaltung"],
  "§ 210 BDG": ["BG.BDG:7619-7621", "BG.BDG.022:169-172", "§ 210 BDG # Zusätzliche Verwendung an einer anderen Schule oder einer Pädagogischen Hochschule"],
  "439": "7. Unterabschnitt",
  "440": "Dienstpflichten",
  "§ 211 BDG": ["BG.BDG:7627-7633", "BG.BDG.022:174-179", "§ 211 BDG # Lehramtliche Pflichten"],
  "§ 212 BDG": ["BG.BDG:7639-7645", "BG.BDG.022:181-190", "§ 212 BDG # Lehrverpflichtung"],
  "§ 212a BDG": ["BG.BDG:7651-7663", "BG.BDG.022:192-210", "§ 212a BDG # Verwendung von Lehrpersonen in der Sommerschule"],
  "§ 213 BDG": ["BG.BDG:7669-7697", "BG.BDG.022:212-252", "§ 213 BDG # Herabsetzung der Lehrverpflichtung"],
  "§ 213a BDG": ["BG.BDG:7703-7709", "BG.BDG.022:254-263", "§ 213a BDG # Mit der Leitung teilbetraute Lehrperson"],
  "§ 213b BDG": ["BG.BDG:7715-7717", "BG.BDG.022:265-268", "§ 213b BDG # Sabbatical"],
  "§ 213d BDG": ["BG.BDG:7723-7725", "BG.BDG.022:270-273", "§ 213d BDG # Mitarbeitergespräch und Teamarbeitsbesprechung"],
  "§ 213e BDG": ["BG.BDG:7731-7737", "BG.BDG.022:275-284", "§ 213e BDG # Fort- und Weiterbildungsplanungsgespräch"],
  "§ 214 BDG": ["BG.BDG:7743-7745", "BG.BDG.022:286-289", "§ 214 BDG # Amtsverschwiegenheit"],
  "§ 215 BDG": ["BG.BDG:7751-7753", "BG.BDG.022:291-294", "§ 215 BDG # Meldepflichten"],
  "§ 216 BDG": ["BG.BDG:7759-7761", "BG.BDG.022:296-299", "§ 216 BDG # Nebenbeschäftigung"],
  "452": "8. Unterabschnitt",
  "453": "Rechte",
  "§ 217 BDG": ["BG.BDG:7767-7814", "BG.BDG.023:15-63", "§ 217 BDG # Amtstitel"],
  "§ 219 BDG": ["BG.BDG:7820-7855", "BG.BDG.023:65-107", "§ 219 BDG # Ferien und Urlaub"],
  "§ 219a BDG": ["BG.BDG:7861-7875", "BG.BDG.023:109-125", "§ 219a BDG # Dienstfreistellung für Gemeindemandatare"],
  "457": "9. Unterabschnitt",
  "§ 220 BDG": ["BG.BDG:7881-7893", "BG.BDG.023:127-141", "§ 220 BDG # Leistungsfeststellung"],
  "459": "10. Unterabschnitt",
  "§ 221 BDG": ["BG.BDG:7899-7907", "BG.BDG.023:143-154", "§ 221 BDG # Disziplinarrecht"],
  "461": "11. Unterabschnitt",
  "462": "Lehrpersonen in bestimmten Tätigkeiten an Pädagogischen Hochschulen",
  "§ 222 BDG": ["BG.BDG:7913-7977", "BG.BDG.023:156-219", "§ 222 BDG # Lehrpersonen an Pädagogischen Hochschulen eingegliederten Praxisschulen"],
  "§ 223 BDG": ["BG.BDG:7983-7987", "BG.BDG.023:221-227", "§ 223 BDG # Pädagogischen Hochschulen dienstzugeteilte Lehrpersonen"],
  "§ 224 BDG": ["BG.BDG:7993-7995", "BG.BDG.023:229-232", "§ 224 BDG # An Pädagogischen Hochschulen mitverwendete Lehrpersonen"],
  "466": "8. Abschnitt",
  "467": "BEAMTINNEN UND BEAMTE DES SCHULQUALITÄTSMANAGEMENTS",
  "§ 225 BDG": ["BG.BDG:8001-8027", "BG.BDG.023:234-265", "§ 225 BDG # Ausschreibung, Besetzung, Verwendung"],
  "§ 226 BDG": ["BG.BDG:8033-8041", "BG.BDG.023:267-279", "§ 226 BDG # Leitung einer Bildungsregion"],
  "§ 227 BDG": ["BG.BDG:8047-8055", "BG.BDG.023:281-293", "§ 227 BDG # Ausnahmebestimmungen"],
  "§ 227a BDG": ["BG.BDG:8061-8065", "BG.BDG.023:295-301", "§ 227a BDG # Amtstitel"],
  "472": "8a. Abschnitt",
  "473": "Sonderbestimmungen für Beamtinnen und Beamte in der Schulevaluation",
  "§ 227b BDG": ["BG.BDG:8071-8095", "BG.BDG.024:15-47", "§ 227b BDG"],
  "475": "9. Abschnitt",
  "476": "BEAMTE DES POST- UND FERNMELDEWESENS",
  "§ 228 BDG": ["BG.BDG:8101-8111", "BG.BDG.024:49-60", "§ 228 BDG # Anwendungsbereich"],
  "§ 229 BDG": ["BG.BDG:8117-8156", "BG.BDG.024:62-104", "§ 229 BDG # Ernennungserfordernis"],
  "§ 230 BDG": ["BG.BDG:8162-8232", "BG.BDG.024:106-179", "§ 230 BDG # Amtstitel und Verwendungsbezeichnungen"],
  "§ 230a BDG": ["BG.BDG:8238-8254", "BG.BDG.024:181-203", "§ 230a BDG # Zeitlich begrenzte Funktionen"],
  "§ 230b BDG": ["BG.BDG:8260-8274", "BG.BDG.024:205-222", "§ 230b BDG # Karenzurlaub"],
  "§ 231 BDG": ["BG.BDG:8280-8284", "BG.BDG.024:224-230", "§ 231 BDG # Leistungsfeststellung und Disziplinarrecht"],
  "483": "10. Abschnitt",
  "484": "BEAMTE DES KRANKENPFLEGEDIENSTES",
  "§ 231a BDG": ["BG.BDG:8290-8323", "BG.BDG.024:232-264", "§ 231a BDG # Anwendungsbereich"],
  "§ 231b BDG": ["BG.BDG:8329-8347", "BG.BDG.024:266-284", "§ 231b BDG # Ernennungserfordernisse"],
  "§ 231c BDG": ["BG.BDG:8353-8376", "BG.BDG.024:286-311", "§ 231c BDG # Amtstitel"],
  "488": "SCHLUSSTEIL",
  "489": "1. Abschnitt",
  "§ 232 BDG": ["BG.BDG:8382-8400", "BG.BDG.024:313-331", "§ 232 BDG # AUSSERKRAFTTRETEN VON RECHTSVORSCHRIFTEN"],
  "491": "2. Abschnitt",
  "492": "ÜBERGANGSBESTIMMUNGEN",
  "493": "1. Unterabschnitt",
  "494": "ALLGEMEINE ÜBERGANGSBESTIMMUNGEN",
  "§ 233 BDG": ["BG.BDG:8406-8416", "BG.BDG.025:15-20", "§ 233 BDG # Übergangsbestimmungen zur Dienstrechts-Novelle 2004"],
  "§ 233a BDG": ["BG.BDG:8422-8426", "BG.BDG.025:22-28", "§ 233a BDG # Übergangsbestimmung zur 2. Dienstrechts-Novelle 2005"],
  "§ 233b BDG": ["BG.BDG:8432-8438", "BG.BDG.025:30-39", "§ 233b BDG # Übergangsbestimmungen zur Dienstrechts-Novelle 2011"],
  "§ 234 BDG": ["BG.BDG:8444-8480", "BG.BDG.025:41-80", "§ 234 BDG # Ernennungserfordernisse und Definitivstellungserfordernisse"],
  "§ 235 BDG": ["BG.BDG:8486-8514", "BG.BDG.025:82-113", "§ 235 BDG"],
  "§ 236 BDG": ["BG.BDG:8520-8528", "BG.BDG.025:115-127", "§ 236 BDG"],
  "§ 236a BDG": ["BG.BDG:8534-8544", "BG.BDG.025:129-140", "§ 236a BDG # Versetzung in den Ruhestand und Wiederaufnahme in den Dienststand"],
  "502": "Übergangsbestimmungen zur Novelle BGBl. I Nr. 86/2001",
  "§ 236b BDG": ["BG.BDG:8550-8598", "BG.BDG.026:15-68", "§ 236b BDG # Versetzung in den Ruhestand von vor 1954 geborenen Beamtinnen und Beamten mit langer beitragsgedeckter Gesamtdienstzeit"],
  "§ 236d BDG": ["BG.BDG:8604-8630", "BG.BDG.026:70-100", "§ 236d BDG # Versetzung in den Ruhestand von nach 1953 geborenen Beamtinnen und Beamten mit langer beitragsgedeckter Gesamtdienstzeit"],
  "§ 237 BDG": ["BG.BDG:8636-8638", "BG.BDG.026:102-105", "§ 237 BDG"],
  "§ 240a BDG": ["BG.BDG:8644-8646", "BG.BDG.026:107-110", "§ 240a BDG # Zusätzliche Tätigkeiten für Universitäten"],
  "§ 241 BDG": ["BG.BDG:8652-8656", "BG.BDG.026:112-118", "§ 241 BDG # Herabsetzung der regelmäßigen Wochendienstzeit"],
  "§ 241a BDG": ["BG.BDG:8662-8670", "BG.BDG.026:120-132", "§ 241a BDG # Karenzurlaub"],
  "§ 241b BDG": ["BG.BDG:8676-8682", "BG.BDG.026:134-141", "§ 241b BDG # Außerdienststellung"],
  "§ 242 BDG": ["BG.BDG:8688-8700", "BG.BDG.026:143-157", "§ 242 BDG # Erholungsurlaub"],
  "§ 243 BDG": ["BG.BDG:8706-8722", "BG.BDG.026:159-183", "§ 243 BDG # Übergangsbestimmungen zur Änderung des Disziplinarrechts mit der 2. Dienstrechts-Novelle 2019, BGBl. I Nr. 58/2019"],
  "512": "2. Unterabschnitt",
  "513": "ALLGEMEINER VERWALTUNGSDIENST",
  "§ 244 BDG": ["BG.BDG:8728-8744", "BG.BDG.026:185-202", "§ 244 BDG # Zeitlicher Geltungsbereich"],
  "§ 244a BDG": ["BG.BDG:8750-8752", "BG.BDG.026:204-207", "§ 244a BDG # Allgemeiner Verwaltungsdienst in der Fernmeldebehörde"],
  "516": "3. Unterabschnitt",
  "517": "EXEKUTIVDIENST",
  "§ 245 BDG": ["BG.BDG:8758-8774", "BG.BDG.026:209-227", "§ 245 BDG # Zeitlicher Geltungsbereich"],
  "§ 246 BDG": ["BG.BDG:8780-8782", "BG.BDG.026:229-232", "§ 246 BDG # Ernennungserfordernisse"],
  "520": "4. Unterabschnitt",
  "521": "MILITÄRISCHER DIENST",
  "§ 247 BDG": ["BG.BDG:8788-8842", "BG.BDG.026:234-293", "§ 247 BDG # Zeitlicher Geltungsbereich"],
  "523": "5. Unterabschnitt",
  "§ 247b BDG": ["BG.BDG:8848-8856", "BG.BDG.027:15-26", "§ 247b BDG # HOCHSCHULLEHRER"],
  "§ 247d BDG": ["BG.BDG:8862-8864", "BG.BDG.027:28-31", "§ 247d BDG # Freistellung"],
  "§ 247e BDG": ["BG.BDG:8870-8884", "BG.BDG.027:33-50", "§ 247e BDG # Übergangsbestimmungen zur 2. BDG-Novelle 1997"],
  "§ 247f BDG": ["BG.BDG:8890-8894", "BG.BDG.027:52-58", "§ 247f BDG # Übergangsbestimmungen zur Dienstrechts-Novelle 1999"],
  "528": "6. Unterabschnitt",
  "§ 248 BDG": ["BG.BDG:8900-8924", "BG.BDG.027:60-91", "§ 248 BDG # LEHRER"],
  "§ 248a BDG": ["BG.BDG:8930-8940", "BG.BDG.027:93-106", "§ 248a BDG"],
  "§ 248b BDG": ["BG.BDG:8946-8954", "BG.BDG.027:108-120", "§ 248b BDG # Lehrer an Akademien für Sozialarbeit"],
  "§ 248c BDG": ["BG.BDG:8960-8970", "BG.BDG.027:122-132", "§ 248c BDG"],
  "§ 248d BDG": ["BG.BDG:8976-8987", "BG.BDG.027:134-150", "§ 248d BDG # Übergangsbestimmung zur Novelle BGBl. I Nr. 138/2017"],
  "§ 248e BDG": ["BG.BDG:8993-8995", "BG.BDG.027:152-155", "§ 248e BDG # Übergangsbestimmung zur Novelle BGBl. I Nr. 153/2020"],
  "535": "7. Unterabschnitt",
  "§ 249 BDG": ["BG.BDG:9001-9019", "BG.BDG.027:157-183", "§ 249 BDG # BEAMTE DES POST- UND FERNMELDEWESENS"],
  "537": "8. Unterabschnitt",
  "538": "Beamte der Fernmeldebehörde",
  "§ 249a BDG": ["BG.BDG:9025-9035", "BG.BDG.027:185-196", "§ 249a BDG # Anwendungsbereich"],
  "§ 249b BDG": ["BG.BDG:9041-9057", "BG.BDG.027:198-217", "§ 249b BDG # Ernennungserfordernisse"],
  "§ 249c BDG": ["BG.BDG:9063-9108", "BG.BDG.027:219-266", "§ 249c BDG # Amtstitel und Verwendungsbezeichnungen"],
  "§ 249d BDG": ["BG.BDG:9114-9128", "BG.BDG.027:268-287", "§ 249d BDG # Zeitlich begrenzte Funktionen"],
  "§ 249e BDG": ["BG.BDG:9134-9138", "BG.BDG.027:289-295", "§ 249e BDG # Leistungsfeststellung und Disziplinarrecht"],
  "544": "9. Unterabschnitt",
  "545": "BEAMTE DES KRANKENPFLEGEDIENSTES",
  "§ 250 BDG": ["BG.BDG:9144-9150", "BG.BDG.028:15-20", "§ 250 BDG # Überleitung"],
  "§ 251 BDG": ["BG.BDG:9156-9168", "BG.BDG.028:22-38", "§ 251 BDG # Sonderausbildung"],
  "548": "10. Unterabschnitt",
  "549": "BEAMTE DER ALLGEMEINEN VERWALTUNG UND BEAMTE IN HANDWERKLICHER VERWENDUNG",
  "§ 252 BDG": ["BG.BDG:9174-9180", "BG.BDG.028:40-45", "§ 252 BDG # Einteilung"],
  "§ 253 BDG": ["BG.BDG:9186-9198", "BG.BDG.028:47-61", "§ 253 BDG # Ernennung und Betrauung mit einer Funktion"],
  "§ 253a BDG": ["BG.BDG:9204-9206", "BG.BDG.028:63-66", "§ 253a BDG # Ernennungserfordernisse"],
  "§ 254 BDG": ["BG.BDG:9212-9290", "BG.BDG.028:68-158", "§ 254 BDG # Überleitung in andere Verwendungsgruppen"],
  "§ 255 BDG": ["BG.BDG:9296-9336", "BG.BDG.028:160-203", "§ 255 BDG # Amtstitel"],
  "§ 256 BDG": ["BG.BDG:9342-9391", "BG.BDG.028:205-257", "§ 256 BDG # Verwendungsbezeichnungen"],
  "§ 257 BDG": ["BG.BDG:9397-9399", "BG.BDG.028:259-262", "§ 257 BDG # Sonderbestimmungen für Beamte des höheren Dienstes in wissenschaftlicher Verwendung an Universitäten"],
  "§ 258 BDG": ["BG.BDG:9405-9409", "BG.BDG.028:264-270", "§ 258 BDG # Leistungsfeststellung und Disziplinarrecht Leistungsfeststellungs- und Disziplinarkommissionen im PTA-Bereich und in der Fernmeldebehörde"],
  "§ 259 BDG": ["BG.BDG:9415-9417", "BG.BDG.028:272-275", "§ 259 BDG # Besondere Bestimmungen für Beamte, die zur Ausübung einer Unteroffiziersfunktion herangezogen sind"],
  "559": "11. Unterabschnitt",
  "560": "WACHEBEAMTE",
  "§ 260 BDG": ["BG.BDG:9423-9429", "BG.BDG.029:15-20", "§ 260 BDG # Einteilung"],
  "§ 261 BDG": ["BG.BDG:9435-9443", "BG.BDG.029:22-34", "§ 261 BDG # Ernennung und Betrauung mit einer Funktion"],
  "§ 262 BDG": ["BG.BDG:9449-9481", "BG.BDG.029:36-79", "§ 262 BDG # Überleitung in andere Verwendungsgruppen"],
  "§ 263 BDG": ["BG.BDG:9487-9489", "BG.BDG.029:81-84", "§ 263 BDG # Dienstzeit"],
  "§ 264 BDG": ["BG.BDG:9495-9499", "BG.BDG.029:86-92", "§ 264 BDG # Amtstitel und Verwendungsbezeichnungen"],
  "§ 265 BDG": ["BG.BDG:9505-9513", "BG.BDG.029:94-103", "§ 265 BDG # Leistungsfeststellung"],
  "567": "12. Unterabschnitt",
  "568": "BERUFSOFFIZIERE",
  "§ 267 BDG": ["BG.BDG:9519-9525", "BG.BDG.029:105-110", "§ 267 BDG # Einteilung"],
  "§ 268 BDG": ["BG.BDG:9531-9539", "BG.BDG.029:112-124", "§ 268 BDG # Ernennung und Betrauung mit einer Funktion"],
  "§ 269 BDG": ["BG.BDG:9545-9599", "BG.BDG.029:126-191", "§ 269 BDG # Überleitung in andere Verwendungsgruppen"],
  "§ 270 BDG": ["BG.BDG:9605-9611", "BG.BDG.029:193-200", "§ 270 BDG # Dienstverhältnis"],
  "§ 271 BDG": ["BG.BDG:9617-9621", "BG.BDG.029:202-208", "§ 271 BDG # Amtstitel und Verwendungsbezeichnungen"],
  "§ 272 BDG": ["BG.BDG:9627-9629", "BG.BDG.029:210-213", "§ 272 BDG # Disziplinarrecht"],
  "575": "13. Unterabschnitt",
  "576": "SCHUL- UND FACHINSPEKTOREN",
  "§ 273 BDG": ["BG.BDG:9635-9659", "BG.BDG.029:215-247", "§ 273 BDG # Anwendungsbereich und Einteilung"],
  "§ 274 BDG": ["BG.BDG:9665-9671", "BG.BDG.029:249-256", "§ 274 BDG # Amtstitel"],
  "579": "2a. Abschnitt",
  "580": "Elektronische Zustellung",
  "§ 275 BDG": ["BG.BDG:9677-9683", "BG.BDG.029:258-263", "§ 275 BDG # Anwendungsbereich"],
  "§ 276 BDG": ["BG.BDG:9689-9705", "BG.BDG.029:265-285", "§ 276 BDG # Anmeldung zum Teilnehmerverzeichnis"],
  "§ 277 BDG": ["BG.BDG:9711-9715", "BG.BDG.029:287-293", "§ 277 BDG # Zustellungen"],
  "§ 277a BDG": ["BG.BDG:9721-9727", "BG.BDG.029:295-302", "§ 277a BDG # Zustellung mit Zustellnachweis"],
  "§ 277b BDG": ["BG.BDG:9733-9735", "BG.BDG.029:304-307", "§ 277b BDG # Anzeigemodul"],
  "§ 277c BDG": ["BG.BDG:9741-9743", "BG.BDG.029:309-312", "§ 277c BDG # Elektronische Verständigung"],
  "587": "3. Abschnitt",
  "588": "SCHLUSSBESTIMMUNGEN",
  "§ 278 BDG": ["BG.BDG:9749-9759", "BG.BDG.030:15-26", "§ 278 BDG # Begriffsbestimmungen"],
  "§ 279 BDG": ["BG.BDG:9765-9767", "BG.BDG.030:28-31", "§ 279 BDG # Mitwirkungsbefugnisse"],
  "§ 280 BDG": ["BG.BDG:9773-9823", "BG.BDG.030:33-88", "§ 280 BDG # Datenverarbeitung"],
  "§ 280a BDG": ["BG.BDG:9829-9845", "BG.BDG.030:90-114", "§ 280a BDG # Elektronische Personenkennzeichnung und Datenaufbewahrung"],
  "§ 280b BDG": ["BG.BDG:9851-9871", "BG.BDG.030:116-146", "§ 280b BDG # IT-Unterstützung des Personalmanagements des Bundes und Rechte der betroffenen Personen"],
  "§ 280c BDG": ["BG.BDG:9877-9889", "BG.BDG.030:148-166", "§ 280c BDG"],
  "§ 281 BDG": ["BG.BDG:9895-9922", "BG.BDG.030:168-199", "§ 281 BDG # Dienstliche Ausbildung"],
  "§ 283 BDG": ["BG.BDG:9928-9932", "BG.BDG.030:201-207", "§ 283 BDG # Lehrer"],
  "§ 284 BDG": ["BG.BDG:9938-10760", "BG.BDG.030:209-1137", "§ 284 BDG # Inkrafttreten"],
  "§ 285 BDG": ["BG.BDG:10766-10768", "BG.BDG.030:1139-1142", "§ 285 BDG # Verweisungen auf andere Bundesgesetze"],
  "§ 286 BDG": ["BG.BDG:10774-10776", "BG.BDG.030:1144-1147", "§ 286 BDG # Vollziehung"]
}
