{
  "000": "Artikel 1",
  "001": "(Verfassungsbestimmung)",
  "Art. 1 § 1 DSG": ["BG.DSG:151-168", "BG.DSG.001:17-36", "Art. 1 § 1 DSG # Grundrecht auf Datenschutz"],
  "003": "Artikel 2",
  "004": "1. Hauptstück",
  "005": "Durchführung der Datenschutz-Grundverordnung und ergänzende Regelungen",
  "006": "1. Abschnitt",
  "007": "Allgemeine Bestimmungen",
  "Art. 2 § 4 DSG": ["BG.DSG:174-201", "BG.DSG.001:38-63", "Art. 2 § 4 DSG # Anwendungsbereich und Durchführungsbestimmung"],
  "Art. 2 § 5 DSG": ["BG.DSG:207-217", "BG.DSG.001:65-80", "Art. 2 § 5 DSG # Datenschutzbeauftragter"],
  "Art. 2 § 6 DSG": ["BG.DSG:223-233", "BG.DSG.001:82-97", "Art. 2 § 6 DSG # Datengeheimnis"],
  "011": "2. Abschnitt",
  "012": "Datenverarbeitungen zu spezifischen Zwecken",
  "Art. 2 § 7 DSG": ["BG.DSG:239-277", "BG.DSG.002:15-55", "Art. 2 § 7 DSG # Verarbeitung für im öffentlichen Interesse liegende Archivzwecke, wissenschaftliche oder historische Forschungszwecke oder statistische Zwecke"],
  "Art. 2 § 8 DSG": ["BG.DSG:283-311", "BG.DSG.002:57-90", "Art. 2 § 8 DSG # Zurverfügungstellung von Adressen zur Benachrichtigung und Befragung von betroffenen Personen"],
  "Art. 2 § 9 DSG": ["BG.DSG:317-357", "BG.DSG.002:92-134", "Art. 2 § 9 DSG # Freiheit der Meinungsäußerung und Informationsfreiheit"],
  "Art. 2 § 10 DSG": ["BG.DSG:363-375", "BG.DSG.002:136-154", "Art. 2 § 10 DSG # Verarbeitung personenbezogener Daten im Katastrophenfall"],
  "Art. 2 § 11 DSG": ["BG.DSG:381-383", "BG.DSG.002:156-159", "Art. 2 § 11 DSG # Verwarnung durch die Datenschutzbehörde"],
  "018": "3. Abschnitt",
  "019": "Bildverarbeitung",
  "Art. 2 § 12 DSG": ["BG.DSG:389-425", "BG.DSG.002:161-200", "Art. 2 § 12 DSG # Zulässigkeit der Bildaufnahme"],
  "Art. 2 § 13 DSG": ["BG.DSG:431-445", "BG.DSG.002:202-223", "Art. 2 § 13 DSG # Besondere Datensicherheitsmaßnahmen und Kennzeichnung"],
  "022": "2. Hauptstück",
  "023": "Organe",
  "024": "1. Abschnitt",
  "025": "Datenschutzrat",
  "Art. 2 § 14 DSG": ["BG.DSG:451-475", "BG.DSG.003:15-36", "Art. 2 § 14 DSG # Einrichtung und Aufgaben"],
  "Art. 2 § 15 DSG": ["BG.DSG:481-519", "BG.DSG.003:38-83", "Art. 2 § 15 DSG # Zusammensetzung"],
  "Art. 2 § 16 DSG": ["BG.DSG:525-543", "BG.DSG.003:85-107", "Art. 2 § 16 DSG # Vorsitz und Geschäftsführung"],
  "Art. 2 § 17 DSG": ["BG.DSG:549-565", "BG.DSG.003:109-133", "Art. 2 § 17 DSG # Sitzungen und Beschlussfassung"],
  "030": "2. Abschnitt",
  "031": "Datenschutzbehörde",
  "Art. 2 § 18 DSG": ["BG.DSG:571-579", "BG.DSG.003:135-143", "Art. 2 § 18 DSG # Einrichtung"],
  "Art. 2 § 19 DSG": ["BG.DSG:585-599", "BG.DSG.003:145-161", "Art. 2 § 19 DSG # Unabhängigkeit"],
  "Art. 2 § 20 DSG": ["BG.DSG:605-629", "BG.DSG.003:163-192", "Art. 2 § 20 DSG # Leiter der Datenschutzbehörde"],
  "Art. 2 § 21 DSG": ["BG.DSG:635-641", "BG.DSG.003:194-203", "Art. 2 § 21 DSG # Aufgaben"],
  "Art. 2 § 22 DSG": ["BG.DSG:647-659", "BG.DSG.003:205-223", "Art. 2 § 22 DSG # Befugnisse"],
  "Art. 2 § 23 DSG": ["BG.DSG:665-669", "BG.DSG.003:225-231", "Art. 2 § 23 DSG # Tätigkeitsbericht und Veröffentlichung von Entscheidungen"],
  "038": "3. Abschnitt",
  "039": "Rechtsbehelfe, Haftung und Sanktionen",
  "Art. 2 § 24 DSG": ["BG.DSG:675-715", "BG.DSG.004:15-63", "Art. 2 § 24 DSG # Beschwerde an die Datenschutzbehörde"],
  "Art. 2 § 25 DSG": ["BG.DSG:721-729", "BG.DSG.004:65-77", "Art. 2 § 25 DSG # Begleitende Maßnahmen im Beschwerdeverfahren"],
  "Art. 2 § 26 DSG": ["BG.DSG:735-747", "BG.DSG.004:79-95", "Art. 2 § 26 DSG # Verantwortliche des öffentlichen und des privaten Bereichs"],
  "Art. 2 § 27 DSG": ["BG.DSG:753-763", "BG.DSG.004:97-112", "Art. 2 § 27 DSG # Beschwerde an das Bundesverwaltungsgericht"],
  "Art. 2 § 28 DSG": ["BG.DSG:769-771", "BG.DSG.004:114-117", "Art. 2 § 28 DSG # Vertretung von betroffenen Personen"],
  "Art. 2 § 29 DSG": ["BG.DSG:777-781", "BG.DSG.004:119-125", "Art. 2 § 29 DSG # Haftung und Recht auf Schadenersatz"],
  "Art. 2 § 30 DSG": ["BG.DSG:787-805", "BG.DSG.004:127-149", "Art. 2 § 30 DSG # Allgemeine Bedingungen für die Verhängung von Geldbußen"],
  "047": "4. Abschnitt",
  "048": "Aufsichtsbehörde nach der Richtlinie (EU) 2016/680",
  "Art. 2 § 31 DSG": ["BG.DSG:811-819", "BG.DSG.004:151-159", "Art. 2 § 31 DSG # Datenschutzbehörde"],
  "Art. 2 § 32 DSG": ["BG.DSG:825-847", "BG.DSG.004:161-186", "Art. 2 § 32 DSG # Aufgaben der Datenschutzbehörde"],
  "Art. 2 § 33 DSG": ["BG.DSG:853-869", "BG.DSG.004:188-209", "Art. 2 § 33 DSG # Befugnisse der Datenschutzbehörde"],
  "Art. 2 § 34 DSG": ["BG.DSG:875-891", "BG.DSG.004:211-232", "Art. 2 § 34 DSG # Allgemeine Bestimmungen"],
  "053": "5. Abschnitt",
  "054": "Besondere Befugnisse der Datenschutzbehörde",
  "Art. 2 § 35 DSG": ["BG.DSG:897-905", "BG.DSG.004:234-242", "Art. 2 § 35 DSG"],
  "056": "6. Abschnitt",
  "057": "Parlamentarisches Datenschutzkomitee",
  "Art. 2 § 35a DSG": ["BG.DSG:911-927", "BG.DSG.005:15-32", "Art. 2 § 35a DSG # Einrichtung"],
  "Art. 2 § 35b DSG": ["BG.DSG:933-955", "BG.DSG.005:34-61", "Art. 2 § 35b DSG # Mitglieder"],
  "Art. 2 § 35c DSG": ["BG.DSG:961-973", "BG.DSG.005:63-77", "Art. 2 § 35c DSG # Unabhängigkeit"],
  "Art. 2 § 35d DSG": ["BG.DSG:979-987", "BG.DSG.005:79-91", "Art. 2 § 35d DSG # Vorsitz und Beschlussfassung"],
  "Art. 2 § 35e DSG": ["BG.DSG:993-999", "BG.DSG.005:93-102", "Art. 2 § 35e DSG # Aufgaben, Befugnisse, Tätigkeitsbericht und Veröffentlichung von Entscheidungen"],
  "Art. 2 § 35f DSG": ["BG.DSG:1005-1009", "BG.DSG.005:104-110", "Art. 2 § 35f DSG # Beschwerde an das Parlamentarische Datenschutzkomitee"],
  "Art. 2 § 35g DSG": ["BG.DSG:1015-1021", "BG.DSG.005:112-121", "Art. 2 § 35g DSG # Parteistellung, Rechtsmittellegitimation und Geheimhaltungsverpflichtung"],
  "Art. 2 § 35h DSG": ["BG.DSG:1027-1029", "BG.DSG.005:123-126", "Art. 2 § 35h DSG # Beschwerde an das Bundesverwaltungsgericht"],
  "066": "7. Abschnitt",
  "067": "Vertretung im Europäischen Datenschutzausschuss, zentrale Anlaufstelle und Zusammenarbeit der Aufsichtsbehörden in Angelegenheiten der Europäischen Union",
  "Art. 2 § 35i DSG": ["BG.DSG:1035-1041", "BG.DSG.005:128-133", "Art. 2 § 35i DSG # Vertretung im Europäischen Datenschutzausschuss, zentrale Anlaufstelle"],
  "Art. 2 § 35j DSG": ["BG.DSG:1047-1049", "BG.DSG.005:135-138", "Art. 2 § 35j DSG # Zusammenarbeit und Kohärenz"],
  "070": "3. Hauptstück",
  "071": "Verarbeitung personenbezogener Daten für Zwecke der Sicherheitspolizei einschließlich des Verfassungsschutzes, des militärischen Eigenschutzes, der Aufklärung und Verfolgung von Straftaten, der Strafvollstreckung und des Maßnahmenvollzugs",
  "072": "1. Abschnitt",
  "073": "Allgemeine Bestimmungen",
  "Art. 2 § 36 DSG": ["BG.DSG:1055-1103", "BG.DSG.005:140-184", "Art. 2 § 36 DSG # Anwendungsbereich und Begriffsbestimmungen"],
  "Art. 2 § 37 DSG": ["BG.DSG:1109-1149", "BG.DSG.005:186-235", "Art. 2 § 37 DSG # Grundsätze für die Datenverarbeitung, Kategorisierung und Datenqualität"],
  "Art. 2 § 38 DSG": ["BG.DSG:1155-1157", "BG.DSG.005:237-240", "Art. 2 § 38 DSG # Rechtmäßigkeit der Verarbeitung"],
  "Art. 2 § 39 DSG": ["BG.DSG:1163-1169", "BG.DSG.005:242-249", "Art. 2 § 39 DSG # Verarbeitung besonderer Kategorien personenbezogener Daten"],
  "Art. 2 § 40 DSG": ["BG.DSG:1175-1181", "BG.DSG.005:251-260", "Art. 2 § 40 DSG # Verarbeitung für andere Zwecke und Übermittlung"],
  "Art. 2 § 41 DSG": ["BG.DSG:1187-1193", "BG.DSG.005:262-271", "Art. 2 § 41 DSG # Automatisierte Entscheidungsfindung im Einzelfall"],
  "080": "2. Abschnitt",
  "081": "Rechte der betroffenen Person",
  "Art. 2 § 42 DSG": ["BG.DSG:1199-1227", "BG.DSG.006:15-49", "Art. 2 § 42 DSG # Grundsätze"],
  "Art. 2 § 43 DSG": ["BG.DSG:1233-1271", "BG.DSG.006:51-93", "Art. 2 § 43 DSG # Information der betroffenen Person"],
  "Art. 2 § 44 DSG": ["BG.DSG:1277-1301", "BG.DSG.006:95-124", "Art. 2 § 44 DSG # Auskunftsrecht der betroffenen Person"],
  "Art. 2 § 45 DSG": ["BG.DSG:1307-1332", "BG.DSG.006:126-156", "Art. 2 § 45 DSG # Recht auf Berichtigung oder Löschung personenbezogener Daten und auf Einschränkung der Verarbeitung"],
  "086": "3. Abschnitt",
  "087": "Verantwortlicher und Auftragsverarbeiter",
  "Art. 2 § 46 DSG": ["BG.DSG:1338-1344", "BG.DSG.006:158-163", "Art. 2 § 46 DSG # Pflichten des Verantwortlichen"],
  "Art. 2 § 47 DSG": ["BG.DSG:1350-1352", "BG.DSG.006:165-168", "Art. 2 § 47 DSG # Gemeinsam Verantwortliche"],
  "Art. 2 § 48 DSG": ["BG.DSG:1358-1390", "BG.DSG.006:170-208", "Art. 2 § 48 DSG # Auftragsverarbeiter und Aufsicht über die Verarbeitung"],
  "Art. 2 § 49 DSG": ["BG.DSG:1396-1414", "BG.DSG.006:210-231", "Art. 2 § 49 DSG # Verzeichnis von Verarbeitungstätigkeiten"],
  "Art. 2 § 50 DSG": ["BG.DSG:1420-1430", "BG.DSG.006:233-248", "Art. 2 § 50 DSG # Protokollierung"],
  "Art. 2 § 51 DSG": ["BG.DSG:1436-1438", "BG.DSG.006:250-253", "Art. 2 § 51 DSG # Zusammenarbeit mit der Datenschutzbehörde"],
  "Art. 2 § 52 DSG": ["BG.DSG:1444-1446", "BG.DSG.006:255-258", "Art. 2 § 52 DSG # Datenschutz-Folgenabschätzung"],
  "Art. 2 § 53 DSG": ["BG.DSG:1452-1454", "BG.DSG.006:260-263", "Art. 2 § 53 DSG # Vorherige Konsultation der Datenschutzbehörde"],
  "Art. 2 § 54 DSG": ["BG.DSG:1460-1484", "BG.DSG.006:265-291", "Art. 2 § 54 DSG # Datensicherheitsmaßnahmen"],
  "Art. 2 § 55 DSG": ["BG.DSG:1490-1494", "BG.DSG.006:293-299", "Art. 2 § 55 DSG # Meldung von Verletzungen an die Datenschutzbehörde"],
  "Art. 2 § 56 DSG": ["BG.DSG:1500-1504", "BG.DSG.006:301-307", "Art. 2 § 56 DSG # Benachrichtigung der betroffenen Person von Verletzungen"],
  "Art. 2 § 57 DSG": ["BG.DSG:1510-1518", "BG.DSG.006:309-321", "Art. 2 § 57 DSG # Benennung, Stellung und Aufgaben des Datenschutzbeauftragten"],
  "100": "4. Abschnitt",
  "101": "Übermittlung personenbezogener Daten an Drittländer oder internationale Organisationen",
  "Art. 2 § 58 DSG": ["BG.DSG:1524-1544", "BG.DSG.007:15-36", "Art. 2 § 58 DSG # Allgemeine Grundsätze für die Übermittlung personenbezogener Daten"],
  "Art. 2 § 59 DSG": ["BG.DSG:1550-1578", "BG.DSG.007:38-73", "Art. 2 § 59 DSG # Datenübermittlung an Drittländer oder internationale Organisationen"],
  "104": "4. Hauptstück",
  "105": "Besondere Strafbestimmungen",
  "Art. 2 § 62 DSG": ["BG.DSG:1584-1610", "BG.DSG.007:75-105", "Art. 2 § 62 DSG # Verwaltungsstrafbestimmung"],
  "Art. 2 § 63 DSG": ["BG.DSG:1616-1618", "BG.DSG.007:107-110", "Art. 2 § 63 DSG # Datenverarbeitung in Gewinn- oder Schädigungsabsicht"],
  "108": "5. Hauptstück",
  "109": "Schlussbestimmungen",
  "Art. 2 § 64 DSG": ["BG.DSG:1624-1632", "BG.DSG.007:112-120", "Art. 2 § 64 DSG # Durchführung und Umsetzung von Rechtsakten der EU"],
  "Art. 2 § 65 DSG": ["BG.DSG:1638-1640", "BG.DSG.007:122-125", "Art. 2 § 65 DSG # Sprachliche Gleichbehandlung"],
  "Art. 2 § 66 DSG": ["BG.DSG:1646-1648", "BG.DSG.007:127-130", "Art. 2 § 66 DSG # Erlassung von Verordnungen"],
  "Art. 2 § 67 DSG": ["BG.DSG:1654-1656", "BG.DSG.007:132-135", "Art. 2 § 67 DSG # Verweisungen"],
  "Art. 2 § 68 DSG": ["BG.DSG:1662-1666", "BG.DSG.007:137-143", "Art. 2 § 68 DSG # Vollziehung"],
  "Art. 2 § 69 DSG": ["BG.DSG:1672-1694", "BG.DSG.007:145-178", "Art. 2 § 69 DSG # Übergangsbestimmungen"],
  "Art. 2 § 70 DSG": ["BG.DSG:1700-1736", "BG.DSG.007:180-232", "Art. 2 § 70 DSG # Inkrafttreten"]
}
