{
  "000": "Erster Teil",
  "001": "Exekution",
  "002": "Erster Abschnitt",
  "003": "Allgemeine Bestimmungen",
  "004": "Erster Titel",
  "005": "Exekutionsvoraussetzungen",
  "§ 1 EO": ["BG.EO:744-794", "BG.EO.001:17-58", "§ 1 EO # Exekutionstitel"],
  "§ 2 EO": ["BG.EO:800-804", "BG.EO.001:60-66", "§ 2 EO # Ausländische Exekutionstitel"],
  "§ 3 EO": ["BG.EO:810-812", "BG.EO.001:68-71", "§ 3 EO # Sachliche Zuständigkeit"],
  "§ 4 EO": ["BG.EO:818-822", "BG.EO.001:73-79", "§ 4 EO # Örtliche Zuständigkeit bei einer Exekution zur Hereinbringung einer Geldforderung auf das bewegliche Vermögen"],
  "§ 5 EO": ["BG.EO:828-834", "BG.EO.001:81-90", "§ 5 EO # Mehrere allgemeine Gerichtsstände"],
  "§ 5a EO": ["BG.EO:840-842", "BG.EO.001:92-95", "§ 5a EO # Verlegung des allgemeinen Gerichtsstands"],
  "§ 5b EO": ["BG.EO:848-852", "BG.EO.001:97-103", "§ 5b EO # Örtliche Zuständigkeit bei einer Exekution zur Hereinbringung einer Geldforderung auf das unbewegliche Vermögen"],
  "§ 5c EO": ["BG.EO:858-864", "BG.EO.001:105-114", "§ 5c EO # Örtliche Zuständigkeit bei einer Exekution zur Erwirkung von Handlungen, Duldungen oder Unterlassungen"],
  "§ 6 EO": ["BG.EO:870-876", "BG.EO.001:116-123", "§ 6 EO # Wahlrecht des Gläubigers"],
  "§ 6a EO": ["BG.EO:882-888", "BG.EO.001:125-134", "§ 6a EO # Ersuchen um Vollzug"],
  "§ 7 EO": ["BG.EO:894-905", "BG.EO.001:136-152", "§ 7 EO # Bestimmtheit des Exekutionstitels – Bestätigung der Vollstreckbarkeit"],
  "§ 8 EO": ["BG.EO:911-921", "BG.EO.001:154-167", "§ 8 EO # Zug-um-Zug–Leistung – Wertsicherungsklausel"],
  "§ 8a EO": ["BG.EO:927-929", "BG.EO.001:169-172", "§ 8a EO # Variable Zinsen"],
  "§ 9 EO": ["BG.EO:935-937", "BG.EO.001:174-177", "§ 9 EO # Exekution gegen und zugunsten Dritter"],
  "§ 10 EO": ["BG.EO:943-945", "BG.EO.001:179-182", "§ 10 EO # Urteil über den Vollstreckungsanspruch"],
  "§ 12 EO": ["BG.EO:951-955", "BG.EO.001:184-190", "§ 12 EO # Wahlschulden"],
  "§ 13 EO": ["BG.EO:961-963", "BG.EO.001:192-195", "§ 13 EO # Teilvollstreckbarkeit von Exekutionstiteln"],
  "§ 14 EO": ["BG.EO:969-971", "BG.EO.001:197-200", "§ 14 EO # Anwendung mehrerer Exekutionsmittel"],
  "§ 15 EO": ["BG.EO:977-979", "BG.EO.001:202-205", "§ 15 EO # Exekution gegen Gemeinden und öffentlich gemeinnützige Anstalten"],
  "025": "Zweiter Titel",
  "026": "Durchführung der Exekution",
  "§ 16 EO": ["BG.EO:985-995", "BG.EO.002:15-26", "§ 16 EO # Beginn des Exekutionsvollzugs"],
  "§ 17 EO": ["BG.EO:1001-1005", "BG.EO.002:28-34", "§ 17 EO # Befugnisse des Exekutionsgerichts"],
  "§ 18 EO": ["BG.EO:1011-1023", "BG.EO.002:36-52", "§ 18 EO # Ruhen und Fortsetzung des Exekutionsverfahrens"],
  "§ 19 EO": ["BG.EO:1029-1039", "BG.EO.002:54-66", "§ 19 EO # Exekutionspaket"],
  "§ 20 EO": ["BG.EO:1045-1053", "BG.EO.002:68-80", "§ 20 EO # Erweitertes Exekutionspaket"],
  "§ 21 EO": ["BG.EO:1059-1063", "BG.EO.002:82-88", "§ 21 EO # Erweitertes Exekutionspaket zugunsten mehrerer Gläubiger"],
  "§ 22 EO": ["BG.EO:1069-1071", "BG.EO.002:90-93", "§ 22 EO # Pfändung zugunsten weiterer betreibender Gläubiger"],
  "§ 23 EO": ["BG.EO:1077-1083", "BG.EO.002:95-104", "§ 23 EO # Verbindung von Exekutionsverfahren auf mehrere Liegenschaften"],
  "§ 23a EO": ["BG.EO:1089-1091", "BG.EO.002:106-109", "§ 23a EO # Verbindung von Exekutionsverfahren auf unbewegliche Sachen gegen mehrere Verpflichtete"],
  "§ 24 EO": ["BG.EO:1097-1101", "BG.EO.002:111-117", "§ 24 EO # Vollstreckungsorgane"],
  "§ 25 EO": ["BG.EO:1107-1113", "BG.EO.002:119-128", "§ 25 EO # Tätigkeit der Vollstreckungsorgane"],
  "§ 25a EO": ["BG.EO:1119-1125", "BG.EO.002:130-139", "§ 25a EO # Aufforderung zur Leistung"],
  "§ 25b EO": ["BG.EO:1131-1139", "BG.EO.002:141-153", "§ 25b EO # Vollzugsort"],
  "§ 25c EO": ["BG.EO:1145-1147", "BG.EO.002:155-158", "§ 25c EO # Kontaktaufnahme mit dem Verpflichteten"],
  "§ 25d EO": ["BG.EO:1153-1155", "BG.EO.002:160-163", "§ 25d EO # Bericht des Vollstreckungsorgans"],
  "§ 26 EO": ["BG.EO:1161-1167", "BG.EO.002:165-174", "§ 26 EO # Durchsuchungsbefugnis des Vollstreckungsorgans"],
  "§ 26a EO": ["BG.EO:1173-1187", "BG.EO.002:176-193", "§ 26a EO # Öffnen der verschlossenen Haus- und Wohnungstüren"],
  "§ 27 EO": ["BG.EO:1193-1199", "BG.EO.002:195-204", "§ 27 EO # Umfang der Exekution"],
  "§ 27a EO": ["BG.EO:1205-1213", "BG.EO.002:206-218", "§ 27a EO # Mitwirkungspflicht des Verpflichteten"],
  "§ 28 EO": ["BG.EO:1219-1221", "BG.EO.002:220-223", "§ 28 EO # Exekution auf das Eigentum dem öffentlichen Verkehr dienender Anstalten"],
  "§ 29 EO": ["BG.EO:1227-1229", "BG.EO.002:225-228", "§ 29 EO # Exekution gegen eine Person des Bundesheeres oder der Bundespolizei"],
  "§ 30 EO": ["BG.EO:1235-1245", "BG.EO.002:230-241", "§ 30 EO # Vollzugszeit"],
  "§ 31 EO": ["BG.EO:1251-1255", "BG.EO.002:243-249", "§ 31 EO # Exekution bei Immunität und Exterritorialität"],
  "§ 32 EO": ["BG.EO:1261-1267", "BG.EO.002:251-260", "§ 32 EO # Beteiligung am Vollzug"],
  "§ 33 EO": ["BG.EO:1273-1281", "BG.EO.002:262-274", "§ 33 EO # Verbindung"],
  "§ 34 EO": ["BG.EO:1287-1291", "BG.EO.002:276-282", "§ 34 EO # Tod des Verpflichteten"],
  "053": "Dritter Titel",
  "054": "Einwendungen gegen die Exekution – Aufschiebung und Einstellung",
  "§ 35 EO": ["BG.EO:1297-1309", "BG.EO.003:15-29", "§ 35 EO # Einwendungen gegen den Anspruch"],
  "§ 36 EO": ["BG.EO:1315-1329", "BG.EO.003:31-47", "§ 36 EO # Einwendungen gegen die Exekutionsbewilligung"],
  "§ 37 EO": ["BG.EO:1335-1343", "BG.EO.003:49-61", "§ 37 EO # Widerspruch Dritter"],
  "§ 38 EO": ["BG.EO:1349-1355", "BG.EO.003:63-72", "§ 38 EO # Sachliche Zuständigkeit für exekutionsrechtliche Klagen"],
  "§ 39 EO": ["BG.EO:1361-1393", "BG.EO.003:74-111", "§ 39 EO # Einstellung, Einschränkung und Aufschiebung der Exekution"],
  "§ 40 EO": ["BG.EO:1399-1403", "BG.EO.003:113-119", "§ 40 EO # Antrag auf Einstellung"],
  "§ 41 EO": ["BG.EO:1409-1413", "BG.EO.003:121-127", "§ 41 EO # Einschränkung der Exekution"],
  "§ 41a EO": ["BG.EO:1419-1421", "BG.EO.003:129-132", "§ 41a EO # Beendigung der Exekution"],
  "§ 42 EO": ["BG.EO:1427-1455", "BG.EO.003:134-165", "§ 42 EO # Aufschiebung der Exekution"],
  "§ 43 EO": ["BG.EO:1461-1467", "BG.EO.003:167-176", "§ 43 EO # Folgen der Aufschiebung"],
  "§ 44 EO": ["BG.EO:1473-1489", "BG.EO.003:178-199", "§ 44 EO # Sicherheitsleistung"],
  "§ 45 EO": ["BG.EO:1495-1501", "BG.EO.003:201-210", "§ 45 EO # Verfahrensbestimmungen für Anträge auf Einstellung, Einschränkung oder Aufschiebung der Exekution"],
  "§ 45a EO": ["BG.EO:1507-1511", "BG.EO.003:212-218", "§ 45a EO # Zahlungsvereinbarung"],
  "§ 46 EO": ["BG.EO:1517-1519", "BG.EO.003:220-223", "§ 46 EO # Nachweis der Befriedigung"],
  "069": "Vierter Titel",
  "070": "Erfolglose Exekution",
  "§ 47 EO": ["BG.EO:1525-1547", "BG.EO.003:225-248", "§ 47 EO # Vermögensverzeichnis"],
  "§ 48 EO": ["BG.EO:1553-1561", "BG.EO.003:250-262", "§ 48 EO # Erzwingung der Abgabe des Vermögensverzeichnisses"],
  "§ 49 EO": ["BG.EO:1567-1571", "BG.EO.003:264-270", "§ 49 EO # Neuerliche Abgabe eines Vermögensverzeichnisses"],
  "§ 49a EO": ["BG.EO:1577-1599", "BG.EO.003:272-299", "§ 49a EO # Offenkundige Zahlungsunfähigkeit"],
  "075": "Fünfter Titel",
  "076": "Verfahrensbestimmungen – Anträge",
  "§ 50 EO": ["BG.EO:1605-1611", "BG.EO.004:15-20", "§ 50 EO # Ausschluss der Laienbeteiligung"],
  "§ 51 EO": ["BG.EO:1617-1619", "BG.EO.004:22-25", "§ 51 EO # Ausschließliche Gerichtsstände"],
  "§ 52 EO": ["BG.EO:1625-1627", "BG.EO.004:27-30", "§ 52 EO # Vertretung"],
  "§ 53 EO": ["BG.EO:1633-1639", "BG.EO.004:32-41", "§ 53 EO # Anträge"],
  "§ 54 EO": ["BG.EO:1645-1667", "BG.EO.004:43-69", "§ 54 EO # Antrag auf Exekutionsbewilligung"],
  "§ 54a EO": ["BG.EO:1673-1677", "BG.EO.004:71-77", "§ 54a EO # Verbesserung"],
  "§ 54b EO": ["BG.EO:1683-1703", "BG.EO.004:79-101", "§ 54b EO # Vereinfachtes Bewilligungsverfahren"],
  "§ 54c EO": ["BG.EO:1709-1715", "BG.EO.004:103-112", "§ 54c EO # Einspruch"],
  "§ 54d EO": ["BG.EO:1721-1725", "BG.EO.004:114-120", "§ 54d EO # Auftrag zur Vorlage des Exekutionstitels"],
  "§ 54e EO": ["BG.EO:1731-1739", "BG.EO.004:122-132", "§ 54e EO # Einstellung der Exekution"],
  "§ 54f EO": ["BG.EO:1745-1747", "BG.EO.004:134-137", "§ 54f EO # Ausdehnung der Exekutionsbewilligung"],
  "§ 55 EO": ["BG.EO:1753-1759", "BG.EO.004:139-148", "§ 55 EO # Rechtliches Gehör"],
  "§ 55a EO": ["BG.EO:1765-1767", "BG.EO.004:150-153", "§ 55a EO # Berücksichtigung des Grundbuchsstands"],
  "§ 56 EO": ["BG.EO:1773-1779", "BG.EO.004:155-164", "§ 56 EO # Säumnis"],
  "§ 57 EO": ["BG.EO:1785-1789", "BG.EO.004:166-172", "§ 57 EO # Präklusion"],
  "§ 58 EO": ["BG.EO:1795-1801", "BG.EO.004:174-183", "§ 58 EO # Fristen"],
  "§ 59 EO": ["BG.EO:1807-1815", "BG.EO.004:185-197", "§ 59 EO # Mündliche Verhandlung"],
  "§ 59a EO": ["BG.EO:1821-1823", "BG.EO.004:199-202", "§ 59a EO # Virtuelle Durchführung"],
  "§ 60 EO": ["BG.EO:1829-1835", "BG.EO.004:204-213", "§ 60 EO # Protokoll über Exekutionshandlungen"],
  "§ 61 EO": ["BG.EO:1841-1843", "BG.EO.004:215-218", "§ 61 EO # Weisungen an Vollstreckungsorgane"],
  "§ 62 EO": ["BG.EO:1849-1851", "BG.EO.004:220-223", "§ 62 EO # Beschlüsse"],
  "§ 63 EO": ["BG.EO:1857-1869", "BG.EO.004:225-238", "§ 63 EO # Bewilligung der Exekution"],
  "§ 63a EO": ["BG.EO:1875-1881", "BG.EO.004:240-249", "§ 63a EO # Schadenersatz und Kostenersatz"],
  "§ 63b EO": ["BG.EO:1887-1889", "BG.EO.004:251-254", "§ 63b EO # Mutwillensstrafe"],
  "§ 64 EO": ["BG.EO:1895-1901", "BG.EO.004:256-265", "§ 64 EO # Verkündung und Ausfertigung von Beschlüssen"],
  "§ 65 EO": ["BG.EO:1907-1921", "BG.EO.004:267-285", "§ 65 EO # Rekurs"],
  "§ 66 EO": ["BG.EO:1927-1943", "BG.EO.004:287-305", "§ 66 EO # Rekursbeschränkungen"],
  "§ 67 EO": ["BG.EO:1949-1957", "BG.EO.004:307-319", "§ 67 EO # Ausführung von Beschlüssen"],
  "§ 68 EO": ["BG.EO:1963-1965", "BG.EO.004:321-324", "§ 68 EO # Vollzugsbeschwerde"],
  "§ 69 EO": ["BG.EO:1971-1975", "BG.EO.004:326-331", "§ 69 EO"],
  "§ 70 EO": ["BG.EO:1981-1985", "BG.EO.004:333-339", "§ 70 EO # Widerspruch"],
  "§ 71 EO": ["BG.EO:1991-1995", "BG.EO.004:341-347", "§ 71 EO # Öffentliche Bekanntmachung, Ediktsdatei"],
  "§ 71a EO": ["BG.EO:2001-2017", "BG.EO.004:349-370", "§ 71a EO # Löschen der Daten der Ediktsdatei"],
  "§ 72 EO": ["BG.EO:2023-2027", "BG.EO.004:372-378", "§ 72 EO # Aufforderungen und Mitteilungen bei einer Exekutionshandlung"],
  "§ 73 EO": ["BG.EO:2033-2035", "BG.EO.004:380-383", "§ 73 EO # Exekutionsakten"],
  "§ 74 EO": ["BG.EO:2041-2049", "BG.EO.004:385-397", "§ 74 EO # Kosten der Exekution"],
  "§ 74a EO": ["BG.EO:2055-2057", "BG.EO.004:399-402", "§ 74a EO # Barauslagen"],
  "§ 75 EO": ["BG.EO:2063-2065", "BG.EO.004:404-407", "§ 75 EO # Aberkennung der Kosten"],
  "§ 76 EO": ["BG.EO:2071-2073", "BG.EO.004:409-412", "§ 76 EO # Bestimmung der Kosten"],
  "§ 77 EO": ["BG.EO:2079-2081", "BG.EO.004:414-417", "§ 77 EO # Fruchtbringende Anlegung gerichtlich erlegter Barbeträge"],
  "§ 78 EO": ["BG.EO:2087-2097", "BG.EO.004:419-431", "§ 78 EO # Anwendung der Zivilprozessordnung"],
  "118": "Sechster Titel",
  "119": "Verwalter in Exekutionssachen",
  "§ 79 EO": ["BG.EO:2103-2115", "BG.EO.005:15-29", "§ 79 EO # Bestellung eines Verwalters"],
  "§ 80 EO": ["BG.EO:2121-2127", "BG.EO.005:31-40", "§ 80 EO # Person des Verwalters"],
  "§ 80a EO": ["BG.EO:2133-2147", "BG.EO.005:42-60", "§ 80a EO # Auswahl des Verwalters"],
  "§ 80b EO": ["BG.EO:2153-2167", "BG.EO.005:62-80", "§ 80b EO # Unabhängigkeit des Verwalters"],
  "§ 80c EO": ["BG.EO:2173-2181", "BG.EO.005:82-94", "§ 80c EO # Enthebung des Verwalters"],
  "§ 80d EO": ["BG.EO:2187-2191", "BG.EO.005:96-102", "§ 80d EO # Zusammenarbeit und Kommunikation von Verwalter und Vollstreckungsorgan"],
  "§ 81 EO": ["BG.EO:2197-2215", "BG.EO.005:104-131", "§ 81 EO # Befugnisse und Tätigkeit des Verwalters"],
  "§ 81a EO": ["BG.EO:2221-2225", "BG.EO.005:133-139", "§ 81a EO # Geschäftskreis und Verantwortlichkeit des Verwalters"],
  "§ 82 EO": ["BG.EO:2231-2247", "BG.EO.005:141-162", "§ 82 EO # Entlohnung"],
  "§ 82a EO": ["BG.EO:2253-2255", "BG.EO.005:164-167", "§ 82a EO # Erhöhung der Entlohnung"],
  "§ 82b EO": ["BG.EO:2261-2263", "BG.EO.005:169-172", "§ 82b EO # Verminderung der Entlohnung"],
  "§ 82c EO": ["BG.EO:2269-2273", "BG.EO.005:174-180", "§ 82c EO # Geltendmachung der Entlohnung"],
  "§ 83 EO": ["BG.EO:2279-2283", "BG.EO.005:182-188", "§ 83 EO # Berichtspflicht und Rechnungslegung"],
  "§ 83a EO": ["BG.EO:2289-2291", "BG.EO.005:190-193", "§ 83a EO # Äußerung zur Rechnungslegung"],
  "§ 83b EO": ["BG.EO:2297-2301", "BG.EO.005:195-201", "§ 83b EO # Entscheidung über die Rechnung"],
  "§ 83c EO": ["BG.EO:2307-2311", "BG.EO.005:203-209", "§ 83c EO # Erfüllung der Rechnungslegungspflicht"],
  "§ 84 EO": ["BG.EO:2317-2323", "BG.EO.005:211-220", "§ 84 EO # Überwachung der Geschäftsführung des Verwalters"],
  "137": "Siebenter Titel",
  "138": "Verwertung, Versteigerung und Verteilung",
  "§ 84a EO": ["BG.EO:2329-2343", "BG.EO.005:222-234", "§ 84a EO # Verwertung"],
  "§ 85 EO": ["BG.EO:2349-2367", "BG.EO.005:236-263", "§ 85 EO # Versteigerung"],
  "§ 86 EO": ["BG.EO:2373-2379", "BG.EO.005:265-274", "§ 86 EO # Unzulässige Bieterabsprachen"],
  "§ 87 EO": ["BG.EO:2385-2389", "BG.EO.005:276-282", "§ 87 EO # Verteilung"],
  "§ 87a EO": ["BG.EO:2395-2397", "BG.EO.005:284-287", "§ 87a EO # Verteilungsentwurf"],
  "§ 87b EO": ["BG.EO:2403-2405", "BG.EO.005:289-292", "§ 87b EO # Verträge mit Dritten"],
  "145": "Zweiter Abschnitt",
  "146": "Exekution wegen Geldforderungen",
  "147": "Erster Titel",
  "148": "Exekution auf das unbewegliche Vermögen",
  "149": "Erste Abteilung",
  "150": "Zwangsweise Pfandrechtsbegründung",
  "§ 88 EO": ["BG.EO:2411-2425", "BG.EO.005:294-299", "§ 88 EO # Bewilligung und Vollzug"],
  "§ 89 EO": ["BG.EO:2431-2437", "BG.EO.005:301-310", "§ 89 EO # Pfändung von Liegenschaften"],
  "§ 90 EO": ["BG.EO:2443-2445", "BG.EO.005:312-315", "§ 90 EO # Anmerkung der Vollstreckbarkeit"],
  "§ 91 EO": ["BG.EO:2451-2455", "BG.EO.005:317-323", "§ 91 EO # Pfändung von Superädifikaten"],
  "§ 92 EO": ["BG.EO:2461-2463", "BG.EO.005:325-328", "§ 92 EO # Voraussetzungen der Pfändung"],
  "§ 93 EO": ["BG.EO:2469-2477", "BG.EO.005:330-342", "§ 93 EO # Durchführung der pfandweisen Beschreibung"],
  "§ 94 EO": ["BG.EO:2483-2485", "BG.EO.005:344-347", "§ 94 EO # Exekution zugunsten eines weiteren Gläubigers"],
  "§ 95 EO": ["BG.EO:2491-2497", "BG.EO.005:349-358", "§ 95 EO # Einschränkung der Exekution"],
  "§ 96 EO": ["BG.EO:2503-2505", "BG.EO.005:360-363", "§ 96 EO # Liegenschaftsanteile und Baurechte"],
  "160": "Zweite Abteilung",
  "161": "Zwangsverwaltung",
  "§ 97 EO": ["BG.EO:2511-2523", "BG.EO.005:365-379", "§ 97 EO # Anwendbarkeit der Zwangsverwaltung"],
  "163": "Einleitung",
  "§ 98 EO": ["BG.EO:2529-2539", "BG.EO.006:15-29", "§ 98 EO # Anmerkung im Grundbuch"],
  "§ 98a EO": ["BG.EO:2545-2547", "BG.EO.006:31-34", "§ 98a EO # Zustellungen"],
  "§ 99 EO": ["BG.EO:2553-2559", "BG.EO.006:36-45", "§ 99 EO # Bestellung des Zwangsverwalters und Übernahme der Liegenschaft"],
  "§ 99a EO": ["BG.EO:2565-2567", "BG.EO.006:47-50", "§ 99a EO # Bekanntmachung der Enthebung und der Bestellung eines anderen Verwalters"],
  "§ 99b EO": ["BG.EO:2573-2575", "BG.EO.006:52-55", "§ 99b EO # Aufschiebung der Zwangsverwaltung"],
  "§ 99c EO": ["BG.EO:2581-2583", "BG.EO.006:57-60", "§ 99c EO # Folgen der Aufschiebung aufgrund einer Zahlungsvereinbarung"],
  "§ 100 EO": ["BG.EO:2589-2595", "BG.EO.006:62-71", "§ 100 EO # Beitritt"],
  "§ 101 EO": ["BG.EO:2601-2603", "BG.EO.006:73-76", "§ 101 EO # Undurchführbarkeit der Zwangsverwaltung"],
  "§ 102 EO": ["BG.EO:2609-2615", "BG.EO.006:78-87", "§ 102 EO # Superädifikate"],
  "§ 103 EO": ["BG.EO:2621-2625", "BG.EO.006:89-95", "§ 103 EO # Wirkung der Einleitung"],
  "§ 104 EO": ["BG.EO:2631-2635", "BG.EO.006:97-103", "§ 104 EO # Priorität des Befriedigungsrechts"],
  "§ 105 EO": ["BG.EO:2641-2645", "BG.EO.006:105-111", "§ 105 EO # Wohnungsräume des Verpflichteten"],
  "§ 106 EO": ["BG.EO:2651-2656", "BG.EO.006:113-120", "§ 106 EO # Person des Zwangsverwalters"],
  "§ 107 EO": ["BG.EO:2662-2664", "BG.EO.006:122-125", "§ 107 EO # Auswahl des Zwangsverwalters"],
  "§ 109 EO": ["BG.EO:2670-2674", "BG.EO.006:127-133", "§ 109 EO # Geschäftskreis des Zwangsverwalters"],
  "§ 110 EO": ["BG.EO:2680-2682", "BG.EO.006:135-138", "§ 110 EO # Aufforderung an dritte Personen"],
  "§ 111 EO": ["BG.EO:2688-2690", "BG.EO.006:140-143", "§ 111 EO # Miet- und Pachtverträge"],
  "§ 112 EO": ["BG.EO:2696-2708", "BG.EO.006:145-160", "§ 112 EO # Genehmigungspflichtige Rechtsgeschäfte"],
  "§ 113 EO": ["BG.EO:2714-2718", "BG.EO.006:162-168", "§ 113 EO # Entlohnung des Zwangsverwalters"],
  "§ 114 EO": ["BG.EO:2724-2744", "BG.EO.006:170-192", "§ 114 EO # Erhöhung oder Verminderung der Entlohnung des Zwangsverwalters"],
  "§ 115 EO": ["BG.EO:2750-2752", "BG.EO.006:194-197", "§ 115 EO # Rechnungslegung"],
  "§ 119 EO": ["BG.EO:2758-2774", "BG.EO.006:199-219", "§ 119 EO # Verwaltungserträgnisse"],
  "§ 120 EO": ["BG.EO:2780-2796", "BG.EO.006:221-240", "§ 120 EO # Unmittelbare Berichtigung aus den Verwaltungserträgnissen"],
  "§ 121 EO": ["BG.EO:2802-2806", "BG.EO.006:242-248", "§ 121 EO"],
  "§ 122 EO": ["BG.EO:2812-2814", "BG.EO.006:250-253", "§ 122 EO # Verteilung der Ertragsüberschüsse"],
  "§ 123 EO": ["BG.EO:2820-2824", "BG.EO.006:255-261", "§ 123 EO # Verteilungstagsatzung"],
  "§ 124 EO": ["BG.EO:2830-2838", "BG.EO.006:263-272", "§ 124 EO # Rangordnung der zu berichtigenden Ansprüche"],
  "§ 125 EO": ["BG.EO:2844-2848", "BG.EO.006:274-280", "§ 125 EO # Tilgung der betriebenen Forderung"],
  "§ 126 EO": ["BG.EO:2854-2856", "BG.EO.006:282-285", "§ 126 EO # Verteilung der verbleibenden Ertragsüberschüsse; Hyperocha"],
  "§ 127 EO": ["BG.EO:2862-2866", "BG.EO.006:287-293", "§ 127 EO # Forderungsanmeldung"],
  "§ 128 EO": ["BG.EO:2872-2880", "BG.EO.006:295-307", "§ 128 EO"],
  "§ 129 EO": ["BG.EO:2886-2894", "BG.EO.006:309-321", "§ 129 EO # Einstellung der Zwangsverwaltung"],
  "§ 130 EO": ["BG.EO:2900-2904", "BG.EO.006:323-329", "§ 130 EO # Verständigung von der Einstellung der Zwangsverwaltung – Folgen der Einstellung der Zwangsverwaltung"],
  "§ 131 EO": ["BG.EO:2910-2912", "BG.EO.006:331-334", "§ 131 EO # Liegenschaftsanteile, Superädifikate und Baurechte"],
  "§ 132 EO": ["BG.EO:2918-2927", "BG.EO.006:336-345", "§ 132 EO # Rekurs"],
  "199": "Dritte Abteilung",
  "200": "Zwangsversteigerung",
  "§ 133 EO": ["BG.EO:2933-2941", "BG.EO.007:15-23", "§ 133 EO # Exekutionsantrag"],
  "§ 134 EO": ["BG.EO:2947-2949", "BG.EO.007:25-28", "§ 134 EO # Superädifikat"],
  "§ 135 EO": ["BG.EO:2955-2957", "BG.EO.007:30-33", "§ 135 EO # Betreibender Gläubiger mit Pfandrecht"],
  "§ 135a EO": ["BG.EO:2963-2965", "BG.EO.007:35-38", "§ 135a EO # An Verwalter übergebene Liegenschaft"],
  "§ 136 EO": ["BG.EO:2971-2975", "BG.EO.007:40-46", "§ 136 EO # Zustellungen"],
  "§ 137 EO": ["BG.EO:2981-2987", "BG.EO.007:48-57", "§ 137 EO # Anmerkung"],
  "§ 138 EO": ["BG.EO:2993-2997", "BG.EO.007:59-65", "§ 138 EO # Wirkung der Anmerkung"],
  "§ 139 EO": ["BG.EO:3003-3013", "BG.EO.007:67-82", "§ 139 EO"],
  "§ 140 EO": ["BG.EO:3019-3025", "BG.EO.007:84-93", "§ 140 EO # Anordnung und Vorbereitung der Schätzung; Zubehör"],
  "§ 141 EO": ["BG.EO:3031-3043", "BG.EO.007:95-113", "§ 141 EO # Vornahme der Schätzung"],
  "§ 142 EO": ["BG.EO:3049-3055", "BG.EO.007:115-124", "§ 142 EO # Unterbleiben der Schätzung"],
  "§ 143 EO": ["BG.EO:3061-3069", "BG.EO.007:126-138", "§ 143 EO # Umfang der Schätzung"],
  "§ 144 EO": ["BG.EO:3075-3079", "BG.EO.007:140-146", "§ 144 EO # Bekanntgabe des Schätzwerts"],
  "§ 145 EO": ["BG.EO:3085-3087", "BG.EO.007:148-151", "§ 145 EO # Ergänzung der Schätzung"],
  "§ 146 EO": ["BG.EO:3093-3111", "BG.EO.007:153-172", "§ 146 EO # Änderung der gesetzlichen Versteigerungsbedingungen"],
  "§ 147 EO": ["BG.EO:3117-3123", "BG.EO.007:174-183", "§ 147 EO # Zubehör"],
  "§ 148 EO": ["BG.EO:3129-3137", "BG.EO.007:185-194", "§ 148 EO # Einstellung der Exekution"],
  "§ 149 EO": ["BG.EO:3143-3145", "BG.EO.007:196-199", "§ 149 EO # Verständigung von der Einstellung oder Aufschiebung"],
  "§ 150 EO": ["BG.EO:3151-3155", "BG.EO.007:201-206", "§ 150 EO # Ausscheiden eines betreibenden Gläubigers"],
  "§ 151 EO": ["BG.EO:3161-3165", "BG.EO.007:208-214", "§ 151 EO # Löschung der bücherlichen Anmerkungen"],
  "§ 152 EO": ["BG.EO:3171-3177", "BG.EO.007:216-225", "§ 152 EO # Pfandrechtseintragung"],
  "§ 153 EO": ["BG.EO:3183-3185", "BG.EO.007:227-230", "§ 153 EO # Vorrang anderer Exekutionsarten"],
  "§ 154 EO": ["BG.EO:3191-3193", "BG.EO.007:232-235", "§ 154 EO # Unwirksamkeit wertmindernder Rechtshandlungen – Aufschiebung"],
  "§ 155 EO": ["BG.EO:3199-3203", "BG.EO.007:237-243", "§ 155 EO # Vorrang der Zwangsverwaltung"],
  "§ 156 EO": ["BG.EO:3209-3213", "BG.EO.007:245-251", "§ 156 EO # Zwangsverwaltung – Aufschiebung"],
  "§ 157 EO": ["BG.EO:3219-3221", "BG.EO.007:253-256", "§ 157 EO # Zahlungsvereinbarung"],
  "§ 158 EO": ["BG.EO:3227-3233", "BG.EO.007:258-267", "§ 158 EO # Aufschiebung der Exekution bei einer Naturkatastrophe"],
  "§ 167 EO": ["BG.EO:3239-3247", "BG.EO.007:269-281", "§ 167 EO # Anberaumung des Versteigerungstermins"],
  "§ 168 EO": ["BG.EO:3253-3277", "BG.EO.007:283-308", "§ 168 EO # Inhalt des Versteigerungsedikts"],
  "§ 169 EO": ["BG.EO:3283-3293", "BG.EO.007:310-321", "§ 169 EO # Weiterer Inhalt des Versteigerungsedikts"],
  "§ 170 EO": ["BG.EO:3299-3305", "BG.EO.007:323-332", "§ 170 EO # Bekanntmachung des Versteigerungstermins"],
  "§ 171 EO": ["BG.EO:3311-3313", "BG.EO.007:334-337", "§ 171 EO # Zustellung des Versteigerungsedikts"],
  "§ 172 EO": ["BG.EO:3319-3321", "BG.EO.007:339-342", "§ 172 EO # Weitere Zustellungen"],
  "§ 173 EO": ["BG.EO:3327-3329", "BG.EO.007:344-347", "§ 173 EO # Verständigung bei einem Superädifikat"],
  "§ 174 EO": ["BG.EO:3335-3341", "BG.EO.007:349-358", "§ 174 EO # Kuratorbestellung"],
  "§ 175 EO": ["BG.EO:3347-3349", "BG.EO.007:360-363", "§ 175 EO # Prüfungspflichten und Anordnungen des Gerichts"],
  "§ 176 EO": ["BG.EO:3355-3361", "BG.EO.007:365-374", "§ 176 EO # Besichtigung der Liegenschaft"],
  "§ 177 EO": ["BG.EO:3367-3373", "BG.EO.007:376-385", "§ 177 EO # Versteigerungstermin"],
  "§ 178 EO": ["BG.EO:3379-3393", "BG.EO.007:387-404", "§ 178 EO # Verfahrensablauf"],
  "§ 179 EO": ["BG.EO:3399-3404", "BG.EO.007:406-413", "§ 179 EO # Vadium"],
  "§ 180 EO": ["BG.EO:3410-3418", "BG.EO.007:415-427", "§ 180 EO # Erlag des Vadiums; Veräußerungs- und Belastungsverbot"],
  "§ 181 EO": ["BG.EO:3424-3428", "BG.EO.007:429-435", "§ 181 EO # Verwahrung des Vadiums"],
  "§ 182 EO": ["BG.EO:3434-3438", "BG.EO.007:437-443", "§ 182 EO # Widerspruchserhebung"],
  "§ 183 EO": ["BG.EO:3444-3454", "BG.EO.007:445-460", "§ 183 EO # Erteilung des Zuschlages"],
  "§ 184 EO": ["BG.EO:3460-3480", "BG.EO.007:462-483", "§ 184 EO # Widerspruchsgründe"],
  "§ 185 EO": ["BG.EO:3486-3492", "BG.EO.007:485-494", "§ 185 EO # Entscheidung über den Widerspruch"],
  "§ 186 EO": ["BG.EO:3498-3504", "BG.EO.007:496-505", "§ 186 EO # Versagung des Zuschlags"],
  "§ 187 EO": ["BG.EO:3510-3520", "BG.EO.007:507-522", "§ 187 EO # Rekurs gegen Zuschlagserteilung oder -versagung"],
  "§ 187a EO": ["BG.EO:3526-3546", "BG.EO.007:524-549", "§ 187a EO # Aufhebung des Zuschlags"],
  "§ 188 EO": ["BG.EO:3552-3560", "BG.EO.007:551-563", "§ 188 EO # Neuerliche Versteigerung"],
  "§ 189 EO": ["BG.EO:3566-3570", "BG.EO.007:565-571", "§ 189 EO # Rechtsfolgen der Zuschlagserteilung"],
  "§ 190 EO": ["BG.EO:3576-3580", "BG.EO.007:573-579", "§ 190 EO # Einstweilige Verwaltung"],
  "§ 191 EO": ["BG.EO:3586-3598", "BG.EO.007:581-594", "§ 191 EO # Einstweilige Verwaltung – anzuwendende Bestimmungen"],
  "§ 192 EO": ["BG.EO:3604-3606", "BG.EO.007:596-599", "§ 192 EO # Einstweilige Verwaltung bei Aufhebung oder Unwirksamkeit des Zuschlags"],
  "§ 193 EO": ["BG.EO:3612-3616", "BG.EO.007:601-607", "§ 193 EO # Übergang der Zwangsverwaltung in eine einstweilige Verwaltung"],
  "§ 194 EO": ["BG.EO:3622-3641", "BG.EO.007:609-629", "§ 194 EO # Protokoll über den Versteigerungstermin"],
  "§ 195 EO": ["BG.EO:3647-3651", "BG.EO.007:631-637", "§ 195 EO # Überbot"],
  "§ 196 EO": ["BG.EO:3657-3661", "BG.EO.007:639-645", "§ 196 EO # Anbringung des Überbots"],
  "§ 197 EO": ["BG.EO:3667-3669", "BG.EO.007:647-650", "§ 197 EO # Entkräftung des Überbots"],
  "§ 198 EO": ["BG.EO:3675-3679", "BG.EO.007:652-658", "§ 198 EO # Annahme des Überbots"],
  "§ 199 EO": ["BG.EO:3685-3693", "BG.EO.007:660-672", "§ 199 EO # Rechtsfolgen der Annahme des Überbots"],
  "§ 200 EO": ["BG.EO:3699-3707", "BG.EO.007:674-686", "§ 200 EO # Übernahme von Lasten"],
  "§ 201 EO": ["BG.EO:3713-3722", "BG.EO.007:688-701", "§ 201 EO # Berichtigung des Meistbotes"],
  "§ 202 EO": ["BG.EO:3728-3732", "BG.EO.007:703-709", "§ 202 EO # Übernahmebetrag für Dienstbarkeiten zu leitungsgebundener Energieversorgung"],
  "§ 203 EO": ["BG.EO:3738-3742", "BG.EO.007:711-717", "§ 203 EO # Kündigung pfandrechtlich sichergestellter Forderungen"],
  "§ 204 EO": ["BG.EO:3748-3750", "BG.EO.007:719-722", "§ 204 EO # Nutzungsverhältnis bei Superädifikat"],
  "§ 205 EO": ["BG.EO:3756-3764", "BG.EO.007:724-736", "§ 205 EO # Wiederversteigerung"],
  "§ 206 EO": ["BG.EO:3770-3778", "BG.EO.007:738-750", "§ 206 EO # Haftung des säumigen Erstehers"],
  "§ 207 EO": ["BG.EO:3784-3788", "BG.EO.007:752-758", "§ 207 EO # Übergang der Gefahr, der Nutzungen und Lasten und Übergabe der Liegenschaft"],
  "§ 208 EO": ["BG.EO:3794-3802", "BG.EO.007:760-772", "§ 208 EO # Rückerstattung bei Aufhebung oder Unwirksamkeit des Zuschlags"],
  "§ 209 EO": ["BG.EO:3808-3816", "BG.EO.007:774-786", "§ 209 EO # Anberaumung der Meistbotsverteilungstagsatzung"],
  "§ 210 EO": ["BG.EO:3822-3826", "BG.EO.007:788-794", "§ 210 EO # Forderungsanmeldung"],
  "§ 211 EO": ["BG.EO:3832-3842", "BG.EO.007:796-811", "§ 211 EO # Angabe des Entschädigungs- oder Kapitalbetrags"],
  "§ 212 EO": ["BG.EO:3848-3854", "BG.EO.007:813-822", "§ 212 EO # Verhandlung über die Ansprüche"],
  "§ 213 EO": ["BG.EO:3860-3866", "BG.EO.007:824-833", "§ 213 EO # Widerspruchsrecht"],
  "§ 214 EO": ["BG.EO:3872-3876", "BG.EO.007:835-841", "§ 214 EO # Verteilungsbeschluss"],
  "§ 215 EO": ["BG.EO:3882-3892", "BG.EO.007:843-854", "§ 215 EO # Verteilungsmasse"],
  "§ 216 EO": ["BG.EO:3898-3910", "BG.EO.007:856-870", "§ 216 EO # Rangordnung der zu berichtigenden Ansprüche"],
  "§ 216a EO": ["BG.EO:3916-3918", "BG.EO.007:872-875", "§ 216a EO # Vorrangseinräumung"],
  "§ 217 EO": ["BG.EO:3924-3932", "BG.EO.007:877-887", "§ 217 EO # Rest der Verteilungsmasse"],
  "§ 218 EO": ["BG.EO:3938-3942", "BG.EO.007:889-895", "§ 218 EO # Gleiche Rangordnung"],
  "§ 219 EO": ["BG.EO:3948-3952", "BG.EO.007:897-903", "§ 219 EO # Renten und wiederkehrende Leistungen"],
  "§ 220 EO": ["BG.EO:3958-3966", "BG.EO.007:905-917", "§ 220 EO # Pfandrechtlich sichergestellte Forderungen unter auflösender Bedingung"],
  "§ 221 EO": ["BG.EO:3972-3976", "BG.EO.007:919-925", "§ 221 EO # Pfandrechtlich sichergestellte Forderungen unter aufschiebender Bedingung"],
  "§ 222 EO": ["BG.EO:3982-3990", "BG.EO.007:927-939", "§ 222 EO # Simultanhypothek"],
  "§ 223 EO": ["BG.EO:3996-4004", "BG.EO.007:941-953", "§ 223 EO # Andere pfandrechtlich sichergestellte Forderungen"],
  "§ 224 EO": ["BG.EO:4010-4012", "BG.EO.007:955-958", "§ 224 EO # Höchstbetragshypothek"],
  "§ 225 EO": ["BG.EO:4018-4022", "BG.EO.007:960-966", "§ 225 EO # Dienstbarkeiten und Reallasten"],
  "§ 226 EO": ["BG.EO:4028-4034", "BG.EO.007:968-977", "§ 226 EO # Einverleibte Ausgedinge"],
  "§ 227 EO": ["BG.EO:4040-4044", "BG.EO.007:979-985", "§ 227 EO # Entschädigungsansprüche"],
  "§ 228 EO": ["BG.EO:4050-4052", "BG.EO.007:987-990", "§ 228 EO # Bücherliche Vormerkungen"],
  "§ 229 EO": ["BG.EO:4058-4064", "BG.EO.007:992-1001", "§ 229 EO # Verteilungsbeschluss"],
  "§ 230 EO": ["BG.EO:4070-4076", "BG.EO.007:1003-1012", "§ 230 EO # Gläubiger unbekannten Aufenthalts"],
  "§ 231 EO": ["BG.EO:4082-4090", "BG.EO.007:1014-1026", "§ 231 EO # Entscheidung über den Widerspruch"],
  "§ 232 EO": ["BG.EO:4096-4100", "BG.EO.007:1028-1034", "§ 232 EO # Verfahrensbestimmungen"],
  "§ 233 EO": ["BG.EO:4106-4110", "BG.EO.007:1036-1042", "§ 233 EO # Inhalt des Urteils"],
  "§ 234 EO": ["BG.EO:4116-4120", "BG.EO.007:1044-1050", "§ 234 EO # Rekurs gegen Verteilungsbeschluss"],
  "§ 235 EO": ["BG.EO:4126-4132", "BG.EO.007:1052-1061", "§ 235 EO # Meistbotsrest"],
  "§ 236 EO": ["BG.EO:4138-4144", "BG.EO.007:1063-1072", "§ 236 EO # Ausfolgungsbeschluss"],
  "§ 237 EO": ["BG.EO:4150-4156", "BG.EO.007:1074-1083", "§ 237 EO # Bücherliche Einverleibungen und Löschungen"],
  "§ 238 EO": ["BG.EO:4162-4164", "BG.EO.007:1085-1088", "§ 238 EO # Liegenschaftsanteile und Baurechte"],
  "§ 239 EO": ["BG.EO:4170-4191", "BG.EO.007:1090-1113", "§ 239 EO # Rekurs"],
  "303": "Vierte Abteilung.",
  "304": "Besondere Bestimmungen über die Exekution auf Gegenstände des Bergwerkseigentums.",
  "§ 241 EO": ["BG.EO:4197-4207", "BG.EO.008:15-24", "§ 241 EO # Zwangsverwaltung – unmittelbar zu berichtigende Auslagen"],
  "§ 242 EO": ["BG.EO:4213-4217", "BG.EO.008:26-32", "§ 242 EO # Zwangsversteigerung"],
  "§ 243 EO": ["BG.EO:4223-4225", "BG.EO.008:34-37", "§ 243 EO # Fristen"],
  "§ 244 EO": ["BG.EO:4231-4235", "BG.EO.008:39-45", "§ 244 EO # Geringstes Gebot"],
  "§ 245 EO": ["BG.EO:4241-4243", "BG.EO.008:47-50", "§ 245 EO # Zwangsversteigerung eines außer Betrieb befindlichen und unfahrbaren Bergbaues"],
  "§ 246 EO": ["BG.EO:4249-4257", "BG.EO.008:52-61", "§ 246 EO # Verteilung"],
  "§ 247 EO": ["BG.EO:4263-4265", "BG.EO.008:63-66", "§ 247 EO # Zustellung"],
  "312": "Zweiter Titel",
  "313": "Exekution auf das bewegliche Vermögen",
  "314": "Erste Abteilung",
  "315": "Exekution auf bewegliche Sachen",
  "§ 249 EO": ["BG.EO:4271-4286", "BG.EO.009:15-27", "§ 249 EO # Grundsatz"],
  "§ 249a EO": ["BG.EO:4292-4304", "BG.EO.009:29-43", "§ 249a EO # Verbindung mit Exekution auf Einkommensbezüge"],
  "§ 249b EO": ["BG.EO:4310-4318", "BG.EO.009:45-57", "§ 249b EO # Verwalter"],
  "§ 250 EO": ["BG.EO:4324-4346", "BG.EO.009:59-83", "§ 250 EO # Unpfändbare Sachen"],
  "§ 251 EO": ["BG.EO:4352-4360", "BG.EO.009:85-95", "§ 251 EO # Weitere unpfändbare Sachen"],
  "§ 251a EO": ["BG.EO:4366-4374", "BG.EO.009:97-109", "§ 251a EO # Austauschpfändung"],
  "§ 252 EO": ["BG.EO:4380-4384", "BG.EO.009:111-117", "§ 252 EO # Liegenschaftszubehör"],
  "§ 252a EO": ["BG.EO:4390-4392", "BG.EO.009:119-122", "§ 252a EO # Vollzugszeit"],
  "§ 252b EO": ["BG.EO:4398-4400", "BG.EO.009:124-127", "§ 252b EO # Vollzugsversuche"],
  "§ 252c EO": ["BG.EO:4406-4408", "BG.EO.009:129-132", "§ 252c EO # Weitere Vollzüge"],
  "§ 252d EO": ["BG.EO:4414-4429", "BG.EO.009:134-151", "§ 252d EO # Bericht des Vollstreckungsorgans"],
  "§ 252e EO": ["BG.EO:4435-4449", "BG.EO.009:153-171", "§ 252e EO # Vollzug nach einem ergebnislosen Vollzugsversuch"],
  "§ 253 EO": ["BG.EO:4455-4463", "BG.EO.009:173-185", "§ 253 EO # Pfändung"],
  "§ 253a EO": ["BG.EO:4469-4477", "BG.EO.009:187-199", "§ 253a EO # Aufnahme eines Vermögensverzeichnisses"],
  "§ 253b EO": ["BG.EO:4483-4485", "BG.EO.009:201-204", "§ 253b EO # Kostenersatz für die Beteiligung"],
  "§ 254 EO": ["BG.EO:4491-4495", "BG.EO.009:206-212", "§ 254 EO # Pfändungsregister und Pfändungsprotokoll"],
  "§ 255 EO": ["BG.EO:4501-4503", "BG.EO.009:214-217", "§ 255 EO # Auskunft aus dem Pfändungsregister"],
  "§ 256 EO": ["BG.EO:4509-4515", "BG.EO.009:219-228", "§ 256 EO # Erwerb des Pfandrechts"],
  "§ 257 EO": ["BG.EO:4521-4526", "BG.EO.009:230-237", "§ 257 EO # Nachpfändung"],
  "§ 258 EO": ["BG.EO:4532-4536", "BG.EO.009:239-245", "§ 258 EO # Geltendmachung von Pfand- und Vorzugsrechten Dritter"],
  "§ 259 EO": ["BG.EO:4542-4556", "BG.EO.009:247-268", "§ 259 EO # Verwahrung"],
  "§ 260 EO": ["BG.EO:4562-4564", "BG.EO.009:270-273", "§ 260 EO # Bestellung des Verwahrers"],
  "§ 261 EO": ["BG.EO:4570-4580", "BG.EO.009:275-290", "§ 261 EO # Vorgefundenes Bargeld"],
  "§ 262 EO": ["BG.EO:4586-4588", "BG.EO.009:292-295", "§ 262 EO # Pfändung bei Dritten"],
  "§ 263 EO": ["BG.EO:4594-4596", "BG.EO.009:297-300", "§ 263 EO # Einschränkung der Pfändung"],
  "§ 264 EO": ["BG.EO:4602-4604", "BG.EO.009:302-305", "§ 264 EO # Aufschiebung des Verkaufs"],
  "§ 264a EO": ["BG.EO:4610-4612", "BG.EO.009:307-310", "§ 264a EO # Innehalten mit der Anordnung des Verkaufs"],
  "§ 265 EO": ["BG.EO:4618-4622", "BG.EO.009:312-318", "§ 265 EO # Wertpapiere einer juristischen Person des öffentlichen Rechts"],
  "§ 266 EO": ["BG.EO:4628-4632", "BG.EO.009:320-326", "§ 266 EO # Verkauf vor Rechtskraft der Pfändungsbewilligung"],
  "§ 267 EO": ["BG.EO:4638-4644", "BG.EO.009:328-337", "§ 267 EO # Beitritt zum Verkaufsverfahren"],
  "§ 268 EO": ["BG.EO:4650-4658", "BG.EO.009:339-349", "§ 268 EO # Freihandverkauf"],
  "§ 269 EO": ["BG.EO:4664-4666", "BG.EO.009:351-354", "§ 269 EO # Gutgläubiger Eigentumserwerb"],
  "§ 270 EO": ["BG.EO:4672-4680", "BG.EO.009:356-368", "§ 270 EO # Öffentliche Versteigerung"],
  "§ 271 EO": ["BG.EO:4686-4688", "BG.EO.009:370-373", "§ 271 EO # Sofortkauf vor der Versteigerung"],
  "§ 272 EO": ["BG.EO:4694-4704", "BG.EO.009:375-387", "§ 272 EO # Versteigerungstermin"],
  "§ 272a EO": ["BG.EO:4710-4730", "BG.EO.009:389-414", "§ 272a EO # Versteigerungsedikt"],
  "§ 273 EO": ["BG.EO:4736-4740", "BG.EO.009:416-422", "§ 273 EO # Frist zwischen Pfändung und Versteigerung"],
  "§ 274 EO": ["BG.EO:4746-4788", "BG.EO.009:424-471", "§ 274 EO # Versteigerungsort"],
  "§ 274a EO": ["BG.EO:4794-4798", "BG.EO.009:473-479", "§ 274a EO # Vorschuss für Kosten des Transports, der Verkaufsverwahrung und des Versteigerers"],
  "§ 274b EO": ["BG.EO:4804-4808", "BG.EO.009:481-487", "§ 274b EO # Transportkosten"],
  "§ 274c EO": ["BG.EO:4814-4818", "BG.EO.009:489-495", "§ 274c EO # Zeitpunkt der Überstellung und Besichtigung"],
  "§ 274d EO": ["BG.EO:4824-4831", "BG.EO.009:497-507", "§ 274d EO # Überstellungsverfahren"],
  "§ 274e EO": ["BG.EO:4837-4841", "BG.EO.009:509-515", "§ 274e EO # Übernahme der Sachen"],
  "§ 274f EO": ["BG.EO:4847-4849", "BG.EO.009:517-520", "§ 274f EO # Verkaufsverwahrung"],
  "§ 274g EO": ["BG.EO:4855-4857", "BG.EO.009:522-525", "§ 274g EO # Verständigungen"],
  "§ 275 EO": ["BG.EO:4863-4880", "BG.EO.009:527-549", "§ 275 EO # Schätzung"],
  "§ 275a EO": ["BG.EO:4886-4894", "BG.EO.009:551-561", "§ 275a EO # Innehalten mit der Versteigerung"],
  "§ 276 EO": ["BG.EO:4900-4906", "BG.EO.009:563-572", "§ 276 EO # Durchführung der Versteigerung"],
  "§ 277 EO": ["BG.EO:4912-4942", "BG.EO.009:574-609", "§ 277 EO # Sonderbestimmungen für die Versteigerung im Internet"],
  "§ 277a EO": ["BG.EO:4948-4950", "BG.EO.009:611-614", "§ 277a EO # Sofortkauf"],
  "§ 277b EO": ["BG.EO:4956-4958", "BG.EO.009:616-619", "§ 277b EO # Abbruch der Versteigerung"],
  "§ 278 EO": ["BG.EO:4964-4970", "BG.EO.009:621-630", "§ 278 EO # Erfüllung des Meistbots"],
  "§ 278a EO": ["BG.EO:4976-4978", "BG.EO.009:632-635", "§ 278a EO # Zuschlag bei Versteigerung im Internet"],
  "§ 279 EO": ["BG.EO:4984-4989", "BG.EO.009:637-644", "§ 279 EO # Schluss der Versteigerung"],
  "§ 279a EO": ["BG.EO:4995-4997", "BG.EO.009:646-649", "§ 279a EO # Unauffindbarkeit der Pfandsachen"],
  "§ 280 EO": ["BG.EO:5003-5009", "BG.EO.009:651-660", "§ 280 EO # Neuerlicher Verwertungsversuch"],
  "§ 281 EO": ["BG.EO:5015-5021", "BG.EO.009:662-671", "§ 281 EO # Ausfolgung und Verwertung unverkaufter Gegenstände"],
  "§ 281a EO": ["BG.EO:5027-5033", "BG.EO.009:673-682", "§ 281a EO # Versendung und Ausschluss derselben"],
  "§ 281b EO": ["BG.EO:5039-5041", "BG.EO.009:684-687", "§ 281b EO # Nicht abgeholte Gegenstände"],
  "§ 282 EO": ["BG.EO:5047-5053", "BG.EO.009:689-698", "§ 282 EO # Einstellung des Verkaufsverfahrens"],
  "§ 282a EO": ["BG.EO:5059-5063", "BG.EO.009:700-706", "§ 282a EO # Aufschiebung der Exekution bei einer Naturkatastrophe"],
  "§ 282b EO": ["BG.EO:5069-5073", "BG.EO.009:708-714", "§ 282b EO # Erlös bei Versteigerung durch einen Versteigerer"],
  "§ 283 EO": ["BG.EO:5079-5087", "BG.EO.009:716-728", "§ 283 EO # Verwendung des Verkaufserlöses"],
  "§ 284 EO": ["BG.EO:5093-5101", "BG.EO.009:730-742", "§ 284 EO # Ersatz noch nicht gerichtlich festgestellter Exekutionskosten"],
  "§ 285 EO": ["BG.EO:5107-5113", "BG.EO.009:744-753", "§ 285 EO # Verteilungstagsatzung"],
  "§ 286 EO": ["BG.EO:5119-5135", "BG.EO.009:755-774", "§ 286 EO # Verteilung"],
  "§ 286a EO": ["BG.EO:5141-5151", "BG.EO.009:776-791", "§ 286a EO # Abgabenbehördliche und verwaltungsbehördliche Pfandrechte"],
  "§ 287 EO": ["BG.EO:5157-5159", "BG.EO.009:793-796", "§ 287 EO # Ausfolgung des Erlöses"],
  "§ 288 EO": ["BG.EO:5165-5167", "BG.EO.009:798-801", "§ 288 EO # Erlös aus Freihandverkauf"],
  "385": "Zweite Abteilung",
  "386": "Exekution auf Geldforderungen",
  "§ 289 EO": ["BG.EO:5173-5191", "BG.EO.010:15-33", "§ 289 EO # Grundsatz"],
  "§ 290 EO": ["BG.EO:5197-5233", "BG.EO.010:35-73", "§ 290 EO # Unpfändbare Forderungen"],
  "§ 290a EO": ["BG.EO:5239-5283", "BG.EO.010:75-122", "§ 290a EO # Beschränkt pfändbare Forderungen"],
  "§ 290b EO": ["BG.EO:5289-5291", "BG.EO.010:124-127", "§ 290b EO # Sonderzahlungen"],
  "§ 290c EO": ["BG.EO:5297-5303", "BG.EO.010:129-138", "§ 290c EO # Vorschüsse und Nachzahlungen"],
  "§ 291 EO": ["BG.EO:5309-5323", "BG.EO.010:140-156", "§ 291 EO # Ermittlung der Berechnungsgrundlage"],
  "393": "Unpfändbarer Freibetrag",
  "§ 291a EO": ["BG.EO:5329-5351", "BG.EO.011:15-41", "§ 291a EO # („Existenzminimum“)"],
  "§ 291b EO": ["BG.EO:5357-5375", "BG.EO.011:43-64", "§ 291b EO # Besonderheiten bei Exekutionen wegen Unterhaltsansprüchen"],
  "§ 291c EO": ["BG.EO:5381-5401", "BG.EO.011:66-88", "§ 291c EO # Besonderheiten bei Exekutionen wegen wiederkehrender Leistungen"],
  "§ 291d EO": ["BG.EO:5407-5429", "BG.EO.011:90-115", "§ 291d EO # Beschränkt pfändbare einmalige Leistungen"],
  "§ 291e EO": ["BG.EO:5435-5439", "BG.EO.011:117-123", "§ 291e EO # Einmalige Vergütung für persönlich geleistete Arbeiten"],
  "§ 291f EO": ["BG.EO:5445-5449", "BG.EO.011:125-131", "§ 291f EO # Nebenleistungen und Abgabenguthaben"],
  "§ 292 EO": ["BG.EO:5455-5473", "BG.EO.011:133-156", "§ 292 EO # Zusammenrechnung – Sachleistungen"],
  "§ 292a EO": ["BG.EO:5479-5493", "BG.EO.011:158-172", "§ 292a EO # Erhöhung des unpfändbaren Betrags"],
  "§ 292b EO": ["BG.EO:5499-5509", "BG.EO.011:174-184", "§ 292b EO # Herabsetzung des unpfändbaren Betrags"],
  "§ 292c EO": ["BG.EO:5515-5521", "BG.EO.011:186-193", "§ 292c EO # Änderung der Voraussetzungen der Unpfändbarkeit"],
  "§ 292d EO": ["BG.EO:5527-5537", "BG.EO.011:195-205", "§ 292d EO # Auszahlung des Entgelts an Dritte"],
  "§ 292e EO": ["BG.EO:5543-5555", "BG.EO.011:207-220", "§ 292e EO # Verschleiertes Entgelt"],
  "§ 292f EO": ["BG.EO:5561-5593", "BG.EO.011:222-257", "§ 292f EO # Bestimmungen für die Berechnung durch den Drittschuldner"],
  "§ 292g EO": ["BG.EO:5599-5637", "BG.EO.011:259-301", "§ 292g EO # Entscheidung des Exekutionsgerichts – Antragsberechtigung"],
  "§ 292h EO": ["BG.EO:5643-5655", "BG.EO.011:303-317", "§ 292h EO # Kosten des Drittschuldners für die Berechnung"],
  "§ 292i EO": ["BG.EO:5661-5667", "BG.EO.011:319-328", "§ 292i EO # Kontenschutz"],
  "§ 292j EO": ["BG.EO:5673-5681", "BG.EO.011:330-342", "§ 292j EO # Aufstellung über die offene Forderung"],
  "§ 293 EO": ["BG.EO:5687-5695", "BG.EO.011:344-356", "§ 293 EO # Zwingendes Recht"],
  "§ 294 EO": ["BG.EO:5701-5709", "BG.EO.011:358-370", "§ 294 EO # Pfändung"],
  "§ 295 EO": ["BG.EO:5715-5731", "BG.EO.011:372-392", "§ 295 EO # Unbekannter Drittschuldner"],
  "§ 296 EO": ["BG.EO:5737-5739", "BG.EO.011:394-397", "§ 296 EO # Frühere Bewilligung einer Fahrnisexekution"],
  "§ 297 EO": ["BG.EO:5745-5749", "BG.EO.011:399-405", "§ 297 EO # Pfändung von Forderungen gegen eine juristische Person des öffentlichen Rechts"],
  "§ 298 EO": ["BG.EO:5755-5757", "BG.EO.011:407-410", "§ 298 EO # Verwahrung eines Handpfands"],
  "§ 299 EO": ["BG.EO:5763-5771", "BG.EO.011:412-424", "§ 299 EO # Umfang des Pfandrechts"],
  "§ 299a EO": ["BG.EO:5777-5785", "BG.EO.011:426-438", "§ 299a EO # Anspruch auf einen Entgeltteil gegen einen Dritten"],
  "§ 300 EO": ["BG.EO:5791-5797", "BG.EO.011:440-449", "§ 300 EO # Rang der Pfandrechte"],
  "§ 300a EO": ["BG.EO:5803-5809", "BG.EO.011:451-460", "§ 300a EO # Pfändung einer übertragenen oder verpfändeten Forderung"],
  "§ 301 EO": ["BG.EO:5815-5837", "BG.EO.011:462-489", "§ 301 EO # Drittschuldnererklärung"],
  "§ 302 EO": ["BG.EO:5843-5853", "BG.EO.011:491-504", "§ 302 EO # Kosten des Drittschuldners für seine Erklärung"],
  "§ 303 EO": ["BG.EO:5859-5865", "BG.EO.011:506-515", "§ 303 EO # Geltendmachung durch Verwalter und Überweisung"],
  "§ 304 EO": ["BG.EO:5871-5873", "BG.EO.011:517-520", "§ 304 EO # Besonderheiten im vereinfachten Bewilligungsverfahren"],
  "§ 305 EO": ["BG.EO:5879-5883", "BG.EO.011:522-528", "§ 305 EO # Durchführung der Überweisung"],
  "§ 306 EO": ["BG.EO:5889-5893", "BG.EO.011:530-536", "§ 306 EO # Auskunftsrecht – Ausfolgung der Urkunden"],
  "§ 307 EO": ["BG.EO:5899-5907", "BG.EO.011:538-550", "§ 307 EO # Hinterlegung bei Gericht"],
  "§ 308 EO": ["BG.EO:5913-5921", "BG.EO.011:552-564", "§ 308 EO # Rechte des Verwalters und des betreibenden Gläubigers"],
  "§ 308a EO": ["BG.EO:5927-5945", "BG.EO.011:566-589", "§ 308a EO # Klagerecht des Verpflichteten"],
  "§ 309 EO": ["BG.EO:5951-5957", "BG.EO.011:591-600", "§ 309 EO # Von Gegenleistung abhängige Forderung"],
  "§ 310 EO": ["BG.EO:5963-5971", "BG.EO.011:602-614", "§ 310 EO # Streitverkündung"],
  "§ 311 EO": ["BG.EO:5977-5983", "BG.EO.011:616-625", "§ 311 EO # Verzicht auf die Rechte aus der Überweisung"],
  "§ 311a EO": ["BG.EO:5989-5991", "BG.EO.011:627-630", "§ 311a EO # Zahlungsvereinbarung"],
  "§ 312 EO": ["BG.EO:5997-6001", "BG.EO.011:632-638", "§ 312 EO # Zahlung des Drittschuldners"],
  "§ 313 EO": ["BG.EO:6007-6011", "BG.EO.011:640-646", "§ 313 EO # Befreiung des Drittschuldners von der Verbindlichkeit"],
  "§ 314 EO": ["BG.EO:6017-6023", "BG.EO.011:648-657", "§ 314 EO # Einziehung durch einen Kurator"],
  "§ 315 EO": ["BG.EO:6029-6033", "BG.EO.011:659-665", "§ 315 EO # Verteilung"],
  "§ 317 EO": ["BG.EO:6039-6051", "BG.EO.011:667-682", "§ 317 EO # Anderweitige Verwertung"],
  "§ 318 EO": ["BG.EO:6057-6059", "BG.EO.011:684-687", "§ 318 EO # Verkauf einer Forderung"],
  "§ 319 EO": ["BG.EO:6065-6083", "BG.EO.011:689-709", "§ 319 EO # Verkauf durch Versteigerung – Zwangsverwaltung"],
  "§ 320 EO": ["BG.EO:6089-6101", "BG.EO.011:711-729", "§ 320 EO # Besondere Bestimmungen über die Exekution auf bücherlich sichergestellte Forderungen"],
  "§ 321 EO": ["BG.EO:6107-6111", "BG.EO.011:731-737", "§ 321 EO # Pfändung von Forderungen aus Papieren"],
  "§ 322 EO": ["BG.EO:6117-6121", "BG.EO.011:739-745", "§ 322 EO # Sonderbestimmungen für bei Gericht erliegende Papiere"],
  "§ 323 EO": ["BG.EO:6127-6131", "BG.EO.011:747-753", "§ 323 EO # Überweisung von Forderungen aus Papieren"],
  "§ 324 EO": ["BG.EO:6137-6141", "BG.EO.011:755-761", "§ 324 EO # Verwertung der Forderung aus einer Sparurkunde"],
  "§ 325 EO": ["BG.EO:6147-6151", "BG.EO.011:763-769", "§ 325 EO # Zahlung des Drittschuldners – Mehrempfang"],
  "447": "Dritte Abteilung",
  "448": "Exekution auf Vermögensrechte",
  "§ 326 EO": ["BG.EO:6157-6175", "BG.EO.012:15-34", "§ 326 EO # Anwendungsbereich"],
  "§ 327 EO": ["BG.EO:6181-6185", "BG.EO.012:36-42", "§ 327 EO # Grundsatz"],
  "§ 328 EO": ["BG.EO:6191-6201", "BG.EO.012:44-59", "§ 328 EO # Pfändung"],
  "§ 329 EO": ["BG.EO:6207-6213", "BG.EO.012:61-70", "§ 329 EO # Befugnisse des Verwalters"],
  "§ 330 EO": ["BG.EO:6219-6241", "BG.EO.012:72-97", "§ 330 EO # Exekution ohne Verwalter"],
  "§ 331 EO": ["BG.EO:6247-6261", "BG.EO.012:99-115", "§ 331 EO # Verwertung"],
  "§ 332 EO": ["BG.EO:6267-6283", "BG.EO.012:117-137", "§ 332 EO # Zwangsverwaltung"],
  "§ 333 EO": ["BG.EO:6289-6295", "BG.EO.012:139-148", "§ 333 EO # Vermietung und Verpachtung"],
  "§ 334 EO": ["BG.EO:6301-6303", "BG.EO.012:150-153", "§ 334 EO # Freihandverkauf"],
  "§ 335 EO": ["BG.EO:6309-6327", "BG.EO.012:155-179", "§ 335 EO # Freihandverkauf von Liegenschaften"],
  "§ 336 EO": ["BG.EO:6333-6339", "BG.EO.012:181-190", "§ 336 EO # Eigentumsvorbehalt"],
  "§ 337 EO": ["BG.EO:6345-6351", "BG.EO.012:192-201", "§ 337 EO # Schrankfach"],
  "§ 338 EO": ["BG.EO:6357-6361", "BG.EO.012:203-209", "§ 338 EO # Ansprüche auf Herausgabe und Leistung von Sachen"],
  "§ 339 EO": ["BG.EO:6367-6373", "BG.EO.012:211-220", "§ 339 EO # Gesellschaftsanteile an Personengesellschaften und Genossenschaften"],
  "§ 340 EO": ["BG.EO:6379-6385", "BG.EO.012:222-231", "§ 340 EO # Vinkulierung und Aufgriffsrecht an Gesellschaftsanteilen an Kapitalgesellschaften"],
  "§ 341 EO": ["BG.EO:6391-6407", "BG.EO.012:233-252", "§ 341 EO # Unternehmen"],
  "§ 342 EO": ["BG.EO:6413-6419", "BG.EO.012:254-263", "§ 342 EO # Bekanntmachung des Zwangsverwalters"],
  "§ 343 EO": ["BG.EO:6425-6435", "BG.EO.012:265-278", "§ 343 EO # Befugnisse des Zwangsverwalters"],
  "§ 344 EO": ["BG.EO:6441-6445", "BG.EO.012:280-286", "§ 344 EO # Unmittelbare Berichtigung aus den Verwaltungserträgnissen"],
  "§ 345 EO": ["BG.EO:6451-6465", "BG.EO.012:288-304", "§ 345 EO # Rekurs"],
  "469": "Dritter Abschnitt",
  "470": "Exekution zur Erwirkung von Handlungen, Duldungen oder Unterlassungen",
  "§ 346 EO": ["BG.EO:6471-6479", "BG.EO.013:15-23", "§ 346 EO # Herausgabe oder Leistung von beweglichen Sachen"],
  "§ 346a EO": ["BG.EO:6485-6491", "BG.EO.013:25-34", "§ 346a EO # Angaben über die herauszugebenden Sachen"],
  "§ 347 EO": ["BG.EO:6497-6501", "BG.EO.013:36-42", "§ 347 EO # Herausgabe durch Dritte"],
  "§ 348 EO": ["BG.EO:6507-6511", "BG.EO.013:44-50", "§ 348 EO # Herausgabe durch Zeichen"],
  "§ 349 EO": ["BG.EO:6517-6523", "BG.EO.013:52-61", "§ 349 EO # Überlassung oder Räumung von unbeweglichen Sachen, Gegenständen des Bergwerkseigentums und Schiffen"],
  "§ 350 EO": ["BG.EO:6529-6542", "BG.EO.013:63-82", "§ 350 EO # Einräumung oder Aufhebung bücherlicher Rechte"],
  "§ 351 EO": ["BG.EO:6548-6554", "BG.EO.013:84-93", "§ 351 EO # Aufhebung einer Gemeinschaft"],
  "§ 352 EO": ["BG.EO:6560-6574", "BG.EO.013:95-110", "§ 352 EO # Versteigerung einer gemeinschaftlichen Liegenschaft"],
  "§ 352a EO": ["BG.EO:6580-6588", "BG.EO.013:112-124", "§ 352a EO # Versteigerungsbedingungen"],
  "§ 352b EO": ["BG.EO:6594-6604", "BG.EO.013:126-137", "§ 352b EO # Versteigerung"],
  "§ 352c EO": ["BG.EO:6610-6612", "BG.EO.013:139-142", "§ 352c EO # Verteilung"],
  "§ 353 EO": ["BG.EO:6618-6622", "BG.EO.013:144-150", "§ 353 EO # Erwirkung vertretbarer Handlungen"],
  "§ 354 EO": ["BG.EO:6628-6633", "BG.EO.013:152-159", "§ 354 EO # Erwirkung unvertretbarer Handlungen"],
  "§ 355 EO": ["BG.EO:6639-6644", "BG.EO.013:161-168", "§ 355 EO # Erwirkung von Duldungen und Unterlassungen"],
  "§ 356 EO": ["BG.EO:6650-6654", "BG.EO.013:170-176", "§ 356 EO # Wiederherstellung des früheren Zustands"],
  "§ 357 EO": ["BG.EO:6660-6662", "BG.EO.013:178-181", "§ 357 EO # Widerstand des Verpflichteten"],
  "§ 358 EO": ["BG.EO:6668-6672", "BG.EO.013:183-189", "§ 358 EO # Strafantrag – Strafzumessung"],
  "§ 359 EO": ["BG.EO:6678-6683", "BG.EO.013:191-198", "§ 359 EO # Geldstrafen"],
  "§ 360 EO": ["BG.EO:6689-6693", "BG.EO.013:200-206", "§ 360 EO # Haft"],
  "§ 361 EO": ["BG.EO:6699-6701", "BG.EO.013:208-211", "§ 361 EO # Haftdauer"],
  "§ 362 EO": ["BG.EO:6707-6711", "BG.EO.013:213-219", "§ 362 EO # Haft von im öffentlichen Amt oder Dienst stehenden Personen"],
  "§ 363 EO": ["BG.EO:6717-6719", "BG.EO.013:221-224", "§ 363 EO # Schadenersatz bei Mutwilligkeit"],
  "§ 365 EO": ["BG.EO:6725-6727", "BG.EO.013:226-229", "§ 365 EO # Gesundheitsgefährdung"],
  "§ 366 EO": ["BG.EO:6733-6735", "BG.EO.013:231-234", "§ 366 EO # Kostenvorschuss"],
  "§ 367 EO": ["BG.EO:6741-6745", "BG.EO.013:236-242", "§ 367 EO # Abgabe einer Willenserklärung"],
  "§ 368 EO": ["BG.EO:6751-6755", "BG.EO.013:244-250", "§ 368 EO # Interesse"],
  "§ 369 EO": ["BG.EO:6761-6765", "BG.EO.013:252-258", "§ 369 EO # Kosten der Exekution"],
  "498": "Zweiter Teil",
  "499": "Sicherung",
  "500": "Erster Abschnitt",
  "501": "Exekutionshandlungen zur Sicherung von Geldforderungen (Exekution zur Sicherstellung)",
  "§ 370 EO": ["BG.EO:6771-6781", "BG.EO.014:15-20", "§ 370 EO # Bewilligung"],
  "§ 371 EO": ["BG.EO:6787-6797", "BG.EO.014:22-33", "§ 371 EO # Exekution zur Sicherstellung ohne Bescheinigung"],
  "§ 371a EO": ["BG.EO:6803-6805", "BG.EO.014:35-38", "§ 371a EO # Leistung einer Sicherheit für drohenden Schaden"],
  "§ 372 EO": ["BG.EO:6811-6813", "BG.EO.014:40-43", "§ 372 EO # Unterhaltsansprüche, Geldrenten"],
  "§ 373 EO": ["BG.EO:6819-6821", "BG.EO.014:45-48", "§ 373 EO # Versäumungsurteil"],
  "§ 374 EO": ["BG.EO:6827-6833", "BG.EO.014:50-59", "§ 374 EO # Sicherungsmittel von Geldforderungen"],
  "§ 375 EO": ["BG.EO:6839-6843", "BG.EO.014:61-67", "§ 375 EO # Zuständigkeit"],
  "§ 376 EO": ["BG.EO:6849-6861", "BG.EO.014:69-83", "§ 376 EO # Vollziehung"],
  "§ 377 EO": ["BG.EO:6867-6875", "BG.EO.014:85-97", "§ 377 EO # Aufhebung und Einschränkung der Exekutionshandlungen"],
  "511": "Zweiter Abschnitt",
  "512": "Einstweilige Verfügungen",
  "§ 378 EO": ["BG.EO:6881-6889", "BG.EO.015:15-23", "§ 378 EO # Zulässigkeit"],
  "§ 378a EO": ["BG.EO:6895-6897", "BG.EO.015:25-28", "§ 378a EO # Einstweilige Verfügungen in Verfahren außer Streitsachen"],
  "§ 379 EO": ["BG.EO:6903-6927", "BG.EO.015:30-59", "§ 379 EO # Sicherung von Geldforderungen"],
  "§ 379a EO": ["BG.EO:6933-6937", "BG.EO.015:61-67", "§ 379a EO # Pfandweise Beschreibung nach § 1101 ABGB"],
  "§ 380 EO": ["BG.EO:6943-6945", "BG.EO.015:69-72", "§ 380 EO # Der Exekution entzogene Vermögenswerte"],
  "§ 381 EO": ["BG.EO:6951-6957", "BG.EO.015:74-81", "§ 381 EO # Sicherung anderer Ansprüche"],
  "§ 382 EO": ["BG.EO:6963-6983", "BG.EO.015:83-105", "§ 382 EO # Sicherungsmittel"],
  "§ 382a EO": ["BG.EO:6989-6999", "BG.EO.015:107-122", "§ 382a EO # Vorläufiger Unterhalt"],
  "§ 382b EO": ["BG.EO:7005-7013", "BG.EO.015:124-132", "§ 382b EO # Schutz vor Gewalt in Wohnungen"],
  "§ 382c EO": ["BG.EO:7019-7029", "BG.EO.015:134-144", "§ 382c EO # Allgemeiner Schutz vor Gewalt"],
  "§ 382d EO": ["BG.EO:7035-7053", "BG.EO.015:146-165", "§ 382d EO # Schutz vor Eingriffen in die Privatsphäre"],
  "§ 382e EO": ["BG.EO:7059-7067", "BG.EO.015:167-179", "§ 382e EO # Dauer"],
  "§ 382f EO": ["BG.EO:7073-7085", "BG.EO.015:181-199", "§ 382f EO # Verfahrensbestimmungen"],
  "§ 382g EO": ["BG.EO:7091-7093", "BG.EO.015:201-204", "§ 382g EO # Abgabestelle des Antragsgegners"],
  "§ 382h EO": ["BG.EO:7099-7109", "BG.EO.015:206-217", "§ 382h EO # Verständigungen"],
  "§ 382i EO": ["BG.EO:7115-7127", "BG.EO.015:219-234", "§ 382i EO # Vollzug"],
  "§ 382j EO": ["BG.EO:7133-7141", "BG.EO.015:236-248", "§ 382j EO # Sicherung des dringenden Wohnbedürfnisses eines Ehegatten"],
  "§ 382k EO": ["BG.EO:7147-7151", "BG.EO.015:250-256", "§ 382k EO # Einstweiliger Mietzins"],
  "§ 383 EO": ["BG.EO:7157-7161", "BG.EO.015:258-264", "§ 383 EO # Verwaltung von Sachen"],
  "§ 384 EO": ["BG.EO:7167-7173", "BG.EO.015:266-275", "§ 384 EO # Vollzug aufgetragener Handlungen"],
  "§ 385 EO": ["BG.EO:7179-7187", "BG.EO.015:277-289", "§ 385 EO # Drittverbot"],
  "§ 386 EO": ["BG.EO:7193-7203", "BG.EO.015:291-304", "§ 386 EO # Haft"],
  "§ 387 EO": ["BG.EO:7209-7217", "BG.EO.015:306-318", "§ 387 EO # Zuständigkeit"],
  "§ 388 EO": ["BG.EO:7223-7229", "BG.EO.015:320-329", "§ 388 EO"],
  "§ 389 EO": ["BG.EO:7235-7241", "BG.EO.015:331-340", "§ 389 EO # Antrag auf Erlassung einstweiliger Verfügungen"],
  "§ 389a EO": ["BG.EO:7247-7255", "BG.EO.015:342-351", "§ 389a EO # Bankguthaben"],
  "§ 390 EO": ["BG.EO:7261-7269", "BG.EO.015:353-365", "§ 390 EO # Sicherheitsleistung"],
  "§ 391 EO": ["BG.EO:7275-7279", "BG.EO.015:367-373", "§ 391 EO # Dauer, Befreiungsbetrag und Frist zur Rechtfertigung"],
  "§ 392 EO": ["BG.EO:7285-7289", "BG.EO.015:375-381", "§ 392 EO # Mehrere Verfügungen zugunsten desselben Anspruchs"],
  "§ 393 EO": ["BG.EO:7295-7301", "BG.EO.015:383-392", "§ 393 EO # Kosten"],
  "§ 394 EO": ["BG.EO:7307-7315", "BG.EO.015:394-404", "§ 394 EO # Schadenersatz und Mutwillensstrafe"],
  "§ 395 EO": ["BG.EO:7321-7326", "BG.EO.015:406-413", "§ 395 EO # Zustellung"],
  "§ 396 EO": ["BG.EO:7332-7334", "BG.EO.015:415-418", "§ 396 EO # Unstatthaftigkeit der Vollziehung einer einstweiligen Verfügung"],
  "§ 397 EO": ["BG.EO:7340-7346", "BG.EO.015:420-429", "§ 397 EO # Widerspruch"],
  "§ 398 EO": ["BG.EO:7352-7356", "BG.EO.015:431-437", "§ 398 EO # Verfahren über den Widerspruch"],
  "§ 399 EO": ["BG.EO:7362-7376", "BG.EO.015:439-455", "§ 399 EO # Aufhebung oder Einschränkung der angeordneten Verfügung"],
  "§ 399a EO": ["BG.EO:7382-7394", "BG.EO.015:457-473", "§ 399a EO # Aufhebung oder Einschränkung des vorläufigen Unterhalts"],
  "§ 399b EO": ["BG.EO:7400-7406", "BG.EO.015:475-484", "§ 399b EO # Ersatz und Aufrechnung nach Aufhebung oder Einschränkung des vorläufigen Unterhalts"],
  "§ 399c EO": ["BG.EO:7412-7418", "BG.EO.015:486-495", "§ 399c EO # Anpassung einer einstweiligen Verfügung zum Schutz vor Gewalt und Eingriffen in die Privatsphäre"],
  "§ 400 EO": ["BG.EO:7424-7426", "BG.EO.015:497-500", "§ 400 EO # Ausfolgung der Sicherheitsleistung"],
  "§ 401 EO": ["BG.EO:7432-7436", "BG.EO.015:502-508", "§ 401 EO # Anordnungen über verwahrte Sachen"],
  "§ 402 EO": ["BG.EO:7442-7452", "BG.EO.015:510-525", "§ 402 EO # Rekurs"],
  "555": "Dritter Teil",
  "556": "Internationales Exekutionsrecht",
  "557": "Erster Abschnitt",
  "558": "Allgemeine Bestimmungen",
  "§ 403 EO": ["BG.EO:7458-7468", "BG.EO.016:15-20", "§ 403 EO # Allgemeines"],
  "§ 404 EO": ["BG.EO:7474-7482", "BG.EO.016:22-34", "§ 404 EO # Anpassung ausländischer Exekutionstitel"],
  "§ 405 EO": ["BG.EO:7488-7496", "BG.EO.016:36-48", "§ 405 EO # Anpassung von Bruchteilstiteln"],
  "562": "Zweiter Abschnitt",
  "563": "Vollstreckbarerklärung und Anerkennung von Akten und Urkunden, die im Ausland errichtet wurden",
  "§ 406 EO": ["BG.EO:7502-7508", "BG.EO.016:50-55", "§ 406 EO"],
  "§ 407 EO": ["BG.EO:7514-7522", "BG.EO.016:57-66", "§ 407 EO"],
  "§ 408 EO": ["BG.EO:7528-7536", "BG.EO.016:68-77", "§ 408 EO # Versagungsgründe"],
  "§ 409 EO": ["BG.EO:7542-7548", "BG.EO.016:79-86", "§ 409 EO # Zuständigkeit"],
  "§ 410 EO": ["BG.EO:7554-7558", "BG.EO.016:88-94", "§ 410 EO # Verfahren"],
  "§ 411 EO": ["BG.EO:7564-7578", "BG.EO.016:96-115", "§ 411 EO # Rekurs"],
  "§ 412 EO": ["BG.EO:7584-7588", "BG.EO.016:117-123", "§ 412 EO # Exekutionsantrag und Vollzug"],
  "§ 413 EO": ["BG.EO:7594-7596", "BG.EO.016:125-128", "§ 413 EO # Wirkung der Vollstreckbarerklärung"],
  "§ 414 EO": ["BG.EO:7602-7606", "BG.EO.016:130-136", "§ 414 EO # Aufhebung und Abänderung der Vollstreckbarerklärung"],
  "§ 415 EO": ["BG.EO:7612-7622", "BG.EO.016:138-148", "§ 415 EO # Anerkennung"],
  "§ 416 EO": ["BG.EO:7628-7632", "BG.EO.016:150-156", "§ 416 EO"],
  "575": "Dritter Abschnitt",
  "576": "Exekution auf Grund von Akten und Urkunden supranationaler Organisationen",
  "§ 417 EO": ["BG.EO:7638-7644", "BG.EO.016:158-163", "§ 417 EO"],
  "578": "Vierter Abschnitt",
  "579": "Keine Vollstreckbarerklärung",
  "§ 418 EO": ["BG.EO:7650-7662", "BG.EO.016:165-179", "§ 418 EO # Frist für Versagungsanträge"],
  "581": "Fünfter Abschnitt",
  "582": "Bestätigung über die Vollstreckbarkeit",
  "§ 419 EO": ["BG.EO:7668-7678", "BG.EO.016:181-192", "§ 419 EO # Europäischer Vollstreckungstitel"],
  "584": "Sechster Abschnitt",
  "585": "Begleitregelungen zur EuSchMaVO",
  "§ 420 EO": ["BG.EO:7684-7702", "BG.EO.016:194-211", "§ 420 EO # Zuständigkeit"],
  "§ 421 EO": ["BG.EO:7708-7714", "BG.EO.016:213-222", "§ 421 EO # Verfahren bei der Anpassung von Schutzmaßnahmen"],
  "588": "Siebenter Abschnitt",
  "589": "Begleitregelungen zur EuKoPfVO",
  "§ 422 EO": ["BG.EO:7720-7730", "BG.EO.016:224-235", "§ 422 EO # Anwendung der Bestimmungen über einstweilige Verfügungen und Anwendungsbereich"],
  "§ 423 EO": ["BG.EO:7736-7742", "BG.EO.016:237-246", "§ 423 EO # Zuständigkeit"],
  "§ 424 EO": ["BG.EO:7748-7756", "BG.EO.016:248-260", "§ 424 EO # Einholung von Kontoinformationen"],
  "593": "Vierter Teil",
  "594": "Begleitregelungen",
  "595": "Erster Abschnitt",
  "596": "Elektronische Abfrage von Daten",
  "§ 427 EO": ["BG.EO:7762-7786", "BG.EO.016:262-283", "§ 427 EO # Voraussetzungen"],
  "§ 428 EO": ["BG.EO:7792-7800", "BG.EO.016:285-297", "§ 428 EO # Durchführung der Abfrage"],
  "§ 429 EO": ["BG.EO:7806-7812", "BG.EO.016:299-308", "§ 429 EO # Verhinderung von Missbrauch"],
  "§ 430 EO": ["BG.EO:7818-7840", "BG.EO.016:310-337", "§ 430 EO # Kontrolle"],
  "§ 431 EO": ["BG.EO:7846-7850", "BG.EO.016:339-345", "§ 431 EO # Strafbestimmung"],
  "602": "Zweiter Abschnitt",
  "603": "Sonstige Begleitregelungen",
  "§ 432 EO": ["BG.EO:7856-7864", "BG.EO.017:15-23", "§ 432 EO # Geschäftsverteilung bei exekutionsrechtlichen Klagen und Anträgen"],
  "§ 433 EO": ["BG.EO:7870-7872", "BG.EO.017:25-28", "§ 433 EO # Auktionshallen"],
  "§ 434 EO": ["BG.EO:7878-7890", "BG.EO.017:30-45", "§ 434 EO # Lagerzins"],
  "§ 435 EO": ["BG.EO:7896-7898", "BG.EO.017:47-50", "§ 435 EO # Formblätter"],
  "§ 436 EO": ["BG.EO:7904-7948", "BG.EO.017:52-100", "§ 436 EO # Verwalterliste in Exekutionssachen"],
  "§ 437 EO": ["BG.EO:7954-7956", "BG.EO.017:102-105", "§ 437 EO # Überweisung bei Neuerrichtung eines Bezirksgerichts"],
  "610": "Fünfter Teil",
  "611": "Anfechtung von Rechtshandlungen",
  "§ 438 EO": ["BG.EO:7962-7968", "BG.EO.017:107-112", "§ 438 EO # Anfechtungsrecht"],
  "§ 439 EO": ["BG.EO:7974-7984", "BG.EO.017:114-125", "§ 439 EO # Benachteiligungsabsicht und Vermögensverschleuderung"],
  "§ 440 EO": ["BG.EO:7990-7996", "BG.EO.017:127-134", "§ 440 EO # Unentgeltliche und ihnen gleichgestellte Verfügungen"],
  "§ 441 EO": ["BG.EO:8002-8004", "BG.EO.017:136-139", "§ 441 EO # Einzelverkäufe"],
  "§ 442 EO": ["BG.EO:8010-8012", "BG.EO.017:141-144", "§ 442 EO # Exekution und Anfechtung"],
  "§ 443 EO": ["BG.EO:8018-8022", "BG.EO.017:146-152", "§ 443 EO # Anfechtungsbefugnis"],
  "§ 444 EO": ["BG.EO:8028-8040", "BG.EO.017:154-169", "§ 444 EO # Hemmung des Ablaufs der Anfechtungsfrist"],
  "§ 445 EO": ["BG.EO:8046-8048", "BG.EO.017:171-174", "§ 445 EO # Anfechtung vor Vollstreckbarkeit"],
  "§ 446 EO": ["BG.EO:8054-8056", "BG.EO.017:176-179", "§ 446 EO # Anfechtungsklage"],
  "§ 447 EO": ["BG.EO:8062-8068", "BG.EO.017:181-190", "§ 447 EO # Inhalt des Anfechtungsanspruchs"],
  "§ 448 EO": ["BG.EO:8074-8076", "BG.EO.017:192-195", "§ 448 EO # Rechte Dritter"],
  "§ 449 EO": ["BG.EO:8082-8084", "BG.EO.017:197-200", "§ 449 EO # Ansprüche des Anfechtungsgegners"],
  "§ 450 EO": ["BG.EO:8090-8092", "BG.EO.017:202-205", "§ 450 EO # Befreiung des Anfechtungsgegners"],
  "§ 451 EO": ["BG.EO:8098-8100", "BG.EO.017:207-210", "§ 451 EO # Mehrfache Anfechtung"],
  "§ 452 EO": ["BG.EO:8106-8110", "BG.EO.017:212-218", "§ 452 EO # Anfechtbarkeit bei Eröffnung eines Insolvenzverfahrens"],
  "§ 453 EO": ["BG.EO:8116-8120", "BG.EO.017:220-226", "§ 453 EO # Anmerkung der Anfechtungsklage"],
  "628": "Sechster Teil",
  "629": "Vollzugsgebühr und Vergütungen der Gerichtsvollzieher",
  "630": "Erster Abschnitt",
  "631": "Vollzugsgebühr",
  "§ 454 EO": ["BG.EO:8126-8140", "BG.EO.017:228-239", "§ 454 EO # Gebührenpflicht"],
  "§ 455 EO": ["BG.EO:8146-8162", "BG.EO.017:241-257", "§ 455 EO # Höhe der Gebühr"],
  "§ 456 EO": ["BG.EO:8168-8180", "BG.EO.017:259-273", "§ 456 EO # Anwendbarkeit anderer Vorschriften"],
  "635": "Zweiter Abschnitt",
  "636": "Vergütung des Gerichtsvollziehers",
  "§ 457 EO": ["BG.EO:8186-8202", "BG.EO.017:275-292", "§ 457 EO # Entstehen der Vergütung"],
  "§ 458 EO": ["BG.EO:8208-8210", "BG.EO.017:294-297", "§ 458 EO # Vergütung bei Handlungen zugunsten mehrerer Verfahren"],
  "§ 459 EO": ["BG.EO:8216-8230", "BG.EO.017:299-315", "§ 459 EO # Vergütung bei mehreren Handlungen in einem Verfahren"],
  "§ 460 EO": ["BG.EO:8236-8238", "BG.EO.017:317-320", "§ 460 EO # Zurückzahlung der Vergütung"],
  "§ 461 EO": ["BG.EO:8244-8246", "BG.EO.017:322-325", "§ 461 EO # Vermögensverzeichnis"],
  "§ 462 EO": ["BG.EO:8252-8280", "BG.EO.017:327-359", "§ 462 EO # Zahlung"],
  "§ 463 EO": ["BG.EO:8286-8288", "BG.EO.017:361-364", "§ 463 EO # Verwertung von Gegenständen"],
  "§ 464 EO": ["BG.EO:8294-8296", "BG.EO.017:366-369", "§ 464 EO # Zwangsverwaltung einer Liegenschaft"],
  "§ 465 EO": ["BG.EO:8302-8310", "BG.EO.017:371-380", "§ 465 EO # Zwangsversteigerung einer Liegenschaft"],
  "§ 466 EO": ["BG.EO:8316-8322", "BG.EO.017:382-391", "§ 466 EO # Fahrnisexekution"],
  "§ 467 EO": ["BG.EO:8328-8336", "BG.EO.017:393-401", "§ 467 EO # Exekution auf Vermögensrechte"],
  "§ 468 EO": ["BG.EO:8342-8344", "BG.EO.017:403-406", "§ 468 EO # Exekution zur Herausgabe beweglicher Sachen"],
  "§ 469 EO": ["BG.EO:8350-8352", "BG.EO.017:408-411", "§ 469 EO # Räumungsexekution"],
  "§ 470 EO": ["BG.EO:8358-8364", "BG.EO.017:413-420", "§ 470 EO # Insolvenzverfahren"],
  "§ 471 EO": ["BG.EO:8370-8372", "BG.EO.017:422-425", "§ 471 EO # Pfandweise Beschreibung"],
  "§ 472 EO": ["BG.EO:8378-8386", "BG.EO.017:427-436", "§ 472 EO # Verhaftung und Vorführung"],
  "§ 473 EO": ["BG.EO:8392-8394", "BG.EO.017:438-441", "§ 473 EO # Zustellung"],
  "654": "Dritter Abschnitt",
  "655": "Fahrtkosten des Gerichtsvollziehers",
  "§ 474 EO": ["BG.EO:8400-8418", "BG.EO.017:443-462", "§ 474 EO # Höhe"],
  "657": "Vierter Abschnitt",
  "658": "Vollzugsgebiete",
  "§ 475 EO": ["BG.EO:8424-8438", "BG.EO.017:464-481", "§ 475 EO # Vollzugsgebietsplan"],
  "§ 476 EO": ["BG.EO:8444-8448", "BG.EO.017:483-489", "§ 476 EO # Entwurf des Vollzugsgebietsplans"],
  "§ 477 EO": ["BG.EO:8454-8456", "BG.EO.017:491-494", "§ 477 EO # Auflage des Vollzugsgebietsplans"],
  "§ 478 EO": ["BG.EO:8462-8464", "BG.EO.017:496-499", "§ 478 EO # Änderung des Vollzugsgebietsplans"],
  "§ 479 EO": ["BG.EO:8470-8472", "BG.EO.017:501-504", "§ 479 EO # Überprüfung des Vollzugsgebietsplans"],
  "§ 480 EO": ["BG.EO:8478-8492", "BG.EO.017:506-523", "§ 480 EO # Zusammensetzung der Vergütung"],
  "§ 481 EO": ["BG.EO:8498-8502", "BG.EO.017:525-531", "§ 481 EO # Reisegebühren"],
  "§ 482 EO": ["BG.EO:8508-8510", "BG.EO.017:533-536", "§ 482 EO # Vollzugsgebietsbetrauung"],
  "§ 483 EO": ["BG.EO:8516-8518", "BG.EO.017:538-541", "§ 483 EO # Sonstige Bedienstete"],
  "§ 483a EO": ["BG.EO:8524-8526", "BG.EO.017:543-546", "§ 483a EO # Vollziehung"],
  "669": "Siebenter Teil",
  "670": "Inkrafttreten, Schluss- und Übergangsbestimmungen",
  "§ 484 EO": ["BG.EO:8532-8540", "BG.EO.018:15-23", "§ 484 EO # Inkrafttreten"],
  "§ 485 EO": ["BG.EO:8546-8556", "BG.EO.018:25-38", "§ 485 EO"],
  "§ 486 EO": ["BG.EO:8562-8590", "BG.EO.018:40-82", "§ 486 EO # In-Kraft-Treten und Übergangsbestimmungen zur EO-Novelle 2003"],
  "§ 487 EO": ["BG.EO:8596-8598", "BG.EO.018:84-87", "§ 487 EO # In-Kraft-Treten und Übergangsbestimmung zur ZVN 2004"],
  "§ 488 EO": ["BG.EO:8604-8626", "BG.EO.018:89-122", "§ 488 EO # In-Kraft-Treten und Übergangsbestimmungen zur EO-Novelle 2005"],
  "§ 489 EO": ["BG.EO:8632-8636", "BG.EO.018:124-130", "§ 489 EO # In-Kraft-Treten und Übergangsbestimmungen"],
  "§ 490 EO": ["BG.EO:8642-8660", "BG.EO.018:132-159", "§ 490 EO # Inkrafttreten und Übergangsbestimmungen zur EO-Novelle 2008"],
  "§ 491 EO": ["BG.EO:8666-8668", "BG.EO.018:161-164", "§ 491 EO # Inkrafttreten und Übergangsbestimmungen zur Novelle BGBl. I Nr. 82/2008"],
  "§ 492 EO": ["BG.EO:8674-8678", "BG.EO.018:166-172", "§ 492 EO # Inkrafttreten und Übergangsbestimmungen zur ZVN 2009"],
  "§ 493 EO": ["BG.EO:8684-8686", "BG.EO.018:174-177", "§ 493 EO # Inkrafttreten und Übergangsbestimmungen zum 2. Gewaltschutzgesetz"],
  "§ 494 EO": ["BG.EO:8692-8694", "BG.EO.018:179-182", "§ 494 EO # Inkrafttreten und Übergangsbestimmungen zum Familienrechts-Änderungsgesetz 2009"],
  "§ 495 EO": ["BG.EO:8700-8702", "BG.EO.018:184-187", "§ 495 EO # Inkrafttreten und Übergangsbestimmung zur Novelle BGBl. I Nr. 111/2010"],
  "§ 496 EO": ["BG.EO:8708-8710", "BG.EO.018:189-192", "§ 496 EO"],
  "§ 497 EO": ["BG.EO:8716-8742", "BG.EO.018:194-233", "§ 497 EO # Inkrafttreten und Übergangsbestimmungen zur EO-Novelle 2014"],
  "§ 498 EO": ["BG.EO:8748-8768", "BG.EO.018:235-265", "§ 498 EO # Inkrafttreten und Übergangsbestimmungen zur EO-Novelle 2016"],
  "§ 499 EO": ["BG.EO:8774-8778", "BG.EO.018:267-273", "§ 499 EO # Inkrafttreten und Übergangsbestimmungen zum IRÄG 2017"],
  "§ 500 EO": ["BG.EO:8784-8786", "BG.EO.018:275-278", "§ 500 EO # Inkrafttreten des ZZRÄG 2019"],
  "§ 501 EO": ["BG.EO:8792-8794", "BG.EO.018:280-283", "§ 501 EO # Inkrafttreten und Übergangsbestimmungen zum Gewaltschutzgesetz 2019"],
  "§ 502 EO": ["BG.EO:8800-8818", "BG.EO.018:285-312", "§ 502 EO # Inkrafttreten und Übergangsbestimmungen zur GREx"],
  "§ 503 EO": ["BG.EO:8824-8826", "BG.EO.018:314-317", "§ 503 EO # Inkrafttreten und Übergangsbestimmung zur Novelle BGBl. I Nr. 202/2021"],
  "§ 504 EO": ["BG.EO:8832-8834", "BG.EO.018:319-322", "§ 504 EO # Inkrafttretens- und Übergangsbestimmung zum BGBl. I Nr. 77/2023"],
  "§ 505 EO": ["BG.EO:8840-8848", "BG.EO.018:324-336", "§ 505 EO # Inkrafttreten und Übergangsbestimmungen zur Gerichtsvollzieher-Vergütungs-Novelle 2023"]
}
