{
  "000": "Erster Theil.",
  "001": "Von der Gerichtsbarkeit im allgemeinen.",
  "002": "Erster Abschnitt.",
  "003": "Gerichte und gerichtliche Organe.",
  "004": "Ordentliche Gerichte.",
  "§ 1 JN": ["BG.JN:227-239", "BG.JN.001:17-22", "§ 1 JN # "],
  "006": "Instanzenverhältnis der Gerichte.",
  "§ 2 JN": ["BG.JN:245-251", "BG.JN.001:24-32", "§ 2 JN # "],
  "§ 3 JN": ["BG.JN:257-261", "BG.JN.001:34-40", "§ 3 JN # "],
  "§ 4 JN": ["BG.JN:267-269", "BG.JN.001:42-45", "§ 4 JN # "],
  "010": "Ausübung der Gerichtsbarkeit bei den ordentlichen Gerichten",
  "§ 5 JN": ["BG.JN:275-280", "BG.JN.001:47-53", "§ 5 JN # "],
  "§ 7 JN": ["BG.JN:286-292", "BG.JN.001:55-64", "§ 7 JN"],
  "§ 7a JN": ["BG.JN:298-306", "BG.JN.001:66-78", "§ 7a JN"],
  "§ 8 JN": ["BG.JN:312-318", "BG.JN.001:80-89", "§ 8 JN # "],
  "§ 8a JN": ["BG.JN:324-326", "BG.JN.001:91-94", "§ 8a JN"],
  "016": "Berathung und Abstimmung.",
  "§ 9 JN": ["BG.JN:332-338", "BG.JN.001:96-104", "§ 9 JN # "],
  "§ 10 JN": ["BG.JN:344-348", "BG.JN.001:106-112", "§ 10 JN # "],
  "§ 11 JN": ["BG.JN:354-358", "BG.JN.001:114-120", "§ 11 JN # "],
  "§ 12 JN": ["BG.JN:364-370", "BG.JN.001:122-131", "§ 12 JN # "],
  "§ 13 JN": ["BG.JN:376-378", "BG.JN.001:133-136", "§ 13 JN # "],
  "§ 14 JN": ["BG.JN:384-386", "BG.JN.001:138-141", "§ 14 JN # "],
  "§ 15 JN": ["BG.JN:392-404", "BG.JN.001:143-160", "§ 15 JN # Fachkundige Laienrichter in Handelssachen"],
  "024": "III. Abschnitt",
  "025": "Schluß- und Übergangsbestimmungen.",
  "§ 16 JN": ["BG.JN:410-420", "BG.JN.001:162-173", "§ 16 JN # (Anm.: aus BGBl. Nr. 20/1949, zu RGBl. Nr. 111/1895)"],
  "§ 17 JN": ["BG.JN:426-452", "BG.JN.001:175-206", "§ 17 JN"],
  "§ 18 JN": ["BG.JN:458-468", "BG.JN.001:208-223", "§ 18 JN"],
  "029": "Zweiter Abschnitt.",
  "030": "Ablehnung von Richtern und anderen gerichtlichen Organen.",
  "031": "Ablehnung von Richtern.",
  "§ 19 JN": ["BG.JN:474-486", "BG.JN.001:225-234", "§ 19 JN # "],
  "§ 20 JN": ["BG.JN:492-506", "BG.JN.001:236-252", "§ 20 JN # "],
  "§ 21 JN": ["BG.JN:512-516", "BG.JN.001:254-260", "§ 21 JN # "],
  "§ 22 JN": ["BG.JN:522-530", "BG.JN.001:262-274", "§ 22 JN # "],
  "§ 23 JN": ["BG.JN:536-538", "BG.JN.001:276-279", "§ 23 JN # "],
  "§ 24 JN": ["BG.JN:544-548", "BG.JN.001:281-287", "§ 24 JN # "],
  "§ 25 JN": ["BG.JN:554-556", "BG.JN.001:289-292", "§ 25 JN # "],
  "039": "Ablehnung anderer gerichtlicher Organe.",
  "§ 26 JN": ["BG.JN:562-568", "BG.JN.001:294-302", "§ 26 JN # "],
  "§ 27 JN": ["BG.JN:574-578", "BG.JN.001:304-310", "§ 27 JN # "],
  "042": "Dritter Abschnitt.",
  "043": "Zuständigkeit.",
  "§ 27a JN": ["BG.JN:584-592", "BG.JN.001:312-320", "§ 27a JN # Inländische Gerichtsbarkeit"],
  "§ 28 JN": ["BG.JN:598-612", "BG.JN.001:322-340", "§ 28 JN # Bestimmung der Zuständigkeit durch den Obersten Gerichtshof"],
  "046": "Dauer der Zuständigkeit.",
  "§ 29 JN": ["BG.JN:618-622", "BG.JN.001:342-347", "§ 29 JN # "],
  "048": "Delegation.",
  "§ 30 JN": ["BG.JN:628-632", "BG.JN.001:349-354", "§ 30 JN # "],
  "§ 31 JN": ["BG.JN:638-644", "BG.JN.001:356-365", "§ 31 JN # "],
  "§ 31a JN": ["BG.JN:650-656", "BG.JN.001:367-376", "§ 31a JN"],
  "§ 32 JN": ["BG.JN:662-670", "BG.JN.001:378-390", "§ 32 JN # Beschränkung der Zuständigkeit auf den Gerichtsbezirk"],
  "§ 33 JN": ["BG.JN:676-678", "BG.JN.001:392-395", "§ 33 JN"],
  "054": "Übertragung einzelner Geschäfte an den Vorsitzenden oder an einen beauftragten Richter",
  "§ 34 JN": ["BG.JN:684-690", "BG.JN.001:397-405", "§ 34 JN # "],
  "§ 35 JN": ["BG.JN:696-700", "BG.JN.001:407-413", "§ 35 JN # "],
  "057": "Übertragung des Vollzuges von Amtshandlungen an andere Gerichte",
  "§ 36 JN": ["BG.JN:706-714", "BG.JN.002:15-26", "§ 36 JN # "],
  "059": "Rechtshilfe auf Ersuchen inländischer Gerichte.",
  "§ 37 JN": ["BG.JN:720-734", "BG.JN.002:28-48", "§ 37 JN # "],
  "§ 37a JN": ["BG.JN:740-742", "BG.JN.002:50-53", "§ 37a JN # Amtshilfe auf Ersuchen inländischer Verwaltungsbehörden"],
  "062": "Rechtshilfe auf Ersuchen ausländischer Gerichte.",
  "§ 38 JN": ["BG.JN:748-760", "BG.JN.002:55-68", "§ 38 JN # "],
  "§ 39 JN": ["BG.JN:766-772", "BG.JN.002:70-79", "§ 39 JN # "],
  "§ 39a JN": ["BG.JN:778-800", "BG.JN.002:81-106", "§ 39a JN # Beweisaufnahme durch ausländische Gerichte"],
  "§ 40 JN": ["BG.JN:806-808", "BG.JN.002:108-111", "§ 40 JN # "],
  "§ 40a JN": ["BG.JN:814-816", "BG.JN.002:113-116", "§ 40a JN"],
  "068": "Prüfung der Zuständigkeit.",
  "§ 41 JN": ["BG.JN:822-830", "BG.JN.002:118-129", "§ 41 JN # "],
  "§ 42 JN": ["BG.JN:836-844", "BG.JN.002:131-143", "§ 42 JN # "],
  "§ 43 JN": ["BG.JN:850-860", "BG.JN.002:145-158", "§ 43 JN # "],
  "§ 44 JN": ["BG.JN:866-872", "BG.JN.002:160-169", "§ 44 JN # "],
  "§ 45 JN": ["BG.JN:878-880", "BG.JN.002:171-174", "§ 45 JN"],
  "§ 46 JN": ["BG.JN:886-892", "BG.JN.002:176-185", "§ 46 JN # "],
  "075": "Streitigkeiten über die Zuständigkeit zwischen inländischen Gerichten.",
  "§ 47 JN": ["BG.JN:898-908", "BG.JN.002:187-201", "§ 47 JN # "],
  "077": "Zweiter Theil.",
  "078": "Von der Gerichtsbarkeit in Streitsachen.",
  "079": "Erster Abschnitt.",
  "080": "Bezirksgerichte.",
  "§ 49 JN": ["BG.JN:914-955", "BG.JN.002:203-242", "§ 49 JN # "],
  "082": "Gerichtshöfe erster Instanz.",
  "§ 50 JN": ["BG.JN:961-965", "BG.JN.002:244-249", "§ 50 JN # "],
  "§ 51 JN": ["BG.JN:971-1003", "BG.JN.002:251-286", "§ 51 JN # Handelsgerichte"],
  "§ 52 JN": ["BG.JN:1009-1013", "BG.JN.002:288-294", "§ 52 JN # "],
  "§ 53 JN": ["BG.JN:1019-1021", "BG.JN.002:296-299", "§ 53 JN"],
  "087": "Wert des Streitgegenstandes.",
  "§ 54 JN": ["BG.JN:1027-1033", "BG.JN.002:301-309", "§ 54 JN # "],
  "§ 55 JN": ["BG.JN:1039-1051", "BG.JN.002:311-327", "§ 55 JN"],
  "§ 56 JN": ["BG.JN:1057-1063", "BG.JN.002:329-338", "§ 56 JN # "],
  "§ 57 JN": ["BG.JN:1069-1071", "BG.JN.002:340-343", "§ 57 JN # "],
  "§ 58 JN": ["BG.JN:1077-1081", "BG.JN.002:345-351", "§ 58 JN # "],
  "§ 59 JN": ["BG.JN:1087-1089", "BG.JN.002:353-356", "§ 59 JN # "],
  "§ 59a JN": ["BG.JN:1095-1097", "BG.JN.002:358-361", "§ 59a JN"],
  "§ 60 JN": ["BG.JN:1103-1111", "BG.JN.002:363-375", "§ 60 JN # "],
  "096": "Bestreitung der Zuständigkeit eines Civil-, Handels- oder bergrechtlichen Senates.",
  "§ 61 JN": ["BG.JN:1117-1125", "BG.JN.003:15-26", "§ 61 JN # "],
  "§ 62 JN": ["BG.JN:1131-1137", "BG.JN.003:28-37", "§ 62 JN # "],
  "§ 63 JN": ["BG.JN:1143-1145", "BG.JN.003:39-42", "§ 63 JN # "],
  "§ 64 JN": ["BG.JN:1151-1153", "BG.JN.003:44-47", "§ 64 JN # "],
  "101": "Zweiter Abschnitt.",
  "102": "Örtliche Zuständigkeit.",
  "103": "Allgemeiner Gerichtsstand.",
  "§ 65 JN": ["BG.JN:1159-1167", "BG.JN.003:49-54", "§ 65 JN # "],
  "§ 66 JN": ["BG.JN:1173-1179", "BG.JN.003:56-65", "§ 66 JN # "],
  "§ 67 JN": ["BG.JN:1185-1187", "BG.JN.003:67-70", "§ 67 JN # "],
  "§ 68 JN": ["BG.JN:1193-1199", "BG.JN.003:72-81", "§ 68 JN # "],
  "§ 69 JN": ["BG.JN:1205-1207", "BG.JN.003:83-86", "§ 69 JN # "],
  "§ 71 JN": ["BG.JN:1213-1215", "BG.JN.003:88-91", "§ 71 JN"],
  "§ 74 JN": ["BG.JN:1221-1225", "BG.JN.003:93-99", "§ 74 JN # "],
  "§ 75 JN": ["BG.JN:1231-1235", "BG.JN.003:101-107", "§ 75 JN # "],
  "112": "Besondere Gerichtsstände",
  "113": "1. Ausschließliche.",
  "§ 76 JN": ["BG.JN:1241-1257", "BG.JN.003:109-126", "§ 76 JN # Streitigkeiten aus dem Eheverhältnis oder der eingetragenen Partnerschaft"],
  "§ 76a JN": ["BG.JN:1263-1265", "BG.JN.003:128-131", "§ 76a JN"],
  "§ 77 JN": ["BG.JN:1271-1275", "BG.JN.003:133-139", "§ 77 JN # Verlassenschaftsangelegenheiten"],
  "§ 78 JN": ["BG.JN:1281-1285", "BG.JN.003:141-147", "§ 78 JN # Fideicommiss- und Lehenangelegenheiten # "],
  "§ 79 JN": ["BG.JN:1291-1295", "BG.JN.003:149-155", "§ 79 JN # Klagen von Richtern und gegen Richter # "],
  "§ 81 JN": ["BG.JN:1301-1305", "BG.JN.003:157-163", "§ 81 JN # Streitigkeiten um unbewegliches Gut # "],
  "§ 82 JN": ["BG.JN:1311-1313", "BG.JN.003:165-168", "§ 82 JN # Wasserrechts-Besitzstörungsstreitigkeiten # "],
  "§ 83 JN": ["BG.JN:1319-1323", "BG.JN.003:170-176", "§ 83 JN # Bestandstreitigkeiten"],
  "§ 83a JN": ["BG.JN:1329-1335", "BG.JN.003:178-187", "§ 83a JN # Streitigkeiten aus Teilschuldverschreibungen"],
  "§ 83b JN": ["BG.JN:1341-1345", "BG.JN.003:189-195", "§ 83b JN # Streitigkeiten aus dem Verbandsverhältnisse"],
  "§ 83c JN": ["BG.JN:1351-1357", "BG.JN.003:197-206", "§ 83c JN # Streitigkeiten aus gewerblichem Rechtsschutz und Urheberrecht sowie Verbandsklagen"],
  "§ 84 JN": ["BG.JN:1363-1367", "BG.JN.003:208-214", "§ 84 JN # Lage der Sache in verschiedenen Sprengeln # "],
  "126": "2. Wahlgerichtsstände.",
  "§ 86a JN": ["BG.JN:1373-1377", "BG.JN.004:15-20", "§ 86a JN"],
  "§ 87 JN": ["BG.JN:1383-1389", "BG.JN.004:22-31", "§ 87 JN # Gerichtsstand der Niederlassung # "],
  "§ 87a JN": ["BG.JN:1395-1397", "BG.JN.004:33-36", "§ 87a JN # Gerichtsstand für Warenforderungen der Unternehmer"],
  "§ 88 JN": ["BG.JN:1403-1407", "BG.JN.004:38-44", "§ 88 JN"],
  "§ 89 JN": ["BG.JN:1413-1415", "BG.JN.004:46-49", "§ 89 JN # "],
  "§ 90 JN": ["BG.JN:1421-1423", "BG.JN.004:51-54", "§ 90 JN # "],
  "§ 91 JN": ["BG.JN:1429-1435", "BG.JN.004:56-65", "§ 91 JN # Gerichtsstand der gelegenen Sache # "],
  "§ 92 JN": ["BG.JN:1441-1443", "BG.JN.004:67-70", "§ 92 JN # Gerichtsstand für Besitzstörungsstreitigkeiten, # "],
  "§ 92a JN": ["BG.JN:1449-1451", "BG.JN.004:72-75", "§ 92a JN # Gerichtsstand der Schadenszufügung"],
  "§ 92b JN": ["BG.JN:1457-1459", "BG.JN.004:77-80", "§ 92b JN # Streitigkeiten wegen Verletzung eines Persönlichkeitsrechts in einem elektronischen Kommunikationsnetz"],
  "§ 92c JN": ["BG.JN:1465-1467", "BG.JN.004:82-85", "§ 92c JN # Streitigkeiten aus dem Gesellschaftsverhältnis"],
  "§ 93 JN": ["BG.JN:1473-1477", "BG.JN.004:87-93", "§ 93 JN # Gerichtsstand der Streitgenossenschaft # "],
  "§ 94 JN": ["BG.JN:1483-1487", "BG.JN.004:95-101", "§ 94 JN # Gerichtsstand des Hauptprocesses # "],
  "§ 95 JN": ["BG.JN:1493-1497", "BG.JN.004:103-109", "§ 95 JN # "],
  "§ 96 JN": ["BG.JN:1503-1507", "BG.JN.004:111-117", "§ 96 JN # Gerichtsstand der Widerklage # "],
  "§ 97 JN": ["BG.JN:1513-1517", "BG.JN.004:119-125", "§ 97 JN # Gerichtsstand des früheren Wohnsitzes # "],
  "§ 98 JN": ["BG.JN:1523-1525", "BG.JN.004:127-130", "§ 98 JN # Gerichtsstand der Schiffer und der Schiffsmannschaft"],
  "§ 99 JN": ["BG.JN:1531-1539", "BG.JN.004:132-144", "§ 99 JN # Gerichtsstand des Vermögens # "],
  "§ 100 JN": ["BG.JN:1545-1547", "BG.JN.004:146-149", "§ 100 JN # Klagen aus dem Ehe- oder Partnerschaftsverhältnis"],
  "§ 101 JN": ["BG.JN:1553-1555", "BG.JN.004:151-154", "§ 101 JN # Klagen aus CMR"],
  "§ 101a JN": ["BG.JN:1561-1563", "BG.JN.004:156-159", "§ 101a JN # Klagen nach der Fluggastrechte-Verordnung"],
  "148": "Mehrheit von Gerichtsständen.",
  "§ 102 JN": ["BG.JN:1569-1573", "BG.JN.004:161-166", "§ 102 JN # "],
  "§ 103 JN": ["BG.JN:1579-1583", "BG.JN.004:168-174", "§ 103 JN # Mehrheit von Bezirksgerichten an einem Orte # "],
  "151": "Vereinbarung über die Zuständigkeit der Gerichte.",
  "§ 104 JN": ["BG.JN:1589-1607", "BG.JN.004:176-198", "§ 104 JN # "],
  "153": "Dritter Theil.",
  "154": "Von der Gerichtsbarkeit in Geschäften außer Streitsachen.",
  "§ 104a JN": ["BG.JN:1613-1619", "BG.JN.005:15-20", "§ 104a JN # Sachliche Zuständigkeit"],
  "§ 105 JN": ["BG.JN:1625-1633", "BG.JN.005:22-34", "§ 105 JN # Verlassenschaftsabhandlung"],
  "§ 106 JN": ["BG.JN:1639-1641", "BG.JN.005:36-39", "§ 106 JN"],
  "§ 107 JN": ["BG.JN:1647-1649", "BG.JN.005:41-44", "§ 107 JN # Einwände gegen die Authentizität einer öffentlichen Urkunde in Verlassenschaftssachen"],
  "§ 108 JN": ["BG.JN:1655-1661", "BG.JN.005:46-55", "§ 108 JN # Abstammung"],
  "§ 109 JN": ["BG.JN:1667-1671", "BG.JN.005:57-63", "§ 109 JN # Obsorge, Erwachsenenvertretung und Kuratel"],
  "§ 109a JN": ["BG.JN:1677-1679", "BG.JN.005:65-68", "§ 109a JN"],
  "§ 109b JN": ["BG.JN:1685-1687", "BG.JN.005:70-73", "§ 109b JN"],
  "§ 110 JN": ["BG.JN:1693-1703", "BG.JN.005:75-87", "§ 110 JN"],
  "§ 111 JN": ["BG.JN:1709-1713", "BG.JN.005:89-95", "§ 111 JN # "],
  "§ 112 JN": ["BG.JN:1719-1723", "BG.JN.005:97-103", "§ 112 JN # "],
  "§ 113 JN": ["BG.JN:1729-1731", "BG.JN.005:105-108", "§ 113 JN # Legitimation unehelicher Kinder"],
  "§ 113a JN": ["BG.JN:1737-1741", "BG.JN.005:110-116", "§ 113a JN # Annahme an Kindesstatt"],
  "§ 113b JN": ["BG.JN:1747-1761", "BG.JN.005:118-135", "§ 113b JN"],
  "§ 114 JN": ["BG.JN:1767-1773", "BG.JN.005:137-146", "§ 114 JN # Unterhalt und sonstige aus dem Verhältnis zwischen Kindern und Eltern entspringende Ansprüche"],
  "§ 114a JN": ["BG.JN:1779-1787", "BG.JN.005:148-160", "§ 114a JN # Ehe- und Partnerschaftsangelegenheiten"],
  "§ 115 JN": ["BG.JN:1793-1805", "BG.JN.005:162-180", "§ 115 JN # Amortisirung von Urkunden # "],
  "§ 116 JN": ["BG.JN:1811-1815", "BG.JN.005:182-188", "§ 116 JN # Fideicommiss-Angelegenheiten # "],
  "§ 117 JN": ["BG.JN:1821-1823", "BG.JN.005:190-193", "§ 117 JN # Realangelegenheiten # "],
  "§ 118 JN": ["BG.JN:1829-1856", "BG.JN.005:195-221", "§ 118 JN # Anlegung und Führung der öffentlichen Bücher"],
  "§ 119 JN": ["BG.JN:1862-1864", "BG.JN.005:223-226", "§ 119 JN # Aufkündigung von Hypothekarforderungen # "],
  "§ 120 JN": ["BG.JN:1870-1904", "BG.JN.005:228-270", "§ 120 JN # Führung des Firmenbuchs; gesellschaftsrechtliche Angelegenheiten"],
  "§ 120a JN": ["BG.JN:1910-1912", "BG.JN.005:272-275", "§ 120a JN # Bestätigungen über die Führung der Handelsbücher # "],
  "§ 121 JN": ["BG.JN:1918-1920", "BG.JN.005:277-280", "§ 121 JN # Beglaubigung von Unterschriften und Abschriften, und Aufnahme letztwilliger Anordnungen # "],
  "§ 122 JN": ["BG.JN:1926-1928", "BG.JN.005:282-285", "§ 122 JN # Mehrheit von Bezirksgerichten an einem Orte"],
  "180": "Vierter Teil",
  "181": "Inkrafttreten, Schluss- und Übergangsbestimmungen",
  "§ 123 JN": ["BG.JN:1934-1948", "BG.JN.005:287-301", "§ 123 JN"]
}
