{
  "000": "I. HAUPTSTÜCK",
  "001": "Besondere Bestimmungen für Verträge zwischen Unternehmern und Verbrauchern",
  "002": "Abschnitt I",
  "§ 1 KSchG": ["BG.KSchG:91-111", "BG.KSchG.001:17-38", "§ 1 KSchG # Geltungsbereich"],
  "§ 2 KSchG": ["BG.KSchG:117-121", "BG.KSchG.001:40-46", "§ 2 KSchG"],
  "005": "Abschnitt II",
  "006": "Allgemeine Regeln",
  "§ 3 KSchG": ["BG.KSchG:127-151", "BG.KSchG.002:15-42", "§ 3 KSchG # Rücktrittsrecht"],
  "§ 3a KSchG": ["BG.KSchG:157-183", "BG.KSchG.002:44-75", "§ 3a KSchG"],
  "§ 4 KSchG": ["BG.KSchG:189-199", "BG.KSchG.002:77-90", "§ 4 KSchG"],
  "§ 5 KSchG": ["BG.KSchG:205-209", "BG.KSchG.002:92-98", "§ 5 KSchG # Kostenvoranschläge"],
  "§ 5a KSchG": ["BG.KSchG:215-267", "BG.KSchG.002:100-154", "§ 5a KSchG # Allgemeine Informationspflichten des Unternehmers"],
  "§ 5b KSchG": ["BG.KSchG:273-275", "BG.KSchG.002:156-159", "§ 5b KSchG # Telefonische Vertragsabschlüsse im Zusammenhang mit Gewinnzusagen oder Wett- und Lotteriedienstleistungen"],
  "§ 5c KSchG": ["BG.KSchG:281-283", "BG.KSchG.002:161-164", "§ 5c KSchG # Verbindlichkeit von Gewinnzusagen"],
  "§ 6 KSchG": ["BG.KSchG:289-339", "BG.KSchG.002:166-219", "§ 6 KSchG # Unzulässige Vertragsbestandteile"],
  "§ 6a KSchG": ["BG.KSchG:345-349", "BG.KSchG.002:221-227", "§ 6a KSchG # Erfüllung einer Geldschuld"],
  "§ 6b KSchG": ["BG.KSchG:355-357", "BG.KSchG.002:229-232", "§ 6b KSchG # Kosten telefonischer Kontaktaufnahme nach Vertragsabschluss"],
  "§ 6c KSchG": ["BG.KSchG:363-371", "BG.KSchG.002:234-246", "§ 6c KSchG # Zusätzliche Zahlungen"],
  "§ 7 KSchG": ["BG.KSchG:377-379", "BG.KSchG.002:248-251", "§ 7 KSchG # Angeld und Reugeld"],
  "§ 7a KSchG": ["BG.KSchG:385-387", "BG.KSchG.002:253-256", "§ 7a KSchG # Leistungsfrist bei Verträgen über Waren"],
  "§ 7b KSchG": ["BG.KSchG:393-395", "BG.KSchG.002:258-261", "§ 7b KSchG # Gefahrenübergang bei Übersendung der Ware"],
  "§ 7c KSchG": ["BG.KSchG:401-407", "BG.KSchG.002:263-272", "§ 7c KSchG # Verzug"],
  "§ 7d KSchG": ["BG.KSchG:413-419", "BG.KSchG.002:274-283", "§ 7d KSchG # Verzug bei der Bereitstellung digitaler Leistungen"],
  "§ 8 KSchG": ["BG.KSchG:425-434", "BG.KSchG.002:285-296", "§ 8 KSchG # Gewährleistung"],
  "§ 9 KSchG": ["BG.KSchG:440-442", "BG.KSchG.002:298-301", "§ 9 KSchG"],
  "§ 9a KSchG": ["BG.KSchG:448-456", "BG.KSchG.002:303-315", "§ 9a KSchG # Vertragliche Garantien"],
  "§ 10 KSchG": ["BG.KSchG:462-468", "BG.KSchG.002:317-326", "§ 10 KSchG # Umfang der Vertretungsmacht und mündliche Zusagen"],
  "§ 11 KSchG": ["BG.KSchG:474-478", "BG.KSchG.002:328-334", "§ 11 KSchG # Verbot des Orderwechsels"],
  "§ 12 KSchG": ["BG.KSchG:484-488", "BG.KSchG.002:336-342", "§ 12 KSchG # Verbot der Gehaltsabtretung"],
  "§ 13a KSchG": ["BG.KSchG:494-508", "BG.KSchG.002:344-359", "§ 13a KSchG # Verbraucherverträge mit Auslandsbezug"],
  "§ 14 KSchG": ["BG.KSchG:514-522", "BG.KSchG.002:361-373", "§ 14 KSchG # Gerichtsstand"],
  "031": "Abschnitt III",
  "032": "Besondere Vertragsarten",
  "§ 15 KSchG": ["BG.KSchG:528-540", "BG.KSchG.003:15-29", "§ 15 KSchG # Verträge über wiederkehrende Leistungen"],
  "§ 25a KSchG": ["BG.KSchG:546-554", "BG.KSchG.003:31-40", "§ 25a KSchG # Kreditgeschäfte von Ehegatten"],
  "§ 25b KSchG": ["BG.KSchG:560-564", "BG.KSchG.003:42-48", "§ 25b KSchG # Kreditverbindlichkeiten von Verbrauchern"],
  "§ 25c KSchG": ["BG.KSchG:570-572", "BG.KSchG.003:50-53", "§ 25c KSchG"],
  "§ 25d KSchG": ["BG.KSchG:578-590", "BG.KSchG.003:55-69", "§ 25d KSchG # Mäßigungsrecht"],
  "§ 26d KSchG": ["BG.KSchG:596-618", "BG.KSchG.003:71-98", "§ 26d KSchG # Wohnungsverbesserung"],
  "§ 27 KSchG": ["BG.KSchG:624-626", "BG.KSchG.003:100-103", "§ 27 KSchG # Vorauszahlungskäufe"],
  "§ 27a KSchG": ["BG.KSchG:632-634", "BG.KSchG.003:105-108", "§ 27a KSchG # Werkvertrag"],
  "§ 27b KSchG": ["BG.KSchG:640-644", "BG.KSchG.003:110-116", "§ 27b KSchG # Verträge zwischen Heimträgern und -bewohnern"],
  "§ 27c KSchG": ["BG.KSchG:650-652", "BG.KSchG.003:118-121", "§ 27c KSchG # Informationspflicht"],
  "§ 27d KSchG": ["BG.KSchG:658-712", "BG.KSchG.003:123-182", "§ 27d KSchG # Inhalt und Form des Heimvertrags"],
  "§ 27e KSchG": ["BG.KSchG:718-722", "BG.KSchG.003:184-190", "§ 27e KSchG # Vertrauensperson"],
  "§ 27f KSchG": ["BG.KSchG:728-730", "BG.KSchG.003:192-195", "§ 27f KSchG # Entgeltminderung"],
  "§ 27g KSchG": ["BG.KSchG:736-746", "BG.KSchG.003:197-212", "§ 27g KSchG # Kautionen und unzulässige Vereinbarungen"],
  "§ 27h KSchG": ["BG.KSchG:752-756", "BG.KSchG.003:214-220", "§ 27h KSchG # Kündigung durch Heimbewohner, Todesfall"],
  "§ 27i KSchG": ["BG.KSchG:762-776", "BG.KSchG.003:222-239", "§ 27i KSchG # Kündigung durch Heimträger"],
  "049": "II. HAUPTSTÜCK",
  "050": "Verbandsklage",
  "§ 28 KSchG": ["BG.KSchG:782-792", "BG.KSchG.003:241-252", "§ 28 KSchG # Unterlassungsanspruch"],
  "§ 28a KSchG": ["BG.KSchG:798-804", "BG.KSchG.003:254-263", "§ 28a KSchG"],
  "§ 29 KSchG": ["BG.KSchG:810-816", "BG.KSchG.003:265-274", "§ 29 KSchG # Klageberechtigung"],
  "§ 30 KSchG": ["BG.KSchG:822-826", "BG.KSchG.003:276-282", "§ 30 KSchG # Anwendung des UWG"],
  "055": "III. HAUPTSTÜCK",
  "056": "Ergänzende Bestimmungen",
  "§ 30a KSchG": ["BG.KSchG:832-844", "BG.KSchG.004:15-29", "§ 30a KSchG # Rücktritt von Immobiliengeschäften"],
  "§ 30b KSchG": ["BG.KSchG:850-854", "BG.KSchG.004:31-37", "§ 30b KSchG # Besondere Aufklärungspflichten des Immobilienmaklers"],
  "§ 30c KSchG": ["BG.KSchG:860-868", "BG.KSchG.004:39-49", "§ 30c KSchG # Höchstdauer von Alleinvermittlungsaufträgen"],
  "§ 31 KSchG": ["BG.KSchG:874-884", "BG.KSchG.004:51-63", "§ 31 KSchG # Schriftlichkeit und zwingende Bestimmungen beim Maklervertrag"],
  "§ 32 KSchG": ["BG.KSchG:890-932", "BG.KSchG.004:65-111", "§ 32 KSchG # Strafbestimmungen"],
  "§ 32a KSchG": ["BG.KSchG:938-952", "BG.KSchG.004:113-129", "§ 32a KSchG # Unterlassungsexekution"],
  "§ 38 KSchG": ["BG.KSchG:958-960", "BG.KSchG.004:131-134", "§ 38 KSchG # Übergangs- und Schlußbestimmungen"],
  "§ 39 KSchG": ["BG.KSchG:966-984", "BG.KSchG.004:136-156", "§ 39 KSchG"],
  "§ 40 KSchG": ["BG.KSchG:990-994", "BG.KSchG.004:158-164", "§ 40 KSchG"],
  "§ 41 KSchG": ["BG.KSchG:1000-1002", "BG.KSchG.004:166-169", "§ 41 KSchG"],
  "§ 41a KSchG": ["BG.KSchG:1008-1094", "BG.KSchG.004:171-297", "§ 41a KSchG"],
  "§ 42 KSchG": ["BG.KSchG:1100-1102", "BG.KSchG.004:299-302", "§ 42 KSchG"]
}
