{
  "§ 1 RezeptPG": ["BG.RezeptPG:36-51", "BG.RezeptPG.001:16-38", "§ 1 RezeptPG"],
  "§ 2 RezeptPG": ["BG.RezeptPG:57-61", "BG.RezeptPG.001:40-46", "§ 2 RezeptPG"],
  "§ 2a RezeptPG": ["BG.RezeptPG:67-71", "BG.RezeptPG.001:48-53", "§ 2a RezeptPG"],
  "§ 3 RezeptPG": ["BG.RezeptPG:77-105", "BG.RezeptPG.001:55-88", "§ 3 RezeptPG"],
  "§ 3a RezeptPG": ["BG.RezeptPG:111-137", "BG.RezeptPG.001:90-119", "§ 3a RezeptPG"],
  "§ 4 RezeptPG": ["BG.RezeptPG:143-157", "BG.RezeptPG.001:121-142", "§ 4 RezeptPG"],
  "§ 5 RezeptPG": ["BG.RezeptPG:163-187", "BG.RezeptPG.001:144-173", "§ 5 RezeptPG"],
  "§ 6 RezeptPG": ["BG.RezeptPG:193-209", "BG.RezeptPG.001:175-193", "§ 6 RezeptPG"],
  "§ 6a RezeptPG": ["BG.RezeptPG:215-217", "BG.RezeptPG.001:195-198", "§ 6a RezeptPG"],
  "§ 6b RezeptPG": ["BG.RezeptPG:223-231", "BG.RezeptPG.001:200-208", "§ 6b RezeptPG"],
  "§ 7 RezeptPG": ["BG.RezeptPG:237-239", "BG.RezeptPG.001:210-213", "§ 7 RezeptPG"],
  "§ 7a RezeptPG": ["BG.RezeptPG:245-247", "BG.RezeptPG.001:215-218", "§ 7a RezeptPG"],
  "§ 7b RezeptPG": ["BG.RezeptPG:253-261", "BG.RezeptPG.001:220-229", "§ 7b RezeptPG # Umsetzung von Unionsrecht"],
  "§ 8 RezeptPG": ["BG.RezeptPG:267-299", "BG.RezeptPG.001:231-279", "§ 8 RezeptPG"],
  "§ 9 RezeptPG": ["BG.RezeptPG:305-309", "BG.RezeptPG.001:281-287", "§ 9 RezeptPG"],
  "015": "Artikel 5",
  "016": "Notifikationshinweis gemäß Artikel 12 der Richtlinie 98/34/EG",
  "Art. 5 RezeptPG": ["BG.RezeptPG:315-321", "BG.RezeptPG.001:289-294", "Art. 5 RezeptPG # (Anm.: aus BGBl. I Nr. 8/2008, zu § 3, BGBl. Nr. 413/1972)"]
}
