{
  "000": "I. ABSCHNITT.",
  "001": "Allgemeines.",
  "§ 1 StVO": ["BG.StVO:208-216", "BG.StVO.001:17-25", "§ 1 StVO # Geltungsbereich"],
  "§ 2 StVO": ["BG.StVO:222-322", "BG.StVO.001:27-130", "§ 2 StVO # Begriffsbestimmungen"],
  "§ 3 StVO": ["BG.StVO:328-332", "BG.StVO.001:132-138", "§ 3 StVO # Vertrauensgrundsatz"],
  "§ 4 StVO": ["BG.StVO:338-360", "BG.StVO.001:140-170", "§ 4 StVO # Verkehrsunfälle"],
  "§ 5 StVO": ["BG.StVO:366-431", "BG.StVO.001:172-250", "§ 5 StVO # Besondere Sicherungsmaßnahmen gegen Beeinträchtigung durch Alkohol"],
  "§ 5a StVO": ["BG.StVO:437-445", "BG.StVO.001:252-264", "§ 5a StVO"],
  "§ 5b StVO": ["BG.StVO:451-455", "BG.StVO.001:266-272", "§ 5b StVO # Zwangsmaßnahmen bei Alkoholisierung"],
  "§ 6 StVO": ["BG.StVO:461-463", "BG.StVO.001:274-277", "§ 6 StVO # Benützung schienengleicher Eisenbahnübergänge"],
  "010": "II. ABSCHNITT.",
  "011": "Fahrregeln.",
  "§ 7 StVO": ["BG.StVO:469-487", "BG.StVO.002:15-38", "§ 7 StVO # Allgemeine Fahrordnung"],
  "§ 8 StVO": ["BG.StVO:493-511", "BG.StVO.002:40-64", "§ 8 StVO # Fahrordnung auf Straßen mit besonderen Anlagen"],
  "§ 8a StVO": ["BG.StVO:517-523", "BG.StVO.002:66-75", "§ 8a StVO # Fahrordnung auf Radfahranlagen"],
  "§ 8b StVO": ["BG.StVO:529-537", "BG.StVO.002:77-87", "§ 8b StVO"],
  "§ 9 StVO": ["BG.StVO:543-561", "BG.StVO.002:89-116", "§ 9 StVO # Verhalten bei Bodenmarkierungen"],
  "§ 10 StVO": ["BG.StVO:567-571", "BG.StVO.002:118-124", "§ 10 StVO # Ausweichen"],
  "§ 11 StVO": ["BG.StVO:577-587", "BG.StVO.002:126-141", "§ 11 StVO # Änderung der Fahrtrichtung und Wechsel des Fahrstreifens"],
  "§ 12 StVO": ["BG.StVO:593-603", "BG.StVO.002:143-158", "§ 12 StVO # Einordnen"],
  "§ 13 StVO": ["BG.StVO:609-619", "BG.StVO.002:160-175", "§ 13 StVO # Einbiegen, Einfahren und Ausfahren"],
  "§ 14 StVO": ["BG.StVO:625-643", "BG.StVO.002:177-199", "§ 14 StVO # Umkehren und Rückwärtsfahren"],
  "§ 15 StVO": ["BG.StVO:649-665", "BG.StVO.002:201-223", "§ 15 StVO # Überholen"],
  "§ 16 StVO": ["BG.StVO:671-697", "BG.StVO.002:225-254", "§ 16 StVO # Überholverbote"],
  "§ 17 StVO": ["BG.StVO:703-721", "BG.StVO.002:256-278", "§ 17 StVO # Vorbeifahren"],
  "§ 18 StVO": ["BG.StVO:727-735", "BG.StVO.002:280-292", "§ 18 StVO # Hintereinanderfahren"],
  "§ 19 StVO": ["BG.StVO:741-761", "BG.StVO.002:294-324", "§ 19 StVO # Vorrang"],
  "§ 20 StVO": ["BG.StVO:767-779", "BG.StVO.002:326-344", "§ 20 StVO # Fahrgeschwindigkeit"],
  "§ 21 StVO": ["BG.StVO:785-793", "BG.StVO.002:346-358", "§ 21 StVO # Verminderung der Fahrgeschwindigkeit"],
  "§ 22 StVO": ["BG.StVO:799-805", "BG.StVO.002:360-369", "§ 22 StVO # Warnzeichen"],
  "§ 23 StVO": ["BG.StVO:811-827", "BG.StVO.002:371-395", "§ 23 StVO # Halten und Parken"],
  "§ 24 StVO": ["BG.StVO:833-915", "BG.StVO.002:397-491", "§ 24 StVO # Halte- und Parkverbote"],
  "§ 25 StVO": ["BG.StVO:921-933", "BG.StVO.002:493-511", "§ 25 StVO # Kurzparkzonen"],
  "033": "III. ABSCHNITT",
  "034": "Bevorzugte Straßenbenützer.",
  "§ 26 StVO": ["BG.StVO:939-961", "BG.StVO.003:15-40", "§ 26 StVO # Einsatzfahrzeuge"],
  "§ 26a StVO": ["BG.StVO:967-991", "BG.StVO.003:42-71", "§ 26a StVO # Fahrzeuge im öffentlichen Dienst"],
  "§ 27 StVO": ["BG.StVO:997-1007", "BG.StVO.003:73-88", "§ 27 StVO # Fahrzeuge des Straßendienstes, der Müllabfuhr und der Kanalwartung"],
  "§ 28 StVO": ["BG.StVO:1013-1017", "BG.StVO.003:90-96", "§ 28 StVO # Schienenfahrzeuge"],
  "§ 29 StVO": ["BG.StVO:1023-1045", "BG.StVO.003:98-123", "§ 29 StVO # Geschlossene Züge von Straßenbenützern"],
  "§ 29a StVO": ["BG.StVO:1051-1059", "BG.StVO.003:125-137", "§ 29a StVO # Kinder"],
  "§ 29b StVO": ["BG.StVO:1065-1095", "BG.StVO.003:139-174", "§ 29b StVO # Menschen mit Behinderungen"],
  "§ 30 StVO": ["BG.StVO:1101-1113", "BG.StVO.003:176-194", "§ 30 StVO # Wirtschaftsfuhren"],
  "043": "IV. ABSCHNITT.",
  "044": "Regelung und Sicherung des Verkehrs.",
  "045": "A. Gemeinsame Bestimmungen.",
  "§ 31 StVO": ["BG.StVO:1119-1131", "BG.StVO.003:196-207", "§ 31 StVO # Einrichtungen zur Regelung und Sicherung des Verkehrs"],
  "§ 32 StVO": ["BG.StVO:1137-1153", "BG.StVO.003:209-233", "§ 32 StVO # Anbringungspflicht und Kosten"],
  "§ 33 StVO": ["BG.StVO:1159-1163", "BG.StVO.003:235-241", "§ 33 StVO # Einrichtungen auf benachbarten Grundstücken zur Regelung und Sicherung des Verkehrs"],
  "§ 34 StVO": ["BG.StVO:1169-1179", "BG.StVO.003:243-258", "§ 34 StVO # Ausstattung der Einrichtungen zur Regelung und Sicherung des Verkehrs"],
  "§ 35 StVO": ["BG.StVO:1185-1195", "BG.StVO.003:260-273", "§ 35 StVO # Vermeidung von Verkehrsbeeinträchtigungen"],
  "051": "B. Armzeichen und Lichtzeichen.",
  "§ 36 StVO": ["BG.StVO:1201-1211", "BG.StVO.004:15-29", "§ 36 StVO # Zeichengebung"],
  "§ 37 StVO": ["BG.StVO:1217-1231", "BG.StVO.004:31-52", "§ 37 StVO # Bedeutung der Armzeichen"],
  "§ 38 StVO": ["BG.StVO:1237-1281", "BG.StVO.004:54-113", "§ 38 StVO # Bedeutung der Lichtzeichen"],
  "§ 39 StVO": ["BG.StVO:1287-1291", "BG.StVO.004:115-121", "§ 39 StVO # Anordnung der Lichtzeichen"],
  "§ 40 StVO": ["BG.StVO:1297-1301", "BG.StVO.004:123-129", "§ 40 StVO # Signalscheiben"],
  "§ 41 StVO": ["BG.StVO:1307-1317", "BG.StVO.004:131-144", "§ 41 StVO # Hilfszeichen"],
  "058": "C. Allgemeine Regelung und Sicherung des Verkehrs.",
  "§ 42 StVO": ["BG.StVO:1323-1358", "BG.StVO.005:15-63", "§ 42 StVO # Fahrverbot für Lastkraftfahrzeuge"],
  "§ 43 StVO": ["BG.StVO:1364-1422", "BG.StVO.005:65-137", "§ 43 StVO # Verkehrsverbote, Verkehrserleichterungen und Hinweise"],
  "§ 44 StVO": ["BG.StVO:1428-1444", "BG.StVO.005:139-163", "§ 44 StVO # Kundmachung der Verordnungen"],
  "§ 44a StVO": ["BG.StVO:1450-1464", "BG.StVO.005:165-182", "§ 44a StVO # Vorbereitende Verkehrsmaßnahmen"],
  "§ 44b StVO": ["BG.StVO:1470-1488", "BG.StVO.005:184-208", "§ 44b StVO # Unaufschiebbare Verkehrsbeschränkungen"],
  "§ 44c StVO": ["BG.StVO:1494-1506", "BG.StVO.005:210-225", "§ 44c StVO # Verkehrsbeeinflussung"],
  "§ 44d StVO": ["BG.StVO:1512-1524", "BG.StVO.005:227-243", "§ 44d StVO # Pannenstreifenfreigabe"],
  "§ 45 StVO": ["BG.StVO:1530-1556", "BG.StVO.005:245-280", "§ 45 StVO # Ausnahmen in Einzelfällen"],
  "§ 46 StVO": ["BG.StVO:1562-1592", "BG.StVO.005:282-319", "§ 46 StVO # Autobahnen"],
  "§ 47 StVO": ["BG.StVO:1598-1600", "BG.StVO.005:321-324", "§ 47 StVO # Autostraßen"],
  "069": "D. Straßenverkehrszeichen.",
  "§ 48 StVO": ["BG.StVO:1606-1630", "BG.StVO.006:15-45", "§ 48 StVO # Anbringung der Straßenverkehrszeichen"],
  "§ 49 StVO": ["BG.StVO:1636-1644", "BG.StVO.006:47-59", "§ 49 StVO # Allgemeines über Gefahrenzeichen"],
  "§ 50 StVO": ["BG.StVO:1650-1841", "BG.StVO.006:61-253", "§ 50 StVO # Die Gefahrenzeichen"],
  "§ 51 StVO": ["BG.StVO:1847-1857", "BG.StVO.006:255-270", "§ 51 StVO # Allgemeines über Vorschriftszeichen"],
  "§ 52 StVO": ["BG.StVO:1863-2231", "BG.StVO.006:272-643", "§ 52 StVO # Die Vorschriftszeichen"],
  "§ 53 StVO": ["BG.StVO:2237-2602", "BG.StVO.006:645-1013", "§ 53 StVO # Die Hinweiszeichen"],
  "§ 54 StVO": ["BG.StVO:2608-2673", "BG.StVO.006:1015-1085", "§ 54 StVO # Zusatztafeln"],
  "077": "E. Verkehrsleiteinrichtungen.",
  "§ 55 StVO": ["BG.StVO:2679-2698", "BG.StVO.007:15-42", "§ 55 StVO # Bodenmarkierungen auf der Straße"],
  "§ 56 StVO": ["BG.StVO:2704-2710", "BG.StVO.007:44-53", "§ 56 StVO # Schutzwegmarkierungen"],
  "§ 56a StVO": ["BG.StVO:2716-2722", "BG.StVO.007:55-64", "§ 56a StVO # Radfahrerüberfahrtmarkierungen"],
  "§ 57 StVO": ["BG.StVO:2728-2732", "BG.StVO.007:66-72", "§ 57 StVO # Einrichtungen neben und auf der Fahrbahn"],
  "082": "V. ABSCHNITT.",
  "083": "Allgemeine Vorschriften über den Fahrzeugverkehr.",
  "§ 58 StVO": ["BG.StVO:2738-2750", "BG.StVO.007:74-88", "§ 58 StVO # Lenker von Fahrzeugen"],
  "§ 59 StVO": ["BG.StVO:2756-2766", "BG.StVO.007:90-103", "§ 59 StVO # Verbot des Lenkens von Fahrzeugen"],
  "§ 60 StVO": ["BG.StVO:2772-2780", "BG.StVO.007:105-117", "§ 60 StVO # Zustand und Beleuchtung der Fahrzeuge"],
  "§ 61 StVO": ["BG.StVO:2786-2798", "BG.StVO.007:119-137", "§ 61 StVO # Verwahrung der Ladung"],
  "§ 62 StVO": ["BG.StVO:2804-2814", "BG.StVO.007:139-154", "§ 62 StVO # Ladetätigkeit"],
  "§ 64 StVO": ["BG.StVO:2820-2830", "BG.StVO.007:156-171", "§ 64 StVO # Sportliche Veranstaltungen auf Straßen"],
  "090": "VI. ABSCHNITT.",
  "091": "Besondere Vorschriften für den Verkehr mit Fahrrädern und Motorfahrrädern.",
  "§ 65 StVO": ["BG.StVO:2836-2852", "BG.StVO.007:173-189", "§ 65 StVO # Benützung von Fahrrädern"],
  "§ 66 StVO": ["BG.StVO:2858-2868", "BG.StVO.007:191-203", "§ 66 StVO # Beschaffenheit von Fahrrädern, Fahrradanhängern und Kindersitzen"],
  "§ 67 StVO": ["BG.StVO:2874-2882", "BG.StVO.007:205-217", "§ 67 StVO # Fahrradstraße"],
  "§ 68 StVO": ["BG.StVO:2888-2914", "BG.StVO.007:219-253", "§ 68 StVO # Fahrradverkehr"],
  "§ 69 StVO": ["BG.StVO:2920-2932", "BG.StVO.007:255-268", "§ 69 StVO # Motorfahrräder"],
  "097": "VII. ABSCHNITT.",
  "098": "Besondere Vorschriften für den Fuhrwerksverkehr.",
  "§ 70 StVO": ["BG.StVO:2938-2950", "BG.StVO.008:15-29", "§ 70 StVO # Lenkung von Fuhrwerken"],
  "§ 71 StVO": ["BG.StVO:2956-2972", "BG.StVO.008:31-52", "§ 71 StVO # Maße und Gewichte"],
  "§ 72 StVO": ["BG.StVO:2978-2988", "BG.StVO.008:54-69", "§ 72 StVO # Beschaffenheit und Ausstattung des Fuhrwerkes"],
  "§ 73 StVO": ["BG.StVO:2994-3004", "BG.StVO.008:71-86", "§ 73 StVO # Beleuchtung des Fuhrwerkes"],
  "§ 74 StVO": ["BG.StVO:3010-3018", "BG.StVO.008:88-100", "§ 74 StVO # Bespannung"],
  "§ 75 StVO": ["BG.StVO:3024-3030", "BG.StVO.008:102-111", "§ 75 StVO # Ankoppeln"],
  "105": "VIII. ABSCHNITT.",
  "106": "Fußgängerverkehr.",
  "§ 76 StVO": ["BG.StVO:3036-3064", "BG.StVO.008:113-149", "§ 76 StVO # Fußverkehr"],
  "§ 76a StVO": ["BG.StVO:3070-3106", "BG.StVO.008:151-193", "§ 76a StVO # Fußgängerzone"],
  "§ 76b StVO": ["BG.StVO:3112-3122", "BG.StVO.008:195-210", "§ 76b StVO # Wohnstraße"],
  "§ 76c StVO": ["BG.StVO:3128-3140", "BG.StVO.008:212-230", "§ 76c StVO # Begegnungszonen"],
  "§ 76d StVO": ["BG.StVO:3146-3156", "BG.StVO.008:232-247", "§ 76d StVO # Schulstraße"],
  "§ 77 StVO": ["BG.StVO:3162-3168", "BG.StVO.008:249-258", "§ 77 StVO # Geschlossene Züge von Fußgängern"],
  "§ 78 StVO": ["BG.StVO:3174-3180", "BG.StVO.008:260-267", "§ 78 StVO # Verhalten auf Verkehrsflächen mit Fußverkehr"],
  "114": "IX. ABSCHNITT.",
  "115": "Verkehr nicht eingespannter Tiere.",
  "§ 79 StVO": ["BG.StVO:3186-3198", "BG.StVO.008:269-283", "§ 79 StVO # Reiten"],
  "§ 80 StVO": ["BG.StVO:3204-3216", "BG.StVO.008:285-303", "§ 80 StVO # Viehtrieb"],
  "§ 81 StVO": ["BG.StVO:3222-3230", "BG.StVO.008:305-317", "§ 81 StVO # Weiden an Straßen"],
  "119": "X. ABSCHNITT.",
  "120": "Benützung von Straßen zu verkehrsfremden Zwecken.",
  "§ 82 StVO": ["BG.StVO:3236-3266", "BG.StVO.009:15-50", "§ 82 StVO # Bewilligungspflicht"],
  "§ 83 StVO": ["BG.StVO:3272-3286", "BG.StVO.009:52-69", "§ 83 StVO # Prüfung des Vorhabens"],
  "§ 84 StVO": ["BG.StVO:3292-3308", "BG.StVO.009:71-90", "§ 84 StVO # Werbungen und Ankündigungen außerhalb des Straßengrundes"],
  "§ 85 StVO": ["BG.StVO:3314-3320", "BG.StVO.009:92-101", "§ 85 StVO # Ausübung von Erwerbstätigkeiten"],
  "§ 86 StVO": ["BG.StVO:3326-3328", "BG.StVO.009:103-106", "§ 86 StVO # Umzüge"],
  "§ 87 StVO": ["BG.StVO:3334-3340", "BG.StVO.009:108-117", "§ 87 StVO # Wintersport auf Straßen"],
  "§ 88 StVO": ["BG.StVO:3346-3354", "BG.StVO.009:119-131", "§ 88 StVO # Spielen auf Straßen"],
  "§ 88a StVO": ["BG.StVO:3360-3376", "BG.StVO.009:133-153", "§ 88a StVO # Rollschuhfahren"],
  "§ 88b StVO": ["BG.StVO:3382-3392", "BG.StVO.009:155-170", "§ 88b StVO # Rollerfahren"],
  "130": "XI. ABSCHNITT.",
  "131": "Verkehrserschwernisse.",
  "§ 89 StVO": ["BG.StVO:3398-3406", "BG.StVO.010:15-23", "§ 89 StVO # Kennzeichnung von Verkehrshindernissen"],
  "§ 89a StVO": ["BG.StVO:3412-3458", "BG.StVO.010:25-81", "§ 89a StVO # Entfernung von Hindernissen"],
  "§ 90 StVO": ["BG.StVO:3464-3472", "BG.StVO.010:83-95", "§ 90 StVO # Arbeiten auf oder neben der Straße"],
  "§ 91 StVO": ["BG.StVO:3478-3487", "BG.StVO.010:97-110", "§ 91 StVO # Bäume und Einfriedungen neben der Straße"],
  "§ 92 StVO": ["BG.StVO:3493-3499", "BG.StVO.010:112-121", "§ 92 StVO # Verunreinigung der Straße"],
  "§ 93 StVO": ["BG.StVO:3505-3527", "BG.StVO.010:123-152", "§ 93 StVO # Pflichten der Anrainer"],
  "138": "XII. ABSCHNITT.",
  "139": "Behörden und Straßenerhalter.",
  "§ 94 StVO": ["BG.StVO:3533-3545", "BG.StVO.011:15-26", "§ 94 StVO # Zuständigkeit des Bundesministers für Verkehr, Innovation und Technologie"],
  "§ 94a StVO": ["BG.StVO:3551-3569", "BG.StVO.011:28-50", "§ 94a StVO # Zuständigkeit der Landesregierung"],
  "§ 94b StVO": ["BG.StVO:3575-3598", "BG.StVO.011:52-77", "§ 94b StVO # Zuständigkeit der Bezirksverwaltungsbehörde"],
  "§ 94c StVO": ["BG.StVO:3604-3610", "BG.StVO.011:79-88", "§ 94c StVO # Übertragener Wirkungsbereich der Gemeinde"],
  "§ 94d StVO": ["BG.StVO:3616-3690", "BG.StVO.011:90-164", "§ 94d StVO # Eigener Wirkungsbereich der Gemeinde"],
  "§ 94e StVO": ["BG.StVO:3696-3698", "BG.StVO.011:166-169", "§ 94e StVO # Verordnungen"],
  "§ 94f StVO": ["BG.StVO:3704-3724", "BG.StVO.011:171-194", "§ 94f StVO # Mitwirkung"],
  "§ 95 StVO": ["BG.StVO:3730-3755", "BG.StVO.011:196-225", "§ 95 StVO # Landespolizeidirektionen"],
  "§ 96 StVO": ["BG.StVO:3761-3779", "BG.StVO.011:227-253", "§ 96 StVO # Besondere Rechte und Pflichten der Behörde"],
  "§ 97 StVO": ["BG.StVO:3785-3813", "BG.StVO.011:255-290", "§ 97 StVO # Organe der Straßenaufsicht"],
  "§ 97a StVO": ["BG.StVO:3819-3831", "BG.StVO.011:292-308", "§ 97a StVO # Sicherung des Schulweges"],
  "§ 98 StVO": ["BG.StVO:3837-3845", "BG.StVO.011:310-322", "§ 98 StVO # Besondere Rechte und Pflichten des Straßenerhalters"],
  "152": "XIII. ABSCHNITT",
  "153": "Besondere Vorschriften für die Verkehrsüberwachung mittels bildverarbeitender technischer Einrichtungen, Straf- und Schlussbestimmungen",
  "§ 98a StVO": ["BG.StVO:3851-3863", "BG.StVO.012:15-29", "§ 98a StVO # Abschnittsbezogene Geschwindigkeitsüberwachung"],
  "§ 98b StVO": ["BG.StVO:3869-3875", "BG.StVO.012:31-40", "§ 98b StVO # Punktuelle Geschwindigkeitsmessung"],
  "§ 98c StVO": ["BG.StVO:3881-3887", "BG.StVO.012:42-51", "§ 98c StVO # Abstandsmessung"],
  "§ 98d StVO": ["BG.StVO:3893-3899", "BG.StVO.012:53-62", "§ 98d StVO # Überwachung der Beachtung von Lichtzeichen"],
  "§ 98e StVO": ["BG.StVO:3905-3919", "BG.StVO.012:64-81", "§ 98e StVO # Überwachung aus Fahrzeugen"],
  "§ 98f StVO": ["BG.StVO:3925-3937", "BG.StVO.012:83-97", "§ 98f StVO # Verkehrsbeobachtung"],
  "§ 98g StVO": ["BG.StVO:3943-3947", "BG.StVO.012:99-105", "§ 98g StVO # Zulässige Weiterverwendung von Daten in bestimmten Fällen"],
  "§ 99 StVO": ["BG.StVO:3953-4075", "BG.StVO.012:107-244", "§ 99 StVO # Strafbestimmungen"],
  "§ 99a StVO": ["BG.StVO:4081-4089", "BG.StVO.012:246-258", "§ 99a StVO # Vorläufige Beschlagnahme"],
  "§ 99b StVO": ["BG.StVO:4095-4119", "BG.StVO.012:260-287", "§ 99b StVO # Beschlagnahme"],
  "§ 99c StVO": ["BG.StVO:4125-4137", "BG.StVO.012:289-303", "§ 99c StVO # Verfall"],
  "§ 99d StVO": ["BG.StVO:4143-4147", "BG.StVO.012:305-311", "§ 99d StVO # Herausgabe von beschlagnahmten Fahrzeugen"],
  "§ 100 StVO": ["BG.StVO:4153-4205", "BG.StVO.012:313-381", "§ 100 StVO # Besondere Vorschriften für das Strafverfahren"],
  "§ 101 StVO": ["BG.StVO:4211-4217", "BG.StVO.012:383-392", "§ 101 StVO # Verkehrsunterricht"],
  "§ 102 StVO": ["BG.StVO:4223-4225", "BG.StVO.012:394-397", "§ 102 StVO # Abgrenzung zu anderen Rechtsvorschriften"],
  "§ 102a StVO": ["BG.StVO:4231-4233", "BG.StVO.012:399-402", "§ 102a StVO # Verweisungen"],
  "§ 103 StVO": ["BG.StVO:4239-4307", "BG.StVO.012:404-505", "§ 103 StVO # Inkrafttreten und Aufhebung"],
  "§ 104 StVO": ["BG.StVO:4313-4341", "BG.StVO.012:507-549", "§ 104 StVO # Übergangsbestimmungen"],
  "§ 105 StVO": ["BG.StVO:4347-4357", "BG.StVO.012:551-566", "§ 105 StVO # Vollziehung"],
  "§ 106 StVO": ["BG.StVO:4363-4365", "BG.StVO.012:568-571", "§ 106 StVO # Bezugnahme auf Richtlinien"]
}
