{
  "000": "Allgemeiner Teil",
  "001": "Erster Abschnitt",
  "002": "Allgemeine Bestimmungen",
  "§ 1 StGB": ["BG.StGB:535-545", "BG.StGB.001:18-26", "§ 1 StGB # Keine Strafe ohne Gesetz"],
  "§ 2 StGB": ["BG.StGB:551-553", "BG.StGB.001:28-31", "§ 2 StGB # Begehung durch Unterlassung"],
  "§ 3 StGB": ["BG.StGB:559-563", "BG.StGB.001:33-39", "§ 3 StGB # Notwehr"],
  "§ 4 StGB": ["BG.StGB:569-571", "BG.StGB.001:41-44", "§ 4 StGB # Keine Strafe ohne Schuld"],
  "§ 5 StGB": ["BG.StGB:577-583", "BG.StGB.001:46-55", "§ 5 StGB # Vorsatz"],
  "§ 6 StGB": ["BG.StGB:589-595", "BG.StGB.001:57-66", "§ 6 StGB # Fahrlässigkeit"],
  "§ 7 StGB": ["BG.StGB:601-605", "BG.StGB.001:68-74", "§ 7 StGB # Strafbarkeit vorsätzlichen und fahrlässigen Handelns"],
  "§ 8 StGB": ["BG.StGB:611-613", "BG.StGB.001:76-79", "§ 8 StGB # Irrtümliche Annahme eines rechtfertigenden Sachverhaltes"],
  "§ 9 StGB": ["BG.StGB:619-625", "BG.StGB.001:81-90", "§ 9 StGB # Rechtsirrtum"],
  "§ 10 StGB": ["BG.StGB:631-635", "BG.StGB.001:92-98", "§ 10 StGB # Entschuldigender Notstand"],
  "§ 11 StGB": ["BG.StGB:641-643", "BG.StGB.001:100-103", "§ 11 StGB # Zurechnungsunfähigkeit"],
  "§ 12 StGB": ["BG.StGB:649-651", "BG.StGB.001:105-108", "§ 12 StGB # Behandlung aller Beteiligten als Täter"],
  "§ 13 StGB": ["BG.StGB:657-659", "BG.StGB.001:110-113", "§ 13 StGB # Selbständige Strafbarkeit der Beteiligten"],
  "§ 14 StGB": ["BG.StGB:665-669", "BG.StGB.001:115-121", "§ 14 StGB # Eigenschaften und Verhältnisse des Täters"],
  "§ 15 StGB": ["BG.StGB:675-681", "BG.StGB.001:123-132", "§ 15 StGB # Strafbarkeit des Versuches"],
  "§ 16 StGB": ["BG.StGB:687-691", "BG.StGB.001:134-140", "§ 16 StGB # Rücktritt vom Versuch"],
  "019": "Zweiter Abschnitt",
  "020": "Einteilung der strafbaren Handlungen",
  "§ 17 StGB": ["BG.StGB:697-705", "BG.StGB.001:142-150", "§ 17 StGB # Einteilung der strafbaren Handlungen"],
  "022": "Dritter Abschnitt",
  "023": "Strafen, Verfall und vorbeugende Maßnahmen",
  "§ 18 StGB": ["BG.StGB:711-719", "BG.StGB.002:16-24", "§ 18 StGB # Freiheitsstrafen"],
  "§ 19 StGB": ["BG.StGB:725-732", "BG.StGB.002:26-36", "§ 19 StGB # Geldstrafen"],
  "§ 19a StGB": ["BG.StGB:738-744", "BG.StGB.002:38-47", "§ 19a StGB # Konfiskation"],
  "§ 20 StGB": ["BG.StGB:750-758", "BG.StGB.002:49-61", "§ 20 StGB # Verfall"],
  "§ 20a StGB": ["BG.StGB:764-776", "BG.StGB.002:63-78", "§ 20a StGB # Unterbleiben des Verfalls"],
  "§ 20b StGB": ["BG.StGB:782-790", "BG.StGB.002:80-92", "§ 20b StGB # Erweiterter Verfall"],
  "§ 20c StGB": ["BG.StGB:796-800", "BG.StGB.002:94-100", "§ 20c StGB # Unterbleiben des erweiterten Verfalls"],
  "§ 21 StGB": ["BG.StGB:806-812", "BG.StGB.002:102-111", "§ 21 StGB # Strafrechtliche Unterbringung in einem forensisch-therapeutischen Zentrum"],
  "§ 22 StGB": ["BG.StGB:818-822", "BG.StGB.002:113-119", "§ 22 StGB # Unterbringung in einer Anstalt für entwöhnungsbedürftige Rechtsbrecher"],
  "§ 23 StGB": ["BG.StGB:828-852", "BG.StGB.002:121-151", "§ 23 StGB # Unterbringung von gefährlichen Rückfallstätern und gefährlichen terroristischen Straftätern in einer Anstalt für gefährliche Rückfallstäter"],
  "§ 24 StGB": ["BG.StGB:858-862", "BG.StGB.002:153-159", "§ 24 StGB # Reihenfolge des Vollzugs von Freiheitsstrafen und mit Freiheitsentziehung verbundenen vorbeugenden Maßnahmen"],
  "§ 25 StGB": ["BG.StGB:868-878", "BG.StGB.002:161-176", "§ 25 StGB # Dauer der mit Freiheitsentziehung verbundenen vorbeugenden Maßnahmen"],
  "§ 26 StGB": ["BG.StGB:884-890", "BG.StGB.002:178-187", "§ 26 StGB # Einziehung"],
  "§ 27 StGB": ["BG.StGB:896-906", "BG.StGB.002:189-201", "§ 27 StGB # Amtsverlust und andere Rechtsfolgen der Verurteilung"],
  "§ 28 StGB": ["BG.StGB:912-920", "BG.StGB.002:203-215", "§ 28 StGB # Zusammentreffen strafbarer Handlungen"],
  "§ 29 StGB": ["BG.StGB:926-928", "BG.StGB.002:217-220", "§ 29 StGB # Zusammenrechnung der Werte und Schadensbeträge"],
  "§ 30 StGB": ["BG.StGB:934-936", "BG.StGB.002:222-225", "§ 30 StGB # Unzulässigkeit mehrfacher Erhöhung der im Gesetz bestimmten Obergrenze"],
  "§ 31 StGB": ["BG.StGB:942-946", "BG.StGB.002:227-233", "§ 31 StGB # Strafe bei nachträglicher Verurteilung"],
  "§ 31a StGB": ["BG.StGB:952-958", "BG.StGB.002:235-244", "§ 31a StGB # Nachträgliche Milderung der Strafe und des Verfalls"],
  "043": "Vierter Abschnitt",
  "044": "Strafbemessung",
  "§ 32 StGB": ["BG.StGB:964-974", "BG.StGB.003:16-27", "§ 32 StGB # Allgemeine Grundsätze"],
  "§ 33 StGB": ["BG.StGB:980-1018", "BG.StGB.003:29-69", "§ 33 StGB # Besondere Erschwerungsgründe"],
  "§ 34 StGB": ["BG.StGB:1024-1066", "BG.StGB.003:71-115", "§ 34 StGB # Besondere Milderungsgründe"],
  "§ 35 StGB": ["BG.StGB:1072-1074", "BG.StGB.003:117-120", "§ 35 StGB # Berauschung"],
  "§ 36 StGB": ["BG.StGB:1080-1082", "BG.StGB.003:122-125", "§ 36 StGB # Verhängung von Freiheitsstrafen über Personen unter einundzwanzig Jahren"],
  "§ 37 StGB": ["BG.StGB:1088-1092", "BG.StGB.003:127-133", "§ 37 StGB # Verhängung von Geldstrafen an Stelle von Freiheitsstrafen"],
  "§ 38 StGB": ["BG.StGB:1098-1108", "BG.StGB.003:135-146", "§ 38 StGB # Anrechnung der Vorhaft"],
  "§ 39 StGB": ["BG.StGB:1114-1124", "BG.StGB.003:148-161", "§ 39 StGB # Strafschärfung bei Rückfall"],
  "§ 39a StGB": ["BG.StGB:1130-1156", "BG.StGB.003:163-191", "§ 39a StGB # Änderung der Strafdrohung bei bestimmten Gewalttaten"],
  "§ 40 StGB": ["BG.StGB:1162-1164", "BG.StGB.003:193-196", "§ 40 StGB # Strafbemessung bei nachträglicher Verurteilung"],
  "§ 41 StGB": ["BG.StGB:1170-1186", "BG.StGB.003:198-217", "§ 41 StGB # Außerordentliche Strafmilderung bei Überwiegen der Milderungsgründe"],
  "§ 41a StGB": ["BG.StGB:1192-1206", "BG.StGB.003:219-235", "§ 41a StGB # Außerordentliche Strafmilderung bei Zusammenarbeit mit den Strafverfolgungsbehörden"],
  "057": "Fünfter Abschnitt",
  "058": "Bedingte Strafnachsicht und bedingte Entlassung, Weisungen und Bewährungshilfe",
  "§ 43 StGB": ["BG.StGB:1212-1222", "BG.StGB.004:16-27", "§ 43 StGB # Bedingte Strafnachsicht"],
  "§ 43a StGB": ["BG.StGB:1228-1237", "BG.StGB.004:29-42", "§ 43a StGB # Bedingte Nachsicht eines Teiles der Strafe"],
  "§ 44 StGB": ["BG.StGB:1243-1247", "BG.StGB.004:44-50", "§ 44 StGB # Bedingte Nachsicht bei Zusammentreffen mehrerer Strafen"],
  "§ 45 StGB": ["BG.StGB:1253-1261", "BG.StGB.004:52-64", "§ 45 StGB # Bedingte Nachsicht von vorbeugenden Maßnahmen"],
  "§ 46 StGB": ["BG.StGB:1267-1278", "BG.StGB.004:66-82", "§ 46 StGB # Bedingte Entlassung aus einer Freiheitsstrafe"],
  "§ 47 StGB": ["BG.StGB:1284-1292", "BG.StGB.004:84-96", "§ 47 StGB # Entlassung aus einer mit Freiheitsentziehung verbundenen vorbeugenden Maßnahme"],
  "§ 48 StGB": ["BG.StGB:1298-1304", "BG.StGB.004:98-107", "§ 48 StGB # Probezeiten"],
  "§ 49 StGB": ["BG.StGB:1310-1312", "BG.StGB.004:109-112", "§ 49 StGB # Berechnung der Probezeiten"],
  "§ 50 StGB": ["BG.StGB:1318-1336", "BG.StGB.004:114-134", "§ 50 StGB # Erteilung von Weisungen und Anordnung der Bewährungshilfe"],
  "§ 51 StGB": ["BG.StGB:1342-1356", "BG.StGB.004:136-155", "§ 51 StGB # Weisungen"],
  "§ 52 StGB": ["BG.StGB:1362-1376", "BG.StGB.004:157-174", "§ 52 StGB # Bewährungshilfe"],
  "§ 52a StGB": ["BG.StGB:1382-1394", "BG.StGB.004:176-190", "§ 52a StGB # Gerichtliche Aufsicht bei Sexualstraftätern und sexuell motivierten Gewalttätern"],
  "§ 52b StGB": ["BG.StGB:1400-1430", "BG.StGB.004:192-230", "§ 52b StGB # Gerichtliche Aufsicht bei staatsfeindlichen und terroristischen Strafsachen sowie Völkermord, Verbrechen gegen die Menschlichkeit, Kriegsverbrechen"],
  "§ 53 StGB": ["BG.StGB:1436-1446", "BG.StGB.004:232-247", "§ 53 StGB # Widerruf der bedingten Strafnachsicht und der bedingten Entlassung aus einer Freiheitsstrafe"],
  "§ 54 StGB": ["BG.StGB:1452-1464", "BG.StGB.004:249-267", "§ 54 StGB # Widerruf der bedingten Nachsicht und der bedingten Entlassung bei einer vorbeugenden Maßnahme"],
  "§ 55 StGB": ["BG.StGB:1470-1476", "BG.StGB.004:269-278", "§ 55 StGB # Widerruf bei nachträglicher Verurteilung"],
  "§ 56 StGB": ["BG.StGB:1482-1484", "BG.StGB.004:280-283", "§ 56 StGB # Widerrufsfristen"],
  "076": "Sechster Abschnitt",
  "077": "Verjährung",
  "§ 57 StGB": ["BG.StGB:1490-1517", "BG.StGB.005:16-40", "§ 57 StGB # Verjährung der Strafbarkeit"],
  "§ 58 StGB": ["BG.StGB:1523-1541", "BG.StGB.005:42-65", "§ 58 StGB # Verlängerung der Verjährungsfrist"],
  "§ 59 StGB": ["BG.StGB:1547-1564", "BG.StGB.005:67-88", "§ 59 StGB # Verjährung der Vollstreckbarkeit"],
  "§ 60 StGB": ["BG.StGB:1570-1584", "BG.StGB.005:90-107", "§ 60 StGB # Verlängerung der Frist für die Vollstreckungsverjährung"],
  "082": "Siebenter Abschnitt",
  "083": "Geltungsbereich",
  "§ 61 StGB": ["BG.StGB:1590-1596", "BG.StGB.005:109-114", "§ 61 StGB # Zeitliche Geltung"],
  "§ 62 StGB": ["BG.StGB:1602-1604", "BG.StGB.005:116-119", "§ 62 StGB # Strafbare Handlungen im Inland"],
  "§ 63 StGB": ["BG.StGB:1610-1612", "BG.StGB.005:121-124", "§ 63 StGB # Strafbare Handlungen an Bord österreichischer Schiffe oder Luftfahrzeuge"],
  "§ 64 StGB": ["BG.StGB:1618-1688", "BG.StGB.005:126-197", "§ 64 StGB # Strafbare Handlungen im Ausland, die ohne Rücksicht auf die Gesetze des Tatorts bestraft werden"],
  "§ 65 StGB": ["BG.StGB:1694-1716", "BG.StGB.005:199-226", "§ 65 StGB # Strafbare Handlungen im Ausland, die nur bestraft werden, wenn sie nach den Gesetzen des Tatorts mit Strafe bedroht sind"],
  "§ 65a StGB": ["BG.StGB:1722-1724", "BG.StGB.005:228-231", "§ 65a StGB # Erweiterter Geltungsbereich des Verfalls und der Einziehung bei Auslandstaten"],
  "§ 66 StGB": ["BG.StGB:1730-1732", "BG.StGB.005:233-236", "§ 66 StGB # Anrechnung im Ausland erlittener Strafen"],
  "§ 67 StGB": ["BG.StGB:1738-1742", "BG.StGB.005:238-244", "§ 67 StGB # Zeit und Ort der Tat"],
  "092": "Achter Abschnitt",
  "093": "Begriffsbestimmungen",
  "§ 68 StGB": ["BG.StGB:1748-1754", "BG.StGB.005:246-251", "§ 68 StGB # Zeitberechnung"],
  "§ 69 StGB": ["BG.StGB:1760-1762", "BG.StGB.005:253-256", "§ 69 StGB # Öffentliche Begehung"],
  "§ 70 StGB": ["BG.StGB:1768-1780", "BG.StGB.005:258-273", "§ 70 StGB # Gewerbsmäßige Begehung"],
  "§ 71 StGB": ["BG.StGB:1786-1788", "BG.StGB.005:275-278", "§ 71 StGB # Schädliche Neigung"],
  "§ 72 StGB": ["BG.StGB:1794-1798", "BG.StGB.005:280-286", "§ 72 StGB # Angehörige"],
  "§ 73 StGB": ["BG.StGB:1804-1806", "BG.StGB.005:288-291", "§ 73 StGB # Ausländische Verurteilungen"],
  "§ 74 StGB": ["BG.StGB:1812-1859", "BG.StGB.005:293-342", "§ 74 StGB # Andere Begriffsbestimmungen"],
  "101": "Besonderer Teil",
  "102": "Erster Abschnitt",
  "103": "Strafbare Handlungen gegen Leib und Leben",
  "§ 75 StGB": ["BG.StGB:1865-1873", "BG.StGB.006:16-21", "§ 75 StGB # Mord"],
  "§ 76 StGB": ["BG.StGB:1879-1881", "BG.StGB.006:23-26", "§ 76 StGB # Totschlag"],
  "§ 77 StGB": ["BG.StGB:1887-1889", "BG.StGB.006:28-31", "§ 77 StGB # Tötung auf Verlangen"],
  "§ 78 StGB": ["BG.StGB:1895-1907", "BG.StGB.006:33-46", "§ 78 StGB # Mitwirkung an der Selbsttötung"],
  "§ 79 StGB": ["BG.StGB:1913-1915", "BG.StGB.006:48-51", "§ 79 StGB # Tötung eines Kindes bei der Geburt"],
  "§ 80 StGB": ["BG.StGB:1921-1925", "BG.StGB.006:53-59", "§ 80 StGB # Fahrlässige Tötung"],
  "§ 81 StGB": ["BG.StGB:1931-1937", "BG.StGB.006:61-70", "§ 81 StGB # Grob fahrlässige Tötung"],
  "§ 82 StGB": ["BG.StGB:1943-1949", "BG.StGB.006:72-81", "§ 82 StGB # Aussetzung"],
  "§ 83 StGB": ["BG.StGB:1955-1967", "BG.StGB.006:83-97", "§ 83 StGB # Körperverletzung"],
  "§ 84 StGB": ["BG.StGB:1973-1989", "BG.StGB.006:99-120", "§ 84 StGB # Schwere Körperverletzung"],
  "§ 85 StGB": ["BG.StGB:1995-2009", "BG.StGB.006:122-137", "§ 85 StGB # Körperverletzung mit schweren Dauerfolgen"],
  "§ 86 StGB": ["BG.StGB:2015-2019", "BG.StGB.006:139-145", "§ 86 StGB # Körperverletzung mit tödlichem Ausgang"],
  "§ 87 StGB": ["BG.StGB:2025-2031", "BG.StGB.006:147-156", "§ 87 StGB # Absichtliche schwere Körperverletzung"],
  "§ 88 StGB": ["BG.StGB:2037-2053", "BG.StGB.006:158-177", "§ 88 StGB # Fahrlässige Körperverletzung"],
  "§ 89 StGB": ["BG.StGB:2059-2061", "BG.StGB.006:179-182", "§ 89 StGB # Gefährdung der körperlichen Sicherheit"],
  "§ 90 StGB": ["BG.StGB:2067-2073", "BG.StGB.006:184-193", "§ 90 StGB # Einwilligung des Verletzten"],
  "§ 91 StGB": ["BG.StGB:2079-2087", "BG.StGB.006:195-207", "§ 91 StGB # Raufhandel"],
  "§ 91a StGB": ["BG.StGB:2093-2101", "BG.StGB.006:209-217", "§ 91a StGB # Tätlicher Angriff auf mit bestimmten Aufgaben betraute Bedienstete einer dem öffentlichen Verkehr dienenden Anstalt oder Angehörige des Gesundheits- oder Rettungswesens oder Organe der Feuerwehr"],
  "§ 92 StGB": ["BG.StGB:2107-2113", "BG.StGB.006:219-228", "§ 92 StGB # Quälen oder Vernachlässigen unmündiger, jüngerer oder wehrloser Personen"],
  "§ 93 StGB": ["BG.StGB:2119-2123", "BG.StGB.006:230-236", "§ 93 StGB # Überanstrengung unmündiger, jüngerer oder schonungsbedürftiger Personen"],
  "§ 94 StGB": ["BG.StGB:2129-2137", "BG.StGB.006:238-250", "§ 94 StGB # Imstichlassen eines Verletzten"],
  "§ 95 StGB": ["BG.StGB:2143-2147", "BG.StGB.006:252-258", "§ 95 StGB # Unterlassung der Hilfeleistung"],
  "126": "Zweiter Abschnitt",
  "127": "Schwangerschaftsabbruch",
  "§ 96 StGB": ["BG.StGB:2153-2163", "BG.StGB.006:260-271", "§ 96 StGB # Schwangerschaftsabbruch"],
  "§ 97 StGB": ["BG.StGB:2169-2181", "BG.StGB.006:273-288", "§ 97 StGB # Straflosigkeit des Schwangerschaftsabbruchs"],
  "§ 98 StGB": ["BG.StGB:2187-2191", "BG.StGB.006:290-296", "§ 98 StGB # Schwangerschaftsabbruch ohne Einwilligung der Schwangeren"],
  "131": "Dritter Abschnitt",
  "132": "Strafbare Handlungen gegen die Freiheit",
  "§ 99 StGB": ["BG.StGB:2197-2205", "BG.StGB.007:16-24", "§ 99 StGB # Freiheitsentziehung"],
  "§ 100 StGB": ["BG.StGB:2211-2213", "BG.StGB.007:26-29", "§ 100 StGB # Entführung einer geisteskranken oder wehrlosen Person"],
  "§ 101 StGB": ["BG.StGB:2219-2221", "BG.StGB.007:31-34", "§ 101 StGB # Entführung einer unmündigen Person"],
  "§ 102 StGB": ["BG.StGB:2227-2239", "BG.StGB.007:36-52", "§ 102 StGB # Erpresserische Entführung"],
  "§ 103 StGB": ["BG.StGB:2245-2249", "BG.StGB.007:54-60", "§ 103 StGB # Überlieferung an eine ausländische Macht"],
  "§ 104 StGB": ["BG.StGB:2255-2259", "BG.StGB.007:62-68", "§ 104 StGB # Sklaverei"],
  "§ 104a StGB": ["BG.StGB:2265-2275", "BG.StGB.007:70-85", "§ 104a StGB # Menschenhandel"],
  "§ 105 StGB": ["BG.StGB:2281-2285", "BG.StGB.007:87-93", "§ 105 StGB # Nötigung"],
  "§ 106 StGB": ["BG.StGB:2291-2305", "BG.StGB.007:95-111", "§ 106 StGB # Schwere Nötigung"],
  "§ 106a StGB": ["BG.StGB:2311-2317", "BG.StGB.007:113-122", "§ 106a StGB # Zwangsheirat"],
  "§ 107 StGB": ["BG.StGB:2323-2330", "BG.StGB.007:124-134", "§ 107 StGB # Gefährliche Drohung"],
  "§ 107a StGB": ["BG.StGB:2336-2352", "BG.StGB.007:136-155", "§ 107a StGB # Beharrliche Verfolgung"],
  "§ 107b StGB": ["BG.StGB:2358-2376", "BG.StGB.007:157-181", "§ 107b StGB # Fortgesetzte Gewaltausübung"],
  "§ 107c StGB": ["BG.StGB:2382-2392", "BG.StGB.007:183-194", "§ 107c StGB # Fortdauernde Belästigung im Wege einer Telekommunikation oder eines Computersystems"],
  "§ 108 StGB": ["BG.StGB:2398-2404", "BG.StGB.007:196-205", "§ 108 StGB # Täuschung"],
  "§ 109 StGB": ["BG.StGB:2410-2422", "BG.StGB.007:207-222", "§ 109 StGB # Hausfriedensbruch"],
  "§ 110 StGB": ["BG.StGB:2428-2434", "BG.StGB.007:224-233", "§ 110 StGB # Eigenmächtige Heilbehandlung"],
  "150": "Vierter Abschnitt",
  "151": "Strafbare Handlungen gegen die Ehre",
  "§ 111 StGB": ["BG.StGB:2440-2450", "BG.StGB.007:235-246", "§ 111 StGB # Üble Nachrede"],
  "§ 112 StGB": ["BG.StGB:2456-2458", "BG.StGB.007:248-251", "§ 112 StGB # Wahrheitsbeweis und Beweis des guten Glaubens"],
  "§ 113 StGB": ["BG.StGB:2464-2466", "BG.StGB.007:253-256", "§ 113 StGB # Vorwurf einer schon abgetanen gerichtlich strafbaren Handlung"],
  "§ 114 StGB": ["BG.StGB:2472-2476", "BG.StGB.007:258-264", "§ 114 StGB # Straflosigkeit wegen Ausübung eines Rechtes oder Nötigung durch besondere Umstände"],
  "§ 115 StGB": ["BG.StGB:2482-2488", "BG.StGB.007:266-275", "§ 115 StGB # Beleidigung"],
  "§ 116 StGB": ["BG.StGB:2494-2496", "BG.StGB.007:277-280", "§ 116 StGB # Öffentliche Beleidigung eines verfassungsmäßigen Vertretungskörpers, des Bundesheeres oder einer Behörde"],
  "§ 117 StGB": ["BG.StGB:2502-2511", "BG.StGB.007:282-295", "§ 117 StGB # Berechtigung zur Anklage"],
  "159": "Fünfter Abschnitt",
  "160": "Verletzungen der Privatsphäre und bestimmter Berufsgeheimnisse",
  "§ 118 StGB": ["BG.StGB:2517-2533", "BG.StGB.008:16-34", "§ 118 StGB # Verletzung des Briefgeheimnisses und Unterdrückung von Briefen"],
  "§ 118a StGB": ["BG.StGB:2539-2553", "BG.StGB.008:36-53", "§ 118a StGB # Widerrechtlicher Zugriff auf ein Computersystem"],
  "§ 119 StGB": ["BG.StGB:2559-2563", "BG.StGB.008:55-61", "§ 119 StGB # Verletzung des Telekommunikationsgeheimnisses"],
  "§ 119a StGB": ["BG.StGB:2569-2573", "BG.StGB.008:63-69", "§ 119a StGB # Missbräuchliches Abfangen von Daten"],
  "§ 120 StGB": ["BG.StGB:2579-2587", "BG.StGB.008:71-83", "§ 120 StGB # Mißbrauch von Tonaufnahme- oder Abhörgeräten"],
  "§ 120a StGB": ["BG.StGB:2593-2599", "BG.StGB.008:85-94", "§ 120a StGB # Unbefugte Bildaufnahmen"],
  "§ 121 StGB": ["BG.StGB:2605-2619", "BG.StGB.008:96-117", "§ 121 StGB # Verletzung von Berufsgeheimnissen"],
  "§ 122 StGB": ["BG.StGB:2625-2635", "BG.StGB.008:119-134", "§ 122 StGB # Verletzung eines Geschäfts- oder Betriebsgeheimnisses"],
  "§ 123 StGB": ["BG.StGB:2641-2645", "BG.StGB.008:136-142", "§ 123 StGB # Auskundschaftung eines Geschäfts- oder Betriebsgeheimnisses"],
  "§ 124 StGB": ["BG.StGB:2651-2655", "BG.StGB.008:144-150", "§ 124 StGB # Auskundschaftung eines Geschäfts- oder Betriebsgeheimnisses zugunsten des Auslands"],
  "171": "Sechster Abschnitt",
  "172": "Strafbare Handlungen gegen fremdes Vermögen",
  "§ 125 StGB": ["BG.StGB:2661-2667", "BG.StGB.009:16-21", "§ 125 StGB # Sachbeschädigung"],
  "§ 126 StGB": ["BG.StGB:2673-2691", "BG.StGB.009:23-42", "§ 126 StGB # Schwere Sachbeschädigung"],
  "§ 126a StGB": ["BG.StGB:2697-2711", "BG.StGB.009:44-62", "§ 126a StGB # Datenbeschädigung"],
  "§ 126b StGB": ["BG.StGB:2717-2731", "BG.StGB.009:64-82", "§ 126b StGB # Störung der Funktionsfähigkeit eines Computersystems"],
  "§ 126c StGB": ["BG.StGB:2737-2751", "BG.StGB.009:84-101", "§ 126c StGB # Missbrauch von Computerprogrammen oder Zugangsdaten"],
  "§ 127 StGB": ["BG.StGB:2757-2759", "BG.StGB.009:103-106", "§ 127 StGB # Diebstahl"],
  "§ 128 StGB": ["BG.StGB:2765-2779", "BG.StGB.009:108-124", "§ 128 StGB # Schwerer Diebstahl"],
  "§ 129 StGB": ["BG.StGB:2785-2801", "BG.StGB.009:126-144", "§ 129 StGB # Diebstahl durch Einbruch oder mit Waffen"],
  "§ 130 StGB": ["BG.StGB:2807-2813", "BG.StGB.009:146-155", "§ 130 StGB # Gewerbsmäßiger Diebstahl und Diebstahl im Rahmen einer kriminellen Vereinigung"],
  "§ 131 StGB": ["BG.StGB:2819-2821", "BG.StGB.009:157-160", "§ 131 StGB # Räuberischer Diebstahl"],
  "§ 132 StGB": ["BG.StGB:2827-2831", "BG.StGB.009:162-168", "§ 132 StGB # Entziehung von Energie"],
  "§ 133 StGB": ["BG.StGB:2837-2841", "BG.StGB.009:170-176", "§ 133 StGB # Veruntreuung"],
  "§ 134 StGB": ["BG.StGB:2847-2853", "BG.StGB.009:178-187", "§ 134 StGB # Unterschlagung"],
  "§ 135 StGB": ["BG.StGB:2859-2863", "BG.StGB.009:189-195", "§ 135 StGB # Dauernde Sachentziehung"],
  "§ 136 StGB": ["BG.StGB:2869-2877", "BG.StGB.009:197-209", "§ 136 StGB # Unbefugter Gebrauch von Fahrzeugen"],
  "§ 137 StGB": ["BG.StGB:2883-2885", "BG.StGB.009:211-214", "§ 137 StGB # Eingriff in fremdes Jagd- oder Fischereirecht"],
  "§ 138 StGB": ["BG.StGB:2891-2903", "BG.StGB.009:216-228", "§ 138 StGB # Schwerer Eingriff in fremdes Jagd- oder Fischereirecht"],
  "§ 139 StGB": ["BG.StGB:2909-2911", "BG.StGB.009:230-233", "§ 139 StGB # Verfolgungsvoraussetzung"],
  "§ 140 StGB": ["BG.StGB:2917-2919", "BG.StGB.009:235-238", "§ 140 StGB # Gewaltanwendung eines Wilderers"],
  "§ 141 StGB": ["BG.StGB:2925-2933", "BG.StGB.009:240-252", "§ 141 StGB # Entwendung"],
  "§ 142 StGB": ["BG.StGB:2939-2943", "BG.StGB.009:254-260", "§ 142 StGB # Raub"],
  "§ 143 StGB": ["BG.StGB:2949-2953", "BG.StGB.009:262-268", "§ 143 StGB # Schwerer Raub"],
  "§ 144 StGB": ["BG.StGB:2959-2963", "BG.StGB.009:270-276", "§ 144 StGB # Erpressung"],
  "§ 145 StGB": ["BG.StGB:2969-2985", "BG.StGB.009:278-296", "§ 145 StGB # Schwere Erpressung"],
  "§ 146 StGB": ["BG.StGB:2991-2993", "BG.StGB.009:298-301", "§ 146 StGB # Betrug"],
  "§ 147 StGB": ["BG.StGB:2999-3017", "BG.StGB.009:303-324", "§ 147 StGB # Schwerer Betrug"],
  "§ 148 StGB": ["BG.StGB:3023-3025", "BG.StGB.009:326-329", "§ 148 StGB # Gewerbsmäßiger Betrug"],
  "§ 148a StGB": ["BG.StGB:3031-3039", "BG.StGB.009:331-343", "§ 148a StGB # Betrügerischer Datenverarbeitungsmißbrauch"],
  "§ 149 StGB": ["BG.StGB:3045-3053", "BG.StGB.009:345-357", "§ 149 StGB # Erschleichung einer Leistung"],
  "§ 150 StGB": ["BG.StGB:3059-3065", "BG.StGB.009:359-368", "§ 150 StGB # Notbetrug"],
  "§ 151 StGB": ["BG.StGB:3071-3081", "BG.StGB.009:370-383", "§ 151 StGB # Versicherungsmißbrauch"],
  "§ 152 StGB": ["BG.StGB:3087-3091", "BG.StGB.009:385-391", "§ 152 StGB # Kreditschädigung"],
  "§ 153 StGB": ["BG.StGB:3097-3103", "BG.StGB.009:393-402", "§ 153 StGB # Untreue"],
  "§ 153a StGB": ["BG.StGB:3109-3111", "BG.StGB.009:404-407", "§ 153a StGB # Geschenkannahme durch Machthaber"],
  "§ 153b StGB": ["BG.StGB:3117-3127", "BG.StGB.009:409-424", "§ 153b StGB # Förderungsmißbrauch"],
  "§ 153c StGB": ["BG.StGB:3133-3145", "BG.StGB.009:426-442", "§ 153c StGB # Vorenthalten von Dienstnehmerbeiträgen zur Sozialversicherung"],
  "§ 153d StGB": ["BG.StGB:3151-3157", "BG.StGB.009:444-453", "§ 153d StGB # Betrügerisches Anmelden zur Sozialversicherung oder Bauarbeiter-Urlaubs- und Abfertigungskasse"],
  "§ 153e StGB": ["BG.StGB:3163-3175", "BG.StGB.009:455-468", "§ 153e StGB # Organisierte Schwarzarbeit"],
  "§ 154 StGB": ["BG.StGB:3181-3188", "BG.StGB.009:470-480", "§ 154 StGB # Geldwucher"],
  "§ 155 StGB": ["BG.StGB:3194-3199", "BG.StGB.009:482-489", "§ 155 StGB # Sachwucher"],
  "§ 156 StGB": ["BG.StGB:3205-3209", "BG.StGB.009:491-497", "§ 156 StGB # Betrügerische Krida"],
  "§ 157 StGB": ["BG.StGB:3215-3217", "BG.StGB.009:499-502", "§ 157 StGB # Schädigung fremder Gläubiger"],
  "§ 158 StGB": ["BG.StGB:3223-3227", "BG.StGB.009:504-510", "§ 158 StGB # Begünstigung eines Gläubigers"],
  "§ 159 StGB": ["BG.StGB:3233-3259", "BG.StGB.009:512-543", "§ 159 StGB # Grob fahrlässige Beeinträchtigung von Gläubigerinteressen"],
  "§ 160 StGB": ["BG.StGB:3265-3275", "BG.StGB.009:545-557", "§ 160 StGB # Umtriebe während einer Geschäftsaufsicht oder im Insolvenzverfahren"],
  "§ 161 StGB": ["BG.StGB:3281-3285", "BG.StGB.009:559-565", "§ 161 StGB # Gemeinsame Bestimmungen über die Verantwortlichkeit leitender Angestellter"],
  "§ 162 StGB": ["BG.StGB:3291-3295", "BG.StGB.009:567-573", "§ 162 StGB # Vollstreckungsvereitelung"],
  "§ 163 StGB": ["BG.StGB:3301-3303", "BG.StGB.009:575-578", "§ 163 StGB # Vollstreckungsvereitelung zugunsten eines anderen"],
  "§ 163a StGB": ["BG.StGB:3309-3329", "BG.StGB.009:580-603", "§ 163a StGB # Unvertretbare Darstellung wesentlicher Informationen über bestimmte Verbände"],
  "§ 163b StGB": ["BG.StGB:3335-3355", "BG.StGB.009:605-629", "§ 163b StGB # Unvertretbare Berichte von Prüfern bestimmter Verbände"],
  "§ 163c StGB": ["BG.StGB:3361-3387", "BG.StGB.009:631-658", "§ 163c StGB # Verbände"],
  "§ 163d StGB": ["BG.StGB:3393-3407", "BG.StGB.009:660-676", "§ 163d StGB # Tätige Reue"],
  "§ 164 StGB": ["BG.StGB:3413-3427", "BG.StGB.009:678-699", "§ 164 StGB # Hehlerei"],
  "§ 165 StGB": ["BG.StGB:3433-3457", "BG.StGB.009:701-731", "§ 165 StGB # Geldwäscherei"],
  "§ 165a StGB": ["BG.StGB:3463-3467", "BG.StGB.009:733-739", "§ 165a StGB # Tätige Reue"],
  "§ 166 StGB": ["BG.StGB:3473-3479", "BG.StGB.009:741-750", "§ 166 StGB # Begehung im Familienkreis"],
  "§ 167 StGB": ["BG.StGB:3485-3497", "BG.StGB.009:752-768", "§ 167 StGB # Tätige Reue"],
  "§ 168 StGB": ["BG.StGB:3503-3507", "BG.StGB.009:770-776", "§ 168 StGB # Glücksspiel"],
  "§ 168a StGB": ["BG.StGB:3513-3525", "BG.StGB.009:778-791", "§ 168a StGB # Ketten- oder Pyramidenspiele"],
  "§ 168b StGB": ["BG.StGB:3531-3535", "BG.StGB.009:793-799", "§ 168b StGB # Wettbewerbsbeschränkende Absprachen bei Vergabeverfahren"],
  "§ 168f StGB": ["BG.StGB:3541-3557", "BG.StGB.009:801-821", "§ 168f StGB # Ausgabenseitiger Betrug zum Nachteil der finanziellen Interessen der Europäischen Union"],
  "§ 168g StGB": ["BG.StGB:3563-3569", "BG.StGB.009:823-832", "§ 168g StGB # Missbräuchliche Verwendung von Mitteln und Vermögenswerten zum Nachteil der finanziellen Interessen der Europäischen Union"],
  "235": "Siebenter Abschnitt",
  "236": "Gemeingefährliche strafbare Handlungen und strafbare Handlungen gegen die Umwelt",
  "§ 169 StGB": ["BG.StGB:3575-3585", "BG.StGB.010:16-27", "§ 169 StGB # Brandstiftung"],
  "§ 170 StGB": ["BG.StGB:3591-3595", "BG.StGB.010:29-35", "§ 170 StGB # Fahrlässige Herbeiführung einer Feuersbrunst"],
  "§ 171 StGB": ["BG.StGB:3601-3605", "BG.StGB.010:37-43", "§ 171 StGB # Vorsätzliche Gefährdung durch Kernenergie oder ionisierende Strahlen"],
  "§ 172 StGB": ["BG.StGB:3611-3615", "BG.StGB.010:45-51", "§ 172 StGB # Fahrlässige Gefährdung durch Kernenergie oder ionisierende Strahlen"],
  "§ 173 StGB": ["BG.StGB:3621-3625", "BG.StGB.010:53-59", "§ 173 StGB # Vorsätzliche Gefährdung durch Sprengmittel"],
  "§ 174 StGB": ["BG.StGB:3631-3635", "BG.StGB.010:61-67", "§ 174 StGB # Fahrlässige Gefährdung durch Sprengmittel"],
  "§ 175 StGB": ["BG.StGB:3641-3645", "BG.StGB.010:69-75", "§ 175 StGB # Vorbereitung eines Verbrechens durch Kernenergie, ionisierende Strahlen oder Sprengmittel"],
  "§ 176 StGB": ["BG.StGB:3651-3655", "BG.StGB.010:77-83", "§ 176 StGB # Vorsätzliche Gemeingefährdung"],
  "§ 177 StGB": ["BG.StGB:3661-3665", "BG.StGB.010:85-91", "§ 177 StGB # Fahrlässige Gemeingefährdung"],
  "§ 177a StGB": ["BG.StGB:3671-3683", "BG.StGB.010:93-106", "§ 177a StGB # Herstellung und Verbreitung von Massenvernichtungswaffen"],
  "§ 177b StGB": ["BG.StGB:3689-3709", "BG.StGB.010:108-132", "§ 177b StGB # Unerlaubter Umgang mit Kernmaterial, radioaktiven Stoffen oder Strahleneinrichtungen"],
  "§ 177c StGB": ["BG.StGB:3715-3719", "BG.StGB.010:134-140", "§ 177c StGB # Fahrlässiger unerlaubter Umgang mit Kernmaterial, radioaktiven Stoffen oder Strahleneinrichtungen"],
  "§ 177d StGB": ["BG.StGB:3725-3727", "BG.StGB.010:142-145", "§ 177d StGB # Vorsätzlicher unerlaubter Umgang mit Stoffen, die zum Abbau der Ozonschicht beitragen"],
  "§ 177e StGB": ["BG.StGB:3733-3735", "BG.StGB.010:147-150", "§ 177e StGB # Grob fahrlässiger unerlaubter Umgang mit Stoffen, die zum Abbau der Ozonschicht beitragen"],
  "§ 178 StGB": ["BG.StGB:3741-3743", "BG.StGB.010:152-155", "§ 178 StGB # Vorsätzliche Gefährdung von Menschen durch übertragbare Krankheiten"],
  "§ 179 StGB": ["BG.StGB:3749-3751", "BG.StGB.010:157-159", "§ 179 StGB # Fahrlässige Gefährdung von Menschen durch übertragbare Krankheiten"],
  "§ 180 StGB": ["BG.StGB:3757-3771", "BG.StGB.010:161-176", "§ 180 StGB # Vorsätzliche Beeinträchtigung der Umwelt"],
  "§ 181 StGB": ["BG.StGB:3777-3781", "BG.StGB.010:178-184", "§ 181 StGB # Fahrlässige Beeinträchtigung der Umwelt"],
  "§ 181a StGB": ["BG.StGB:3787-3789", "BG.StGB.010:186-189", "§ 181a StGB # Schwere Beeinträchtigung durch Lärm"],
  "§ 181b StGB": ["BG.StGB:3795-3811", "BG.StGB.010:191-209", "§ 181b StGB # Vorsätzliches umweltgefährdendes Behandeln und Verbringen von Abfällen"],
  "§ 181c StGB": ["BG.StGB:3817-3823", "BG.StGB.010:211-220", "§ 181c StGB # Fahrlässiges umweltgefährdendes Behandeln und Verbringen von Abfällen"],
  "§ 181d StGB": ["BG.StGB:3829-3843", "BG.StGB.010:222-237", "§ 181d StGB # Vorsätzliches umweltgefährdendes Betreiben von Anlagen"],
  "§ 181e StGB": ["BG.StGB:3849-3853", "BG.StGB.010:239-245", "§ 181e StGB # Grob fahrlässiges umweltgefährdendes Betreiben von Anlagen"],
  "§ 181f StGB": ["BG.StGB:3859-3863", "BG.StGB.010:247-253", "§ 181f StGB # Vorsätzliche Schädigung des Tier- oder Pflanzenbestandes"],
  "§ 181g StGB": ["BG.StGB:3869-3871", "BG.StGB.010:255-258", "§ 181g StGB # Grob fahrlässige Schädigung des Tier- oder Pflanzenbestandes"],
  "§ 181h StGB": ["BG.StGB:3877-3881", "BG.StGB.010:260-266", "§ 181h StGB # Vorsätzliche Schädigung von Lebensräumen in geschützten Gebieten"],
  "§ 181i StGB": ["BG.StGB:3887-3889", "BG.StGB.010:268-271", "§ 181i StGB # Grob fahrlässige Schädigung von Lebensräumen in geschützten Gebieten"],
  "§ 182 StGB": ["BG.StGB:3895-3905", "BG.StGB.010:273-284", "§ 182 StGB # Andere Gefährdungen des Tier- oder Pflanzenbestandes"],
  "§ 183 StGB": ["BG.StGB:3911-3913", "BG.StGB.010:286-289", "§ 183 StGB # Fahrlässige Gefährdung des Tier- oder Pflanzenbestandes"],
  "§ 183a StGB": ["BG.StGB:3919-3923", "BG.StGB.010:291-297", "§ 183a StGB # Irrtum über Rechtsvorschriften und behördliche Aufträge"],
  "§ 183b StGB": ["BG.StGB:3929-3933", "BG.StGB.010:299-305", "§ 183b StGB # Tätige Reue"],
  "§ 184 StGB": ["BG.StGB:3939-3941", "BG.StGB.010:307-310", "§ 184 StGB # Kurpfuscherei"],
  "§ 185 StGB": ["BG.StGB:3947-3951", "BG.StGB.010:312-318", "§ 185 StGB # Luftpiraterie"],
  "§ 186 StGB": ["BG.StGB:3957-3975", "BG.StGB.010:320-340", "§ 186 StGB # Vorsätzliche Gefährdung der Sicherheit der Luftfahrt"],
  "§ 187 StGB": ["BG.StGB:3981-3983", "BG.StGB.010:342-345", "§ 187 StGB # Hinderung der Bekämpfung einer Gemeingefahr"],
  "272": "Achter Abschnitt",
  "273": "Strafbare Handlungen gegen den religiösen Frieden und die Ruhe der Toten",
  "§ 188 StGB": ["BG.StGB:3989-3995", "BG.StGB.011:16-21", "§ 188 StGB # Herabwürdigung religiöser Lehren"],
  "§ 189 StGB": ["BG.StGB:4001-4013", "BG.StGB.011:23-36", "§ 189 StGB # Störung einer Religionsübung"],
  "§ 190 StGB": ["BG.StGB:4019-4023", "BG.StGB.011:38-44", "§ 190 StGB # Störung der Totenruhe"],
  "§ 191 StGB": ["BG.StGB:4029-4031", "BG.StGB.011:46-49", "§ 191 StGB # Störung einer Bestattungsfeier"],
  "278": "Neunter Abschnitt",
  "279": "Strafbare Handlungen gegen Ehe und Familie",
  "§ 192 StGB": ["BG.StGB:4037-4043", "BG.StGB.011:51-56", "§ 192 StGB # Mehrfache Ehe oder eingetragene Partnerschaft"],
  "§ 193 StGB": ["BG.StGB:4049-4055", "BG.StGB.011:58-67", "§ 193 StGB # Ehetäuschung"],
  "§ 193a StGB": ["BG.StGB:4061-4065", "BG.StGB.011:69-75", "§ 193a StGB # Partnerschaftstäuschung"],
  "§ 194 StGB": ["BG.StGB:4071-4083", "BG.StGB.011:77-91", "§ 194 StGB # Verbotene Adoptionsvermittlung"],
  "§ 195 StGB": ["BG.StGB:4089-4099", "BG.StGB.011:93-108", "§ 195 StGB # Kindesentziehung"],
  "§ 196 StGB": ["BG.StGB:4105-4111", "BG.StGB.011:110-119", "§ 196 StGB # Vereitelung behördlich angeordneter Erziehungshilfen"],
  "§ 198 StGB": ["BG.StGB:4117-4123", "BG.StGB.011:121-130", "§ 198 StGB # Verletzung der Unterhaltspflicht"],
  "§ 199 StGB": ["BG.StGB:4129-4131", "BG.StGB.011:132-135", "§ 199 StGB # Vernachlässigung der Pflege, Erziehung oder Beaufsichtigung"],
  "§ 200 StGB": ["BG.StGB:4137-4139", "BG.StGB.011:137-140", "§ 200 StGB # Unterschiebung eines Kindes"],
  "289": "Zehnter Abschnitt",
  "290": "Strafbare Handlungen gegen die sexuelle Integrität und Selbstbestimmung",
  "§ 201 StGB": ["BG.StGB:4145-4153", "BG.StGB.012:16-24", "§ 201 StGB # Vergewaltigung"],
  "§ 202 StGB": ["BG.StGB:4159-4163", "BG.StGB.012:26-32", "§ 202 StGB # Geschlechtliche Nötigung"],
  "§ 205 StGB": ["BG.StGB:4169-4175", "BG.StGB.012:34-43", "§ 205 StGB # Sexueller Missbrauch einer wehrlosen oder psychisch beeinträchtigten Person"],
  "§ 205a StGB": ["BG.StGB:4181-4185", "BG.StGB.012:45-51", "§ 205a StGB # Verletzung der sexuellen Selbstbestimmung"],
  "§ 206 StGB": ["BG.StGB:4191-4199", "BG.StGB.012:53-65", "§ 206 StGB # Schwerer sexueller Mißbrauch von Unmündigen"],
  "§ 207 StGB": ["BG.StGB:4205-4213", "BG.StGB.012:67-79", "§ 207 StGB # Sexueller Mißbrauch von Unmündigen"],
  "§ 207a StGB": ["BG.StGB:4219-4267", "BG.StGB.012:81-137", "§ 207a StGB # Bildliches sexualbezogenes Kindesmissbrauchsmaterial und bildliche sexualbezogene Darstellungen minderjähriger Personen"],
  "§ 207b StGB": ["BG.StGB:4273-4279", "BG.StGB.012:139-148", "§ 207b StGB # Sexueller Missbrauch von Jugendlichen"],
  "§ 208 StGB": ["BG.StGB:4285-4293", "BG.StGB.012:150-162", "§ 208 StGB # Sittliche Gefährdung von Personen unter sechzehn Jahren"],
  "§ 208a StGB": ["BG.StGB:4299-4311", "BG.StGB.012:164-178", "§ 208a StGB # Anbahnung von Sexualkontakten zu Unmündigen"],
  "§ 211 StGB": ["BG.StGB:4317-4325", "BG.StGB.012:180-192", "§ 211 StGB # Blutschande"],
  "§ 212 StGB": ["BG.StGB:4331-4351", "BG.StGB.012:194-215", "§ 212 StGB # Mißbrauch eines Autoritätsverhältnisses"],
  "§ 213 StGB": ["BG.StGB:4357-4361", "BG.StGB.012:217-223", "§ 213 StGB # Kuppelei"],
  "§ 214 StGB": ["BG.StGB:4367-4371", "BG.StGB.012:225-231", "§ 214 StGB # Entgeltliche Vermittlung von Sexualkontakten mit Minderjährigen"],
  "§ 215 StGB": ["BG.StGB:4377-4379", "BG.StGB.012:233-236", "§ 215 StGB # Zuführen zur Prostitution"],
  "§ 215a StGB": ["BG.StGB:4385-4393", "BG.StGB.012:238-250", "§ 215a StGB # Förderung der Prostitution und pornographischer Darbietungen Minderjähriger"],
  "§ 216 StGB": ["BG.StGB:4399-4407", "BG.StGB.012:252-264", "§ 216 StGB # Zuhälterei"],
  "§ 217 StGB": ["BG.StGB:4413-4417", "BG.StGB.012:266-272", "§ 217 StGB # Grenzüberschreitender Prostitutionshandel"],
  "§ 218 StGB": ["BG.StGB:4423-4441", "BG.StGB.012:274-297", "§ 218 StGB # Sexuelle Belästigung und öffentliche geschlechtliche Handlungen"],
  "§ 219 StGB": ["BG.StGB:4447-4449", "BG.StGB.012:299-302", "§ 219 StGB # Ankündigung zur Herbeiführung unzüchtigen Verkehrs"],
  "§ 220b StGB": ["BG.StGB:4455-4463", "BG.StGB.012:304-316", "§ 220b StGB # Tätigkeitsverbot"],
  "312": "Elfter Abschnitt",
  "313": "Tierquälerei",
  "§ 222 StGB": ["BG.StGB:4469-4487", "BG.StGB.012:318-336", "§ 222 StGB # Tierquälerei"],
  "315": "Zwölfter Abschnitt",
  "316": "Strafbare Handlungen gegen die Zuverlässigkeit von Urkunden und Beweiszeichen",
  "§ 223 StGB": ["BG.StGB:4493-4501", "BG.StGB.013:16-24", "§ 223 StGB # Urkundenfälschung"],
  "§ 224 StGB": ["BG.StGB:4507-4509", "BG.StGB.013:26-29", "§ 224 StGB # Fälschung besonders geschützter Urkunden"],
  "§ 224a StGB": ["BG.StGB:4515-4517", "BG.StGB.013:31-34", "§ 224a StGB # Annahme, Weitergabe oder Besitz falscher oder verfälschter besonders geschützter Urkunden"],
  "§ 225 StGB": ["BG.StGB:4523-4529", "BG.StGB.013:36-45", "§ 225 StGB # Fälschung öffentlicher Beglaubigungszeichen"],
  "§ 225a StGB": ["BG.StGB:4535-4537", "BG.StGB.013:47-50", "§ 225a StGB # Datenfälschung"],
  "§ 226 StGB": ["BG.StGB:4543-4547", "BG.StGB.013:52-58", "§ 226 StGB # Tätige Reue"],
  "§ 227 StGB": ["BG.StGB:4553-4557", "BG.StGB.013:60-66", "§ 227 StGB # Vorbereitung der Fälschung öffentlicher Urkunden oder Beglaubigungszeichen"],
  "§ 228 StGB": ["BG.StGB:4563-4569", "BG.StGB.013:68-77", "§ 228 StGB # Mittelbare unrichtige Beurkundung oder Beglaubigung"],
  "§ 229 StGB": ["BG.StGB:4575-4579", "BG.StGB.013:79-85", "§ 229 StGB # Urkundenunterdrückung"],
  "§ 230 StGB": ["BG.StGB:4585-4589", "BG.StGB.013:87-93", "§ 230 StGB # Versetzung von Grenzzeichen"],
  "§ 231 StGB": ["BG.StGB:4595-4601", "BG.StGB.013:95-104", "§ 231 StGB # Gebrauch fremder Ausweise"],
  "328": "Dreizehnter Abschnitt",
  "329": "Strafbare Handlungen gegen die Sicherheit des Verkehrs mit Geld, Wertpapieren, Wertzeichen und unbaren Zahlungsmitteln",
  "§ 232 StGB": ["BG.StGB:4607-4617", "BG.StGB.013:106-117", "§ 232 StGB # Geldfälschung"],
  "§ 233 StGB": ["BG.StGB:4623-4633", "BG.StGB.013:119-130", "§ 233 StGB # Weitergabe und Besitz nachgemachten oder verfälschten Geldes"],
  "§ 234 StGB": ["BG.StGB:4639-4649", "BG.StGB.013:132-143", "§ 234 StGB # Verringerung von Geldmünzen und Weitergabe verringerter Geldmünzen"],
  "§ 235 StGB": ["BG.StGB:4655-4657", "BG.StGB.013:145-148", "§ 235 StGB # Ansichbringen, Verheimlichen oder Verhandeln des Münzabfalls"],
  "§ 236 StGB": ["BG.StGB:4663-4667", "BG.StGB.013:150-156", "§ 236 StGB # Weitergabe von Falschgeld oder verringerten Geldmünzen"],
  "§ 237 StGB": ["BG.StGB:4673-4675", "BG.StGB.013:158-161", "§ 237 StGB # Fälschung besonders geschützter Wertpapiere"],
  "§ 238 StGB": ["BG.StGB:4681-4695", "BG.StGB.013:163-180", "§ 238 StGB # Wertzeichenfälschung"],
  "§ 239 StGB": ["BG.StGB:4701-4703", "BG.StGB.013:182-185", "§ 239 StGB # Vorbereitung einer Geld-, Wertpapier- oder Wertzeichenfälschung"],
  "§ 240 StGB": ["BG.StGB:4709-4719", "BG.StGB.013:187-199", "§ 240 StGB # Tätige Reue"],
  "§ 241 StGB": ["BG.StGB:4725-4727", "BG.StGB.013:201-204", "§ 241 StGB # Geld, Wertpapiere und Wertzeichen des Auslands"],
  "§ 241a StGB": ["BG.StGB:4733-4737", "BG.StGB.013:206-212", "§ 241a StGB # Fälschung unbarer Zahlungsmittel"],
  "§ 241b StGB": ["BG.StGB:4743-4747", "BG.StGB.013:214-220", "§ 241b StGB # Annahme, Weitergabe oder Besitz falscher oder verfälschter unbarer Zahlungsmittel"],
  "§ 241c StGB": ["BG.StGB:4753-4755", "BG.StGB.013:222-225", "§ 241c StGB # Vorbereitung der Fälschung oder Entfremdung unbarer Zahlungsmittel"],
  "§ 241d StGB": ["BG.StGB:4761-4765", "BG.StGB.013:227-233", "§ 241d StGB # Tätige Reue"],
  "§ 241e StGB": ["BG.StGB:4771-4777", "BG.StGB.013:235-244", "§ 241e StGB # Entfremdung unbarer Zahlungsmittel"],
  "§ 241f StGB": ["BG.StGB:4783-4787", "BG.StGB.013:246-252", "§ 241f StGB # Annahme, Weitergabe oder Besitz entfremdeter unbarer Zahlungsmittel"],
  "§ 241g StGB": ["BG.StGB:4793-4797", "BG.StGB.013:254-260", "§ 241g StGB # Tätige Reue"],
  "§ 241h StGB": ["BG.StGB:4803-4815", "BG.StGB.013:262-276", "§ 241h StGB # Ausspähen von Daten eines unbaren Zahlungsmittels"],
  "348": "Vierzehnter Abschnitt",
  "349": "Hochverrat und andere Angriffe gegen den Staat",
  "§ 242 StGB": ["BG.StGB:4821-4829", "BG.StGB.013:278-286", "§ 242 StGB # Hochverrat"],
  "§ 243 StGB": ["BG.StGB:4835-4839", "BG.StGB.013:288-294", "§ 243 StGB # Tätige Reue"],
  "§ 244 StGB": ["BG.StGB:4845-4849", "BG.StGB.013:296-302", "§ 244 StGB # Vorbereitung eines Hochverrats"],
  "§ 245 StGB": ["BG.StGB:4855-4859", "BG.StGB.013:304-310", "§ 245 StGB # Tätige Reue"],
  "§ 246 StGB": ["BG.StGB:4865-4871", "BG.StGB.013:312-321", "§ 246 StGB # Staatsfeindliche Verbindungen"],
  "§ 247 StGB": ["BG.StGB:4877-4879", "BG.StGB.013:323-326", "§ 247 StGB # Tätige Reue"],
  "§ 247a StGB": ["BG.StGB:4885-4895", "BG.StGB.013:328-343", "§ 247a StGB # Staatsfeindliche Bewegung"],
  "§ 247b StGB": ["BG.StGB:4901-4911", "BG.StGB.013:345-360", "§ 247b StGB # Religiös motivierte extremistische Verbindung"],
  "§ 248 StGB": ["BG.StGB:4917-4921", "BG.StGB.013:362-368", "§ 248 StGB # Herabwürdigung des Staates und seiner Symbole"],
  "359": "Fünfzehnter Abschnitt",
  "360": "Angriffe auf oberste Staatsorgane",
  "§ 249 StGB": ["BG.StGB:4927-4933", "BG.StGB.014:16-21", "§ 249 StGB # Gewalt und gefährliche Drohung gegen den Bundespräsidenten"],
  "§ 250 StGB": ["BG.StGB:4939-4941", "BG.StGB.014:23-26", "§ 250 StGB # Nötigung eines verfassungsmäßigen Vertretungskörpers, einer Regierung, des Verfassungsgerichtshofs, des Verwaltungsgerichtshofs oder des Obersten Gerichtshofs"],
  "§ 251 StGB": ["BG.StGB:4947-4949", "BG.StGB.014:28-31", "§ 251 StGB # Nötigung von Mitgliedern eines verfassungsmäßigen Vertretungskörpers, einer Regierung, des Verfassungsgerichtshofs, des Verwaltungsgerichtshofs oder des Obersten Gerichtshofs oder des Präsidenten des Rechnungshofs oder des Leiters eines Landesrechnungshofs"],
  "364": "Sechzehnter Abschnitt",
  "365": "Landesverrat",
  "§ 252 StGB": ["BG.StGB:4955-4965", "BG.StGB.014:33-44", "§ 252 StGB # Verrat von Staatsgeheimnissen"],
  "§ 253 StGB": ["BG.StGB:4971-4975", "BG.StGB.014:46-52", "§ 253 StGB # Preisgabe von Staatsgeheimnissen"],
  "§ 254 StGB": ["BG.StGB:4981-4985", "BG.StGB.014:54-60", "§ 254 StGB # Ausspähung von Staatsgeheimnissen"],
  "§ 255 StGB": ["BG.StGB:4991-4993", "BG.StGB.014:62-65", "§ 255 StGB # Begriff des Staatsgeheimnisses"],
  "§ 256 StGB": ["BG.StGB:4999-5001", "BG.StGB.014:67-70", "§ 256 StGB # Geheimer Nachrichtendienst zum Nachteil Österreichs"],
  "§ 257 StGB": ["BG.StGB:5007-5011", "BG.StGB.014:72-78", "§ 257 StGB # Begünstigung feindlicher Streitkräfte"],
  "§ 258 StGB": ["BG.StGB:5017-5027", "BG.StGB.014:80-91", "§ 258 StGB # Landesverräterische Fälschung und Vernichtung von Beweisen"],
  "373": "Siebzehnter Abschnitt",
  "374": "Strafbare Handlungen gegen das Bundesheer",
  "§ 259 StGB": ["BG.StGB:5033-5039", "BG.StGB.014:93-98", "§ 259 StGB # Beteiligung an militärischen strafbaren Handlungen"],
  "§ 260 StGB": ["BG.StGB:5045-5047", "BG.StGB.014:100-103", "§ 260 StGB # Wehrmittelsabotage"],
  "377": "Achtzehnter Abschnitt",
  "378": "Strafbare Handlungen bei Wahlen und Volksabstimmungen; Mandatskauf",
  "§ 261 StGB": ["BG.StGB:5053-5061", "BG.StGB.014:105-113", "§ 261 StGB # Geltungsbereich"],
  "§ 262 StGB": ["BG.StGB:5067-5071", "BG.StGB.014:115-121", "§ 262 StGB # Wahlbehinderung"],
  "§ 263 StGB": ["BG.StGB:5077-5081", "BG.StGB.014:123-129", "§ 263 StGB # Täuschung bei einer Wahl oder Volksabstimmung"],
  "§ 264 StGB": ["BG.StGB:5087-5091", "BG.StGB.014:131-137", "§ 264 StGB # Verbreitung falscher Nachrichten bei einer Wahl oder Volksabstimmung"],
  "§ 265 StGB": ["BG.StGB:5097-5101", "BG.StGB.014:139-145", "§ 265 StGB # Bestechung bei einer Wahl oder Volksabstimmung"],
  "§ 265a StGB": ["BG.StGB:5107-5117", "BG.StGB.014:147-162", "§ 265a StGB # Mandatskauf"],
  "§ 266 StGB": ["BG.StGB:5123-5127", "BG.StGB.014:164-170", "§ 266 StGB # Fälschung bei einer Wahl oder Volksabstimmung"],
  "§ 267 StGB": ["BG.StGB:5133-5135", "BG.StGB.014:172-175", "§ 267 StGB # Verhinderung einer Wahl oder Volksabstimmung"],
  "§ 268 StGB": ["BG.StGB:5141-5143", "BG.StGB.014:177-180", "§ 268 StGB # Verletzung des Wahl- oder Volksabstimmungsgeheimnisses"],
  "388": "Neunzehnter Abschnitt",
  "389": "Strafbare Handlungen gegen die Staatsgewalt",
  "§ 269 StGB": ["BG.StGB:5149-5161", "BG.StGB.014:182-196", "§ 269 StGB # Widerstand gegen die Staatsgewalt"],
  "§ 270 StGB": ["BG.StGB:5167-5171", "BG.StGB.014:198-204", "§ 270 StGB # Tätlicher Angriff auf einen Beamten"],
  "§ 271 StGB": ["BG.StGB:5177-5183", "BG.StGB.014:206-215", "§ 271 StGB # Verstrickungsbruch"],
  "§ 272 StGB": ["BG.StGB:5189-5195", "BG.StGB.014:217-226", "§ 272 StGB # Siegelbruch"],
  "§ 273 StGB": ["BG.StGB:5201-5207", "BG.StGB.014:228-237", "§ 273 StGB # Verletzung behördlicher Bekanntmachungen"],
  "395": "Zwanzigster Abschnitt",
  "396": "Strafbare Handlungen gegen den öffentlichen Frieden",
  "§ 274 StGB": ["BG.StGB:5213-5223", "BG.StGB.015:16-27", "§ 274 StGB # Schwere gemeinschaftliche Gewalt"],
  "§ 275 StGB": ["BG.StGB:5229-5243", "BG.StGB.015:29-45", "§ 275 StGB # Landzwang"],
  "§ 277 StGB": ["BG.StGB:5249-5253", "BG.StGB.015:47-53", "§ 277 StGB # Verbrecherisches Komplott"],
  "§ 278 StGB": ["BG.StGB:5259-5267", "BG.StGB.015:55-67", "§ 278 StGB # Kriminelle Vereinigung"],
  "§ 278a StGB": ["BG.StGB:5273-5283", "BG.StGB.015:69-79", "§ 278a StGB # Kriminelle Organisation"],
  "§ 278b StGB": ["BG.StGB:5289-5295", "BG.StGB.015:81-90", "§ 278b StGB # Terroristische Vereinigung"],
  "§ 278c StGB": ["BG.StGB:5301-5333", "BG.StGB.015:92-126", "§ 278c StGB # Terroristische Straftaten"],
  "§ 278d StGB": ["BG.StGB:5339-5371", "BG.StGB.015:128-161", "§ 278d StGB # Terrorismusfinanzierung"],
  "§ 278e StGB": ["BG.StGB:5377-5381", "BG.StGB.015:163-169", "§ 278e StGB # Ausbildung für terroristische Zwecke"],
  "§ 278f StGB": ["BG.StGB:5387-5391", "BG.StGB.015:171-177", "§ 278f StGB # Anleitung zur Begehung einer terroristischen Straftat"],
  "§ 278g StGB": ["BG.StGB:5397-5399", "BG.StGB.015:179-182", "§ 278g StGB # Reisen für terroristische Zwecke"],
  "§ 279 StGB": ["BG.StGB:5405-5409", "BG.StGB.015:184-190", "§ 279 StGB # Bewaffnete Verbindungen"],
  "§ 280 StGB": ["BG.StGB:5415-5419", "BG.StGB.015:192-198", "§ 280 StGB # Ansammeln von Kampfmitteln"],
  "§ 282 StGB": ["BG.StGB:5425-5429", "BG.StGB.015:200-206", "§ 282 StGB # Aufforderung zu mit Strafe bedrohten Handlungen und Gutheißung mit Strafe bedrohter Handlungen"],
  "§ 282a StGB": ["BG.StGB:5435-5439", "BG.StGB.015:208-214", "§ 282a StGB # Aufforderung zu terroristischen Straftaten und Gutheißung terroristischer Straftaten"],
  "§ 283 StGB": ["BG.StGB:5445-5460", "BG.StGB.015:216-235", "§ 283 StGB # Verhetzung"],
  "§ 284 StGB": ["BG.StGB:5466-5468", "BG.StGB.015:237-240", "§ 284 StGB # Sprengung einer Versammlung"],
  "§ 285 StGB": ["BG.StGB:5474-5484", "BG.StGB.015:242-253", "§ 285 StGB # Verhinderung oder Störung einer Versammlung"],
  "§ 286 StGB": ["BG.StGB:5490-5500", "BG.StGB.015:255-267", "§ 286 StGB # Unterlassung der Verhinderung einer mit Strafe bedrohten Handlung"],
  "§ 287 StGB": ["BG.StGB:5506-5510", "BG.StGB.015:269-275", "§ 287 StGB # Begehung einer mit Strafe bedrohten Handlung im Zustand voller Berauschung"],
  "417": "Einundzwanzigster Abschnitt",
  "418": "Strafbare Handlungen gegen die Rechtspflege",
  "§ 288 StGB": ["BG.StGB:5516-5528", "BG.StGB.016:16-30", "§ 288 StGB # Falsche Beweisaussage"],
  "§ 289 StGB": ["BG.StGB:5534-5536", "BG.StGB.016:32-35", "§ 289 StGB # Falsche Beweisaussage vor einer Verwaltungsbehörde"],
  "§ 290 StGB": ["BG.StGB:5542-5556", "BG.StGB.016:37-55", "§ 290 StGB # Aussagenotstand"],
  "§ 291 StGB": ["BG.StGB:5562-5564", "BG.StGB.016:57-60", "§ 291 StGB # Tätige Reue"],
  "§ 292 StGB": ["BG.StGB:5570-5574", "BG.StGB.016:62-68", "§ 292 StGB # Herbeiführung einer unrichtigen Beweisaussage"],
  "§ 292a StGB": ["BG.StGB:5580-5582", "BG.StGB.016:70-73", "§ 292a StGB # Falsches Vermögensverzeichnis"],
  "§ 292b StGB": ["BG.StGB:5588-5590", "BG.StGB.016:75-78", "§ 292b StGB # Tätige Reue"],
  "§ 292c StGB": ["BG.StGB:5596-5600", "BG.StGB.016:80-86", "§ 292c StGB # Unzulässige Bieterabsprachen in exekutiven Versteigerungsverfahren"],
  "§ 293 StGB": ["BG.StGB:5606-5610", "BG.StGB.016:88-94", "§ 293 StGB # Fälschung eines Beweismittels"],
  "§ 294 StGB": ["BG.StGB:5616-5620", "BG.StGB.016:96-102", "§ 294 StGB # Tätige Reue"],
  "§ 295 StGB": ["BG.StGB:5626-5628", "BG.StGB.016:104-107", "§ 295 StGB # Unterdrückung eines Beweismittels"],
  "§ 296 StGB": ["BG.StGB:5634-5636", "BG.StGB.016:109-112", "§ 296 StGB # Tätige Reue"],
  "§ 297 StGB": ["BG.StGB:5642-5646", "BG.StGB.016:114-120", "§ 297 StGB # Verleumdung"],
  "§ 298 StGB": ["BG.StGB:5652-5656", "BG.StGB.016:122-128", "§ 298 StGB # Vortäuschung einer mit Strafe bedrohten Handlung"],
  "§ 299 StGB": ["BG.StGB:5662-5670", "BG.StGB.016:130-142", "§ 299 StGB # Begünstigung"],
  "§ 300 StGB": ["BG.StGB:5676-5680", "BG.StGB.016:144-150", "§ 300 StGB # Befreiung von Gefangenen"],
  "§ 301 StGB": ["BG.StGB:5686-5692", "BG.StGB.016:152-161", "§ 301 StGB # Verbotene Veröffentlichung"],
  "436": "Zweiundzwanzigster Abschnitt",
  "437": "Strafbare Verletzungen der Amtspflicht, Korruption und verwandte strafbare Handlungen",
  "§ 302 StGB": ["BG.StGB:5698-5706", "BG.StGB.016:163-171", "§ 302 StGB # Mißbrauch der Amtsgewalt"],
  "§ 303 StGB": ["BG.StGB:5712-5714", "BG.StGB.016:173-176", "§ 303 StGB # Fahrlässige Verletzung der Freiheit der Person oder des Hausrechts"],
  "§ 304 StGB": ["BG.StGB:5720-5728", "BG.StGB.016:178-190", "§ 304 StGB # Bestechlichkeit"],
  "§ 305 StGB": ["BG.StGB:5734-5749", "BG.StGB.016:192-211", "§ 305 StGB # Vorteilsannahme"],
  "§ 306 StGB": ["BG.StGB:5755-5761", "BG.StGB.016:213-222", "§ 306 StGB # Vorteilsannahme zur Beeinflussung"],
  "§ 307 StGB": ["BG.StGB:5767-5775", "BG.StGB.016:224-236", "§ 307 StGB # Bestechung"],
  "§ 307a StGB": ["BG.StGB:5781-5787", "BG.StGB.016:238-247", "§ 307a StGB # Vorteilszuwendung"],
  "§ 307b StGB": ["BG.StGB:5793-5797", "BG.StGB.016:249-255", "§ 307b StGB # Vorteilszuwendung zur Beeinflussung"],
  "§ 308 StGB": ["BG.StGB:5803-5813", "BG.StGB.016:257-272", "§ 308 StGB # Verbotene Intervention"],
  "§ 309 StGB": ["BG.StGB:5819-5825", "BG.StGB.016:274-283", "§ 309 StGB # Geschenkannahme und Bestechung von Bediensteten oder Beauftragten"],
  "§ 310 StGB": ["BG.StGB:5831-5838", "BG.StGB.016:285-295", "§ 310 StGB # Verletzung des Amtsgeheimnisses"],
  "§ 311 StGB": ["BG.StGB:5844-5846", "BG.StGB.016:297-300", "§ 311 StGB # Falsche Beurkundung und Beglaubigung im Amt"],
  "§ 312 StGB": ["BG.StGB:5852-5858", "BG.StGB.016:302-311", "§ 312 StGB # Quälen oder Vernachlässigen eines Gefangenen"],
  "§ 312a StGB": ["BG.StGB:5864-5870", "BG.StGB.016:313-322", "§ 312a StGB # Folter"],
  "§ 312b StGB": ["BG.StGB:5876-5878", "BG.StGB.016:324-327", "§ 312b StGB # Verschwindenlassen einer Person"],
  "§ 313 StGB": ["BG.StGB:5884-5886", "BG.StGB.016:329-332", "§ 313 StGB # Strafbare Handlungen unter Ausnützung einer Amtsstellung"],
  "454": "Dreiundzwanzigster Abschnitt",
  "455": "Amtsanmaßung und Erschleichung eines Amtes",
  "§ 314 StGB": ["BG.StGB:5892-5898", "BG.StGB.017:16-21", "§ 314 StGB # Amtsanmaßung"],
  "§ 315 StGB": ["BG.StGB:5904-5906", "BG.StGB.017:23-26", "§ 315 StGB # Erschleichung eines Amtes"],
  "458": "Vierundzwanzigster Abschnitt",
  "459": "Störung der Beziehungen zum Ausland",
  "§ 316 StGB": ["BG.StGB:5912-5920", "BG.StGB.017:28-36", "§ 316 StGB # Hochverräterische Angriffe gegen einen fremden Staat"],
  "§ 317 StGB": ["BG.StGB:5926-5928", "BG.StGB.017:38-41", "§ 317 StGB # Herabwürdigung fremder Symbole"],
  "§ 318 StGB": ["BG.StGB:5934-5940", "BG.StGB.017:43-52", "§ 318 StGB # Voraussetzungen der Bestrafung"],
  "§ 319 StGB": ["BG.StGB:5946-5948", "BG.StGB.017:54-57", "§ 319 StGB # Militärischer Nachrichtendienst für einen fremden Staat"],
  "§ 320 StGB": ["BG.StGB:5954-5978", "BG.StGB.017:59-84", "§ 320 StGB # Verbotene Unterstützung von Parteien bewaffneter Konflikte"],
  "465": "Fünfundzwanzigster Abschnitt",
  "466": "Völkermord, Verbrechen gegen die Menschlichkeit, Kriegsverbrechen",
  "§ 321 StGB": ["BG.StGB:5984-5992", "BG.StGB.017:86-94", "§ 321 StGB # Völkermord"],
  "§ 321a StGB": ["BG.StGB:5998-6032", "BG.StGB.017:96-131", "§ 321a StGB # Verbrechen gegen die Menschlichkeit"],
  "§ 321b StGB": ["BG.StGB:6038-6086", "BG.StGB.017:133-184", "§ 321b StGB # Kriegsverbrechen gegen Personen"],
  "§ 321c StGB": ["BG.StGB:6092-6102", "BG.StGB.017:186-196", "§ 321c StGB # Kriegsverbrechen gegen Eigentum und sonstige Rechte"],
  "§ 321d StGB": ["BG.StGB:6108-6118", "BG.StGB.017:198-209", "§ 321d StGB # Kriegsverbrechen gegen internationale Missionen und Missbrauch von Schutz- und Nationalitätszeichen"],
  "§ 321e StGB": ["BG.StGB:6124-6152", "BG.StGB.017:211-240", "§ 321e StGB # Kriegsverbrechen des Einsatzes verbotener Methoden der Kriegsführung"],
  "§ 321f StGB": ["BG.StGB:6158-6170", "BG.StGB.017:242-255", "§ 321f StGB # Kriegsverbrechen des Einsatzes verbotener Mittel der Kriegsführung"],
  "§ 321g StGB": ["BG.StGB:6176-6180", "BG.StGB.017:257-263", "§ 321g StGB # Verantwortlichkeit als Vorgesetzter"],
  "§ 321h StGB": ["BG.StGB:6186-6190", "BG.StGB.017:265-271", "§ 321h StGB # Verletzung der Aufsichtspflicht"],
  "§ 321i StGB": ["BG.StGB:6196-6198", "BG.StGB.017:273-276", "§ 321i StGB # Unterlassen der Meldung einer Straftat"],
  "§ 321j StGB": ["BG.StGB:6204-6206", "BG.StGB.017:278-281", "§ 321j StGB # Handeln auf Befehl oder sonstige Anordnung"],
  "§ 321k StGB": ["BG.StGB:6212-6218", "BG.StGB.017:283-292", "§ 321k StGB # Verbrechen der Aggression"],
  "479": "Schlußteil",
  "§ 322 StGB": ["BG.StGB:6224-6238", "BG.StGB.017:294-312", "§ 322 StGB # Inkrafttreten"],
  "§ 323 StGB": ["BG.StGB:6244-6252", "BG.StGB.017:314-326", "§ 323 StGB # Übergangsbestimmungen"],
  "§ 324 StGB": ["BG.StGB:6258-6260", "BG.StGB.017:328-331", "§ 324 StGB # Vollzugsklausel"]
}
