{
  "000": "1. Teil",
  "001": "1. Hauptstück",
  "§ 1 SPG": ["BG.SPG:223-229", "BG.SPG.001:17-22", "§ 1 SPG # Anwendungsbereich"],
  "003": "2. Hauptstück",
  "004": "Organisation der Sicherheitsverwaltung",
  "§ 2 SPG": ["BG.SPG:235-243", "BG.SPG.001:24-32", "§ 2 SPG # Besorgung der Sicherheitsverwaltung"],
  "§ 3 SPG": ["BG.SPG:249-251", "BG.SPG.001:34-37", "§ 3 SPG # Sicherheitspolizei"],
  "§ 4 SPG": ["BG.SPG:257-263", "BG.SPG.001:39-48", "§ 4 SPG # Sicherheitsbehörden"],
  "§ 5 SPG": ["BG.SPG:269-291", "BG.SPG.001:50-79", "§ 5 SPG # Besorgung des Exekutivdienstes"],
  "§ 5a SPG": ["BG.SPG:297-307", "BG.SPG.001:81-94", "§ 5a SPG # Überwachungsgebühren"],
  "§ 5b SPG": ["BG.SPG:313-319", "BG.SPG.001:96-105", "§ 5b SPG # Entrichtung der Überwachungsgebühren"],
  "§ 6 SPG": ["BG.SPG:325-331", "BG.SPG.001:107-116", "§ 6 SPG # Bundesminister für Inneres"],
  "§ 7 SPG": ["BG.SPG:337-347", "BG.SPG.001:118-133", "§ 7 SPG # Landespolizeidirektionen"],
  "§ 8 SPG": ["BG.SPG:353-371", "BG.SPG.001:135-154", "§ 8 SPG # Landespolizeidirektion als Sicherheitsbehörde erster Instanz für das Gebiet einer Gemeinde"],
  "§ 9 SPG": ["BG.SPG:377-385", "BG.SPG.001:156-168", "§ 9 SPG # Bezirksverwaltungsbehörden"],
  "§ 10 SPG": ["BG.SPG:391-399", "BG.SPG.001:170-182", "§ 10 SPG # Polizeikommanden"],
  "§ 11 SPG": ["BG.SPG:405-437", "BG.SPG.001:184-223", "§ 11 SPG # Sicherheitsakademie"],
  "§ 12 SPG": ["BG.SPG:443-449", "BG.SPG.001:225-234", "§ 12 SPG # Geschäftseinteilung und Geschäftsordnung der Landespolizeidirektionen"],
  "§ 13 SPG": ["BG.SPG:455-457", "BG.SPG.001:236-239", "§ 13 SPG # Kanzleiordnung"],
  "§ 13a SPG": ["BG.SPG:463-473", "BG.SPG.001:241-256", "§ 13a SPG # Dokumentation"],
  "§ 13b SPG": ["BG.SPG:479-483", "BG.SPG.001:258-264", "§ 13b SPG # Elektronische Eingaben und Erledigungen (Elektronischer Rechtsverkehr)"],
  "§ 14 SPG": ["BG.SPG:489-499", "BG.SPG.001:266-281", "§ 14 SPG # Örtlicher Wirkungsbereich der Sicherheitsbehörden in Angelegenheiten der Sicherheitspolizei"],
  "§ 14a SPG": ["BG.SPG:505-507", "BG.SPG.001:283-286", "§ 14a SPG # Beschwerden gegen Bescheide"],
  "§ 15 SPG": ["BG.SPG:513-517", "BG.SPG.001:288-294", "§ 15 SPG # Sicherheitspolizeiliche Informationspflicht"],
  "§ 15a SPG": ["BG.SPG:523-531", "BG.SPG.001:296-308", "§ 15a SPG # Sicherheit in Amtsgebäuden"],
  "025": "3. Hauptstück",
  "026": "Begriffsbestimmungen",
  "§ 16 SPG": ["BG.SPG:537-567", "BG.SPG.002:15-46", "§ 16 SPG # Allgemeine Gefahr; gefährlicher Angriff; Gefahrenerforschung"],
  "§ 17 SPG": ["BG.SPG:573-575", "BG.SPG.002:48-51", "§ 17 SPG # Mit beträchtlicher Strafe bedrohte Handlung"],
  "§ 18 SPG": ["BG.SPG:581-583", "BG.SPG.002:53-56", "§ 18 SPG # Rechte und Pflichten juristischer Personen"],
  "030": "2. Teil",
  "031": "Aufgaben der Sicherheitsbehörden auf dem Gebiet der Sicherheitspolizei",
  "032": "1. Hauptstück",
  "§ 19 SPG": ["BG.SPG:589-615", "BG.SPG.002:58-84", "§ 19 SPG # Erste allgemeine Hilfeleistungspflicht"],
  "034": "2. Hauptstück",
  "035": "Aufrechterhaltung der öffentlichen Sicherheit",
  "§ 20 SPG": ["BG.SPG:621-627", "BG.SPG.002:86-91", "§ 20 SPG # Aufgaben im Rahmen der Aufrechterhaltung der öffentlichen Sicherheit"],
  "§ 21 SPG": ["BG.SPG:633-640", "BG.SPG.002:93-103", "§ 21 SPG # Gefahrenabwehr"],
  "§ 22 SPG": ["BG.SPG:646-668", "BG.SPG.002:105-132", "§ 22 SPG # Vorbeugender Schutz von Rechtsgütern"],
  "§ 23 SPG": ["BG.SPG:674-690", "BG.SPG.002:134-152", "§ 23 SPG # Aufschub des Einschreitens"],
  "§ 24 SPG": ["BG.SPG:696-710", "BG.SPG.002:154-170", "§ 24 SPG # Fahndung"],
  "§ 25 SPG": ["BG.SPG:716-724", "BG.SPG.002:172-184", "§ 25 SPG # Sicherheitspolizeiliche Beratung"],
  "§ 26 SPG": ["BG.SPG:730-732", "BG.SPG.002:186-189", "§ 26 SPG # Streitschlichtung"],
  "043": "3. Hauptstück",
  "§ 27 SPG": ["BG.SPG:738-744", "BG.SPG.002:191-199", "§ 27 SPG # Aufrechterhaltung der öffentlichen Ordnung"],
  "045": "4. Hauptstück",
  "§ 27a SPG": ["BG.SPG:750-754", "BG.SPG.002:201-206", "§ 27a SPG # Besonderer Überwachungsdienst"],
  "047": "3. Teil",
  "048": "Befugnisse der Sicherheitsbehörden und der Organe des öffentlichen Sicherheitsdienstes im Rahmen der Sicherheitspolizei",
  "049": "1. Hauptstück",
  "050": "Allgemeines",
  "§ 28 SPG": ["BG.SPG:760-770", "BG.SPG.002:208-213", "§ 28 SPG # Vorrang der Sicherheit von Menschen"],
  "§ 28a SPG": ["BG.SPG:776-782", "BG.SPG.002:215-224", "§ 28a SPG # Sicherheitspolizeiliche Aufgabenerfüllung"],
  "§ 29 SPG": ["BG.SPG:788-802", "BG.SPG.002:226-242", "§ 29 SPG # Verhältnismäßigkeit"],
  "§ 30 SPG": ["BG.SPG:808-820", "BG.SPG.002:244-258", "§ 30 SPG # Rechte des Betroffenen bei der Ausübung von Befugnissen"],
  "§ 31 SPG": ["BG.SPG:826-848", "BG.SPG.002:260-285", "§ 31 SPG # Richtlinien für das Einschreiten"],
  "056": "2. Hauptstück",
  "057": "Befugnisse für die erste allgemeine Hilfeleistungspflicht und die Aufrechterhaltung der öffentlichen Ordnung und Sicherheit",
  "058": "1. Abschnitt",
  "059": "Allgemeine Befugnisse",
  "§ 32 SPG": ["BG.SPG:854-866", "BG.SPG.002:287-295", "§ 32 SPG # Eingriffe in Rechtsgüter im Rahmen der ersten allgemeinen Hilfeleistungspflicht"],
  "§ 33 SPG": ["BG.SPG:872-874", "BG.SPG.002:297-300", "§ 33 SPG # Beendigung gefährlicher Angriffe"],
  "062": "2. Abschnitt",
  "063": "Besondere Befugnisse",
  "§ 34 SPG": ["BG.SPG:880-886", "BG.SPG.003:15-20", "§ 34 SPG # Auskunftsverlangen"],
  "§ 35 SPG": ["BG.SPG:892-928", "BG.SPG.003:22-61", "§ 35 SPG # Identitätsfeststellung"],
  "§ 35a SPG": ["BG.SPG:934-950", "BG.SPG.003:63-84", "§ 35a SPG # Identitätsausweis"],
  "§ 36 SPG": ["BG.SPG:956-964", "BG.SPG.003:86-98", "§ 36 SPG # Platzverbot"],
  "§ 36a SPG": ["BG.SPG:970-978", "BG.SPG.003:100-112", "§ 36a SPG # Schutzzone"],
  "§ 36b SPG": ["BG.SPG:984-990", "BG.SPG.003:114-123", "§ 36b SPG # Waffenverbotszone"],
  "§ 37 SPG": ["BG.SPG:996-1006", "BG.SPG.003:125-136", "§ 37 SPG # Auflösung von Besetzungen"],
  "§ 38 SPG": ["BG.SPG:1012-1024", "BG.SPG.003:138-156", "§ 38 SPG # Wegweisung"],
  "§ 38a SPG": ["BG.SPG:1030-1072", "BG.SPG.003:158-211", "§ 38a SPG # Betretungs- und Annäherungsverbot zum Schutz vor Gewalt"],
  "§ 38b SPG": ["BG.SPG:1078-1086", "BG.SPG.003:213-225", "§ 38b SPG # Meldeverpflichtung zur Normverdeutlichung"],
  "§ 39 SPG": ["BG.SPG:1092-1114", "BG.SPG.003:227-257", "§ 39 SPG # Betreten und Durchsuchen von Grundstücken, Räumen und Fahrzeugen"],
  "§ 40 SPG": ["BG.SPG:1120-1128", "BG.SPG.003:259-271", "§ 40 SPG # Durchsuchung von Menschen"],
  "§ 41 SPG": ["BG.SPG:1134-1148", "BG.SPG.003:273-290", "§ 41 SPG # Besondere Durchsuchungsanordnung"],
  "§ 42 SPG": ["BG.SPG:1154-1174", "BG.SPG.003:292-314", "§ 42 SPG # Sicherstellen von Sachen"],
  "§ 42a SPG": ["BG.SPG:1180-1188", "BG.SPG.003:316-328", "§ 42a SPG # Entgegennahme, Verwahrung und Ausfolgung verlorener oder vergessener Sachen"],
  "§ 43 SPG": ["BG.SPG:1194-1198", "BG.SPG.003:330-336", "§ 43 SPG # Verfall sichergestellter Sachen"],
  "§ 44 SPG": ["BG.SPG:1204-1210", "BG.SPG.003:338-347", "§ 44 SPG # Inanspruchnahme von Sachen"],
  "§ 45 SPG": ["BG.SPG:1216-1234", "BG.SPG.003:349-368", "§ 45 SPG # Eingriffe in die persönliche Freiheit"],
  "§ 47 SPG": ["BG.SPG:1240-1246", "BG.SPG.003:370-379", "§ 47 SPG # Durchführung einer Anhaltung"],
  "§ 48 SPG": ["BG.SPG:1252-1272", "BG.SPG.003:381-405", "§ 48 SPG # Bewachung von Menschen und Sachen"],
  "§ 48a SPG": ["BG.SPG:1278-1280", "BG.SPG.003:407-410", "§ 48a SPG # Anordnung von Überwachungen"],
  "§ 49 SPG": ["BG.SPG:1286-1292", "BG.SPG.003:412-421", "§ 49 SPG # Außerordentliche Anordnungsbefugnis"],
  "086": "3. Abschnitt",
  "087": "Besondere Befugnisse zur Verhinderung von Gewalt und Rassismus bei Sportgroßveranstaltungen",
  "§ 49a SPG": ["BG.SPG:1298-1306", "BG.SPG.004:15-23", "§ 49a SPG # Sicherheitsbereich"],
  "§ 49b SPG": ["BG.SPG:1312-1314", "BG.SPG.004:25-28", "§ 49b SPG # Gefährderansprache"],
  "§ 49c SPG": ["BG.SPG:1320-1334", "BG.SPG.004:30-47", "§ 49c SPG # Präventive Maßnahmen: „Meldeauflage, Belehrung, zwangsweise Vorführung und Anhaltung“"],
  "091": "4. Abschnitt",
  "§ 50 SPG": ["BG.SPG:1340-1350", "BG.SPG.004:49-63", "§ 50 SPG # Unmittelbare Zwangsgewalt"],
  "093": "4. Teil",
  "094": "Verarbeiten personenbezogener Daten im Rahmen der Sicherheitspolizei",
  "095": "1. Hauptstück",
  "§ 51 SPG": ["BG.SPG:1356-1370", "BG.SPG.004:65-79", "§ 51 SPG # Allgemeines"],
  "097": "2. Hauptstück",
  "098": "Ermittlungsdienst",
  "§ 52 SPG": ["BG.SPG:1376-1382", "BG.SPG.005:15-20", "§ 52 SPG # Aufgabenbezogenheit"],
  "§ 53 SPG": ["BG.SPG:1388-1442", "BG.SPG.005:22-83", "§ 53 SPG # Zulässigkeit der Verarbeitung"],
  "§ 53a SPG": ["BG.SPG:1448-1504", "BG.SPG.005:85-148", "§ 53a SPG # Datenverarbeitungen der Sicherheitsbehörden"],
  "§ 53b SPG": ["BG.SPG:1510-1512", "BG.SPG.005:150-153", "§ 53b SPG # Zulässigkeit der Verarbeitung durch Fundbehörden"],
  "§ 54 SPG": ["BG.SPG:1518-1553", "BG.SPG.005:155-203", "§ 54 SPG # Besondere Bestimmungen für die Ermittlung"],
  "§ 54a SPG": ["BG.SPG:1559-1565", "BG.SPG.005:205-214", "§ 54a SPG # Legende"],
  "§ 54b SPG": ["BG.SPG:1571-1577", "BG.SPG.005:216-225", "§ 54b SPG # Vertrauenspersonenevidenz"],
  "§ 55 SPG": ["BG.SPG:1583-1597", "BG.SPG.005:227-245", "§ 55 SPG # Sicherheitsüberprüfung"],
  "§ 55a SPG": ["BG.SPG:1603-1627", "BG.SPG.005:247-275", "§ 55a SPG # Fälle der Sicherheitsüberprüfung"],
  "§ 55b SPG": ["BG.SPG:1633-1643", "BG.SPG.005:277-292", "§ 55b SPG # Durchführung der Sicherheitsüberprüfung"],
  "§ 55c SPG": ["BG.SPG:1649-1655", "BG.SPG.005:294-301", "§ 55c SPG # Geheimschutzordnung"],
  "§ 56 SPG": ["BG.SPG:1661-1704", "BG.SPG.005:303-348", "§ 56 SPG # Zulässigkeit der Übermittlung"],
  "§ 57 SPG": ["BG.SPG:1710-1747", "BG.SPG.005:350-390", "§ 57 SPG # Zentrale Informationssammlung; Zulässigkeit der Ermittlung, Verarbeitung und Übermittlung"],
  "§ 58 SPG": ["BG.SPG:1753-1782", "BG.SPG.005:392-422", "§ 58 SPG # Zentrale Informationssammlung; Sperren des Zugriffes und Löschen"],
  "§ 58a SPG": ["BG.SPG:1788-1790", "BG.SPG.005:424-427", "§ 58a SPG # Sicherheitsmonitor"],
  "§ 58b SPG": ["BG.SPG:1796-1804", "BG.SPG.005:429-441", "§ 58b SPG # Vollzugsverwaltung"],
  "§ 58c SPG": ["BG.SPG:1810-1816", "BG.SPG.005:443-452", "§ 58c SPG # Zentrale Gewaltschutzdatei"],
  "§ 58d SPG": ["BG.SPG:1822-1860", "BG.SPG.005:454-494", "§ 58d SPG # Zentrale Analysedatei über mit beträchtlicher Strafe bedrohte Gewaltdelikte, insbesondere sexuell motivierte Straftaten"],
  "§ 58e SPG": ["BG.SPG:1866-1874", "BG.SPG.005:496-508", "§ 58e SPG # Zentrale Datenverarbeitung zur Einsatzunterstützung"],
  "§ 59 SPG": ["BG.SPG:1880-1885", "BG.SPG.005:510-517", "§ 59 SPG # Richtigstellung, Aktualisierung und Protokollierung bei Datenverarbeitungen gemeinsam Verantwortlicher"],
  "§ 60 SPG": ["BG.SPG:1891-1899", "BG.SPG.005:519-530", "§ 60 SPG # Verwaltungsstrafevidenz"],
  "§ 61 SPG": ["BG.SPG:1905-1907", "BG.SPG.005:532-535", "§ 61 SPG # Zulässigkeit der Aktualisierung"],
  "§ 63 SPG": ["BG.SPG:1913-1919", "BG.SPG.005:537-546", "§ 63 SPG # Pflicht zur Richtigstellung, Löschung und Protokollierung"],
  "122": "3. Hauptstück",
  "123": "Erkennungsdienst",
  "§ 64 SPG": ["BG.SPG:1925-1941", "BG.SPG.006:15-35", "§ 64 SPG # Begriffsbestimmungen"],
  "§ 65 SPG": ["BG.SPG:1947-1958", "BG.SPG.006:37-53", "§ 65 SPG # Erkennungsdienstliche Behandlung"],
  "§ 65a SPG": ["BG.SPG:1964-1966", "BG.SPG.006:55-58", "§ 65a SPG # Erkennungsdienstliche Maßnahmen zur Auffindung Abgängiger"],
  "§ 66 SPG": ["BG.SPG:1972-1976", "BG.SPG.006:60-66", "§ 66 SPG # Erkennungsdienstliche Maßnahmen an Leichen"],
  "§ 67 SPG": ["BG.SPG:1982-1990", "BG.SPG.006:68-80", "§ 67 SPG # DNA-Untersuchungen"],
  "§ 68 SPG": ["BG.SPG:1996-2006", "BG.SPG.006:82-97", "§ 68 SPG # Erkennungsdienstliche Maßnahmen auf Antrag oder mit Einwilligung des Betroffenen"],
  "§ 69 SPG": ["BG.SPG:2012-2016", "BG.SPG.006:99-105", "§ 69 SPG # Vermeidung von Verwechslungen"],
  "§ 70 SPG": ["BG.SPG:2022-2024", "BG.SPG.006:107-110", "§ 70 SPG # Spurenausscheidungsevidenz"],
  "§ 71 SPG": ["BG.SPG:2030-2051", "BG.SPG.006:112-137", "§ 71 SPG # Übermittlung erkennungsdienstlicher Daten"],
  "§ 72 SPG": ["BG.SPG:2057-2059", "BG.SPG.006:139-142", "§ 72 SPG # Übermittlung erkennungsdienstlicher Daten zu wissenschaftlichen Zwecken"],
  "§ 73 SPG": ["BG.SPG:2065-2091", "BG.SPG.006:144-177", "§ 73 SPG # Löschen erkennungsdienstlicher Daten von Amts wegen"],
  "§ 74 SPG": ["BG.SPG:2097-2101", "BG.SPG.006:179-185", "§ 74 SPG # Löschen erkennungsdienstlicher Daten auf Antrag des Betroffenen"],
  "§ 75 SPG": ["BG.SPG:2107-2113", "BG.SPG.006:187-196", "§ 75 SPG # Zentrale erkennungsdienstliche Evidenz"],
  "§ 76 SPG": ["BG.SPG:2119-2129", "BG.SPG.006:198-213", "§ 76 SPG # Besondere Behördenzuständigkeit"],
  "§ 77 SPG": ["BG.SPG:2135-2143", "BG.SPG.006:215-227", "§ 77 SPG # Verfahren"],
  "§ 78 SPG": ["BG.SPG:2149-2151", "BG.SPG.006:229-232", "§ 78 SPG # Ausübung unmittelbarer Zwangsgewalt"],
  "§ 79 SPG": ["BG.SPG:2157-2161", "BG.SPG.006:234-240", "§ 79 SPG # Besondere Verfahrensvorschriften"],
  "§ 80 SPG": ["BG.SPG:2167-2171", "BG.SPG.006:242-248", "§ 80 SPG # Auskunftsrecht"],
  "142": "5. Teil",
  "143": "Strafbestimmungen",
  "§ 81 SPG": ["BG.SPG:2177-2203", "BG.SPG.007:15-46", "§ 81 SPG # Störung der öffentlichen Ordnung"],
  "§ 82 SPG": ["BG.SPG:2209-2213", "BG.SPG.007:48-54", "§ 82 SPG # Aggressives Verhalten gegenüber Organen der öffentlichen Aufsicht oder gegenüber militärischen Organen im Wachdienst"],
  "§ 83 SPG": ["BG.SPG:2219-2223", "BG.SPG.007:56-62", "§ 83 SPG # Begehung einer Verwaltungsübertretung in einem die Zurechnungsfähigkeit ausschließenden Rauschzustand"],
  "§ 83a SPG": ["BG.SPG:2229-2233", "BG.SPG.007:64-70", "§ 83a SPG # Unbefugtes Tragen von Uniformen"],
  "§ 83b SPG": ["BG.SPG:2239-2243", "BG.SPG.007:72-78", "§ 83b SPG # Unbefugtes Verwenden geschützter grafischer Darstellungen der Sicherheitsbehörden und Polizeikommanden"],
  "§ 84 SPG": ["BG.SPG:2249-2283", "BG.SPG.007:80-116", "§ 84 SPG # Sonstige Verwaltungsübertretungen"],
  "§ 85 SPG": ["BG.SPG:2289-2291", "BG.SPG.007:118-121", "§ 85 SPG # Subsidiarität"],
  "§ 86 SPG": ["BG.SPG:2297-2301", "BG.SPG.007:123-129", "§ 86 SPG # Verwaltungsstrafbehörden"],
  "152": "6. Teil",
  "153": "Rechtsschutz",
  "154": "1. Abschnitt Subjektiver Rechtsschutz",
  "§ 87 SPG": ["BG.SPG:2307-2315", "BG.SPG.007:131-136", "§ 87 SPG # Recht auf Gesetzmäßigkeit sicherheitspolizeilicher Maßnahmen"],
  "§ 88 SPG": ["BG.SPG:2321-2330", "BG.SPG.007:138-151", "§ 88 SPG # Beschwerden wegen Verletzung subjektiver Rechte"],
  "§ 89 SPG": ["BG.SPG:2336-2345", "BG.SPG.007:153-166", "§ 89 SPG # Beschwerden wegen Verletzung von Richtlinien für das Einschreiten"],
  "§ 90 SPG": ["BG.SPG:2351-2353", "BG.SPG.007:168-171", "§ 90 SPG # Beschwerden wegen Verletzung der Bestimmungen über den Datenschutz"],
  "159": "2. Abschnitt",
  "160": "Objektiver Rechtsschutz",
  "§ 91 SPG": ["BG.SPG:2359-2369", "BG.SPG.007:173-184", "§ 91 SPG # Amtsbeschwerde, Eintrittsrecht und Revision"],
  "162": "3. Abschnitt",
  "163": "Rechtsschutzbeauftragter",
  "§ 91a SPG": ["BG.SPG:2375-2385", "BG.SPG.007:186-197", "§ 91a SPG # Rechtsschutzbeauftragter"],
  "§ 91b SPG": ["BG.SPG:2391-2397", "BG.SPG.007:199-208", "§ 91b SPG # Organisation"],
  "§ 91c SPG": ["BG.SPG:2403-2409", "BG.SPG.007:210-219", "§ 91c SPG # Befassung des Rechtsschutzbeauftragten"],
  "§ 91d SPG": ["BG.SPG:2415-2423", "BG.SPG.007:221-233", "§ 91d SPG # Rechte und Pflichten des Rechtsschutzbeauftragten"],
  "168": "7. Teil",
  "169": "Entschädigung und Kostenersatzpflicht",
  "§ 92 SPG": ["BG.SPG:2429-2443", "BG.SPG.007:235-247", "§ 92 SPG # Entschädigung"],
  "§ 92a SPG": ["BG.SPG:2449-2461", "BG.SPG.007:249-263", "§ 92a SPG # Kostenersatzpflicht"],
  "172": "8. Teil",
  "173": "Informationspflichten",
  "§ 93 SPG": ["BG.SPG:2467-2475", "BG.SPG.007:265-273", "§ 93 SPG # Sicherheitsbericht"],
  "§ 93a SPG": ["BG.SPG:2481-2487", "BG.SPG.007:275-284", "§ 93a SPG # Informationspflicht bei Bildaufnahmen an öffentlichen Orten"],
  "176": "9. Teil",
  "177": "Schlußbestimmungen",
  "§ 94 SPG": ["BG.SPG:2493-2616", "BG.SPG.008:15-193", "§ 94 SPG # Inkrafttreten"],
  "§ 94a SPG": ["BG.SPG:2622-2624", "BG.SPG.008:195-198", "§ 94a SPG # Sprachliche Gleichbehandlung"],
  "§ 95 SPG": ["BG.SPG:2630-2632", "BG.SPG.008:200-203", "§ 95 SPG # Verweisungen"],
  "§ 96 SPG": ["BG.SPG:2638-2662", "BG.SPG.008:205-239", "§ 96 SPG # Übergangsbestimmungen"],
  "§ 97 SPG": ["BG.SPG:2668-2692", "BG.SPG.008:241-267", "§ 97 SPG # Außerkrafttreten"],
  "§ 98 SPG": ["BG.SPG:2698-2702", "BG.SPG.008:269-275", "§ 98 SPG # Vollziehung"]
}
