{
  "000": "1. ABSCHNITT",
  "001": "ALLGEMEINE BESTIMMUNGEN",
  "§ 1 SchUG": ["BG.SchUG:198-206", "BG.SchUG.001:16-24", "§ 1 SchUG # Geltungsbereich"],
  "§ 2 SchUG": ["BG.SchUG:212-214", "BG.SchUG.001:26-29", "§ 2 SchUG # Erfüllung der Aufgabe der österreichischen Schule"],
  "§ 2a SchUG": ["BG.SchUG:220-222", "BG.SchUG.001:31-34", "§ 2a SchUG # Personenbezogene Bezeichnungen"],
  "§ 2b SchUG": ["BG.SchUG:228-238", "BG.SchUG.001:36-51", "§ 2b SchUG # Begriffsbestimmungen"],
  "006": "2. ABSCHNITT",
  "007": "AUFNAHME IN DIE SCHULE",
  "§ 3 SchUG": ["BG.SchUG:244-291", "BG.SchUG.001:53-105", "§ 3 SchUG # Aufnahme als ordentlicher Schüler"],
  "§ 4 SchUG": ["BG.SchUG:297-325", "BG.SchUG.001:107-142", "§ 4 SchUG # Aufnahme als außerordentlicher Schüler"],
  "§ 5 SchUG": ["BG.SchUG:331-342", "BG.SchUG.001:144-160", "§ 5 SchUG # Aufnahmsverfahren"],
  "011": "3. ABSCHNITT",
  "012": "AUFNAHMS- UND EIGNUNGSPRÜFUNGEN",
  "§ 6 SchUG": ["BG.SchUG:348-356", "BG.SchUG.001:162-170", "§ 6 SchUG # Berechtigung zur Ablegung der Aufnahms- und Eignungsprüfungen"],
  "§ 7 SchUG": ["BG.SchUG:362-369", "BG.SchUG.001:172-182", "§ 7 SchUG # Durchführung der Aufnahms- und Eignungsprüfungen"],
  "§ 8 SchUG": ["BG.SchUG:375-385", "BG.SchUG.001:184-199", "§ 8 SchUG # Prüfungsergebnis"],
  "016": "4. ABSCHNITT",
  "017": "UNTERRICHTSORDNUNG",
  "§ 9 SchUG": ["BG.SchUG:391-409", "BG.SchUG.002:15-38", "§ 9 SchUG # Klassen- und Gruppenbildung, Klassenzuweisung, Lehrfächerverteilung"],
  "§ 10 SchUG": ["BG.SchUG:415-421", "BG.SchUG.002:40-49", "§ 10 SchUG # Stundenplan"],
  "§ 11 SchUG": ["BG.SchUG:427-461", "BG.SchUG.002:51-97", "§ 11 SchUG # Pflichtgegenstände und verbindliche Übungen"],
  "§ 12 SchUG": ["BG.SchUG:467-493", "BG.SchUG.002:99-137", "§ 12 SchUG # Freigegenstände, unverbindliche Übungen und Förderunterricht"],
  "§ 12a SchUG": ["BG.SchUG:499-521", "BG.SchUG.002:139-164", "§ 12a SchUG # Betreuungsteil"],
  "§ 13 SchUG": ["BG.SchUG:527-553", "BG.SchUG.002:166-196", "§ 13 SchUG # Schulveranstaltungen"],
  "§ 13a SchUG": ["BG.SchUG:559-573", "BG.SchUG.002:198-214", "§ 13a SchUG # Schulbezogene Veranstaltungen"],
  "§ 13b SchUG": ["BG.SchUG:579-587", "BG.SchUG.002:216-228", "§ 13b SchUG # Individuelle Berufs(bildungs)orientierung"],
  "§ 14 SchUG": ["BG.SchUG:593-611", "BG.SchUG.002:230-257", "§ 14 SchUG # Unterrichtsmittel"],
  "§ 14a SchUG": ["BG.SchUG:617-623", "BG.SchUG.002:259-268", "§ 14a SchUG # IKT-gestützter Unterricht"],
  "§ 15 SchUG": ["BG.SchUG:629-653", "BG.SchUG.002:270-297", "§ 15 SchUG # Eignungserklärung von Unterrichtsmitteln"],
  "§ 16 SchUG": ["BG.SchUG:659-665", "BG.SchUG.002:299-308", "§ 16 SchUG # Unterrichtssprache"],
  "030": "5. ABSCHNITT",
  "031": "UNTERRICHTSARBEIT UND SCHÜLERBEURTEILUNG",
  "§ 17 SchUG": ["BG.SchUG:671-696", "BG.SchUG.003:15-44", "§ 17 SchUG # Unterrichtsarbeit"],
  "§ 18 SchUG": ["BG.SchUG:702-743", "BG.SchUG.003:46-102", "§ 18 SchUG # Leistungsbeurteilung"],
  "§ 18a SchUG": ["BG.SchUG:749-763", "BG.SchUG.003:104-125", "§ 18a SchUG # Alternative Leistungsbeurteilung und Leistungsinformation in der Volks- und Sonderschule"],
  "§ 18b SchUG": ["BG.SchUG:769-773", "BG.SchUG.003:127-133", "§ 18b SchUG # Leistungsfeststellung und Leistungsbeurteilung mittels elektronischer Kommunikation"],
  "§ 19 SchUG": ["BG.SchUG:779-803", "BG.SchUG.003:135-171", "§ 19 SchUG # Information der Schülerinnen und Schüler, deren Erziehungsberechtigten und der Lehrberechtigten"],
  "§ 19a SchUG": ["BG.SchUG:809-815", "BG.SchUG.003:173-182", "§ 19a SchUG # Individuelle Lernbegleitung"],
  "§ 20 SchUG": ["BG.SchUG:821-854", "BG.SchUG.003:184-228", "§ 20 SchUG # Leistungsbeurteilung für eine Schulstufe"],
  "§ 21 SchUG": ["BG.SchUG:860-868", "BG.SchUG.003:230-242", "§ 21 SchUG # Beurteilung des Verhaltens in der Schule"],
  "§ 22 SchUG": ["BG.SchUG:874-939", "BG.SchUG.003:244-319", "§ 22 SchUG # Jahreszeugnis, Abschlußzeugnis, Schulbesuchsbestätigung"],
  "§ 22a SchUG": ["BG.SchUG:945-1000", "BG.SchUG.003:321-383", "§ 22a SchUG # Semesterzeugnis"],
  "§ 22b SchUG": ["BG.SchUG:1006-1024", "BG.SchUG.003:385-405", "§ 22b SchUG # Besuch von Unterrichtsgegenständen eines anderen Semesters oder einer anderen Schulstufe"],
  "§ 23 SchUG": ["BG.SchUG:1030-1058", "BG.SchUG.003:407-444", "§ 23 SchUG # Wiederholungsprüfung"],
  "§ 23a SchUG": ["BG.SchUG:1064-1094", "BG.SchUG.003:446-486", "§ 23a SchUG # Semesterprüfung"],
  "§ 23b SchUG": ["BG.SchUG:1100-1132", "BG.SchUG.003:488-528", "§ 23b SchUG # Semesterprüfung über noch nicht besuchte Unterrichtsgegenstände"],
  "§ 24 SchUG": ["BG.SchUG:1138-1142", "BG.SchUG.003:530-536", "§ 24 SchUG # Anwendung auf nicht schulpflichtige außerordentliche Schüler"],
  "047": "6. ABSCHNITT",
  "048": "AUFSTEIGEN, WIEDERHOLEN VON SCHULSTUFEN",
  "§ 25 SchUG": ["BG.SchUG:1148-1192", "BG.SchUG.004:15-72", "§ 25 SchUG # Aufsteigen"],
  "§ 26 SchUG": ["BG.SchUG:1198-1206", "BG.SchUG.004:74-86", "§ 26 SchUG # Begabungsförderung – Überspringen von Schulstufen"],
  "§ 26a SchUG": ["BG.SchUG:1212-1234", "BG.SchUG.004:88-111", "§ 26a SchUG # Begabungsförderung – Überspringen an den „Nahtstellen“"],
  "§ 27 SchUG": ["BG.SchUG:1240-1256", "BG.SchUG.004:113-134", "§ 27 SchUG # Wiederholen von Schulstufen"],
  "§ 28 SchUG": ["BG.SchUG:1262-1279", "BG.SchUG.004:136-157", "§ 28 SchUG # Aufnahme in die 1. Stufe einer Mittelschule, einer mittleren oder einer höheren Schule"],
  "§ 29 SchUG": ["BG.SchUG:1285-1309", "BG.SchUG.004:159-195", "§ 29 SchUG # Übertritt in eine andere Schulart oder eine andere Form oder Fachrichtung einer Schulart"],
  "§ 30 SchUG": ["BG.SchUG:1315-1333", "BG.SchUG.004:197-220", "§ 30 SchUG # Wechsel von der semestrierten Oberstufe"],
  "§ 30a SchUG": ["BG.SchUG:1339-1349", "BG.SchUG.004:222-235", "§ 30a SchUG # Wechsel in die semestrierte Oberstufe"],
  "§ 31 SchUG": ["BG.SchUG:1355-1359", "BG.SchUG.004:237-243", "§ 31 SchUG # Übertritt von Schülern mittlerer berufsbildender Schulen in höhere berufsbildende Schulen"],
  "§ 31a SchUG": ["BG.SchUG:1365-1387", "BG.SchUG.004:245-270", "§ 31a SchUG # Differenzierungsmaßnahmen"],
  "§ 31b SchUG": ["BG.SchUG:1393-1413", "BG.SchUG.004:272-298", "§ 31b SchUG # Zuordnung zu Leistungsniveaus in Pflichtgegenständen mit Leistungsdifferenzierung"],
  "§ 31c SchUG": ["BG.SchUG:1419-1423", "BG.SchUG.004:300-305", "§ 31c SchUG # Teilnahme am Unterricht in einer anderen Schulstufe an Sonderschulen"],
  "061": "7. Abschnitt",
  "062": "Mindest- und Höchstdauer sowie Beendigung des Schulbesuches",
  "§ 31e SchUG": ["BG.SchUG:1429-1440", "BG.SchUG.005:15-27", "§ 31e SchUG # Mindestdauer des Schulbesuches"],
  "§ 32 SchUG": ["BG.SchUG:1446-1468", "BG.SchUG.005:29-62", "§ 32 SchUG # Höchstdauer des Schulbesuches"],
  "§ 33 SchUG": ["BG.SchUG:1474-1508", "BG.SchUG.005:64-107", "§ 33 SchUG # Beendigung des Schulbesuches"],
  "066": "8. Abschnitt",
  "067": "Abschließende Prüfungen, Externistenprüfungen",
  "§ 34 SchUG": ["BG.SchUG:1514-1542", "BG.SchUG.006:15-46", "§ 34 SchUG # Form und Umfang der abschließenden Prüfungen"],
  "§ 35 SchUG": ["BG.SchUG:1548-1580", "BG.SchUG.006:48-83", "§ 35 SchUG # Prüfungskommission"],
  "§ 36 SchUG": ["BG.SchUG:1586-1628", "BG.SchUG.006:85-130", "§ 36 SchUG # Prüfungstermine"],
  "§ 36a SchUG": ["BG.SchUG:1634-1650", "BG.SchUG.006:132-151", "§ 36a SchUG # Zulassung zur Prüfung"],
  "§ 37 SchUG": ["BG.SchUG:1656-1684", "BG.SchUG.006:153-190", "§ 37 SchUG # Prüfungsgebiete, Aufgabenstellungen, Prüfungsvorgang"],
  "§ 38 SchUG": ["BG.SchUG:1690-1710", "BG.SchUG.006:192-218", "§ 38 SchUG # Beurteilung der Leistungen bei der Prüfung"],
  "§ 39 SchUG": ["BG.SchUG:1716-1740", "BG.SchUG.006:220-247", "§ 39 SchUG # Prüfungszeugnisse"],
  "§ 40 SchUG": ["BG.SchUG:1746-1754", "BG.SchUG.006:249-261", "§ 40 SchUG # Wiederholung von Teilprüfungen bzw. von Prüfungsgebieten"],
  "§ 41 SchUG": ["BG.SchUG:1760-1766", "BG.SchUG.006:263-272", "§ 41 SchUG # Zusatzprüfungen"],
  "§ 42 SchUG": ["BG.SchUG:1772-1804", "BG.SchUG.006:274-322", "§ 42 SchUG # Externistenprüfungen"],
  "078": "9. ABSCHNITT",
  "079": "SCHULORDNUNG",
  "§ 43 SchUG": ["BG.SchUG:1810-1818", "BG.SchUG.007:15-23", "§ 43 SchUG # Pflichten der Schüler"],
  "§ 44 SchUG": ["BG.SchUG:1824-1858", "BG.SchUG.007:25-62", "§ 44 SchUG # Gestaltung des Schullebens, Sicherheit in der Schule einschließlich Kinderschutz und Qualitätssicherung"],
  "§ 44a SchUG": ["BG.SchUG:1864-1872", "BG.SchUG.007:64-74", "§ 44a SchUG # Beaufsichtigung von Schülern durch Nichtlehrer (-erzieher, -freizeitpädagogen)"],
  "§ 45 SchUG": ["BG.SchUG:1878-1904", "BG.SchUG.007:76-109", "§ 45 SchUG # Fernbleiben von der Schule"],
  "§ 46 SchUG": ["BG.SchUG:1910-1916", "BG.SchUG.007:111-120", "§ 46 SchUG # Sammlungen in der Schule, Teilnahme an schulfremden Veranstaltungen, schulfremde Werbung"],
  "§ 47 SchUG": ["BG.SchUG:1922-1930", "BG.SchUG.007:122-134", "§ 47 SchUG # Mitwirkung der Schule an der Erziehung"],
  "§ 48 SchUG": ["BG.SchUG:1936-1938", "BG.SchUG.007:136-139", "§ 48 SchUG # Verständigungspflichten der Schule"],
  "§ 49 SchUG": ["BG.SchUG:1944-1962", "BG.SchUG.007:141-168", "§ 49 SchUG # Ausschluß eines Schülers"],
  "§ 50 SchUG": ["BG.SchUG:1968-1970", "BG.SchUG.007:170-173", "§ 50 SchUG # Anwendung auf nicht schulpflichtige außerordentliche Schüler"],
  "089": "10. ABSCHNITT",
  "090": "FUNKTIONEN DES LEHRERS; LEHRERKONFERENZEN",
  "§ 51 SchUG": ["BG.SchUG:1976-1986", "BG.SchUG.008:15-26", "§ 51 SchUG # Lehrer"],
  "§ 52 SchUG": ["BG.SchUG:1992-1994", "BG.SchUG.008:28-31", "§ 52 SchUG # Kustos"],
  "§ 53 SchUG": ["BG.SchUG:2000-2002", "BG.SchUG.008:33-36", "§ 53 SchUG # Werkstättenleiter und Bauhofleiter"],
  "§ 54 SchUG": ["BG.SchUG:2008-2016", "BG.SchUG.008:38-50", "§ 54 SchUG # Klassenvorstand"],
  "§ 54a SchUG": ["BG.SchUG:2022-2040", "BG.SchUG.008:52-71", "§ 54a SchUG # Fachkoordinator"],
  "§ 55 SchUG": ["BG.SchUG:2046-2057", "BG.SchUG.008:73-87", "§ 55 SchUG # Abteilungsvorstand und Fachvorstand"],
  "§ 55a SchUG": ["BG.SchUG:2063-2069", "BG.SchUG.008:89-98", "§ 55a SchUG # Erzieher"],
  "§ 55b SchUG": ["BG.SchUG:2075-2081", "BG.SchUG.008:100-109", "§ 55b SchUG # Freizeitpädagoge"],
  "§ 55c SchUG": ["BG.SchUG:2087-2095", "BG.SchUG.008:111-123", "§ 55c SchUG # Lernbegleiter"],
  "§ 55d SchUG": ["BG.SchUG:2101-2111", "BG.SchUG.008:125-136", "§ 55d SchUG # Bereichsleiter, Bereichsleiterin"],
  "§ 56 SchUG": ["BG.SchUG:2117-2135", "BG.SchUG.008:138-165", "§ 56 SchUG # Schulleitung, Schulcluster-Leitung"],
  "§ 57 SchUG": ["BG.SchUG:2141-2151", "BG.SchUG.008:167-182", "§ 57 SchUG # Lehrerkonferenzen"],
  "103": "11. ABSCHNITT",
  "104": "SCHULE UND SCHÜLER",
  "§ 57a SchUG": ["BG.SchUG:2157-2165", "BG.SchUG.009:15-22", "§ 57a SchUG # Rechte der Schüler"],
  "§ 57b SchUG": ["BG.SchUG:2171-2181", "BG.SchUG.009:24-39", "§ 57b SchUG # Schülerinnen- bzw. Schülerkarte"],
  "§ 58 SchUG": ["BG.SchUG:2187-2221", "BG.SchUG.009:41-79", "§ 58 SchUG # Schülermitverwaltung"],
  "§ 59 SchUG": ["BG.SchUG:2227-2255", "BG.SchUG.009:81-113", "§ 59 SchUG # Schülervertreter; Versammlung der Schülervertreter"],
  "§ 59a SchUG": ["BG.SchUG:2261-2305", "BG.SchUG.009:115-171", "§ 59a SchUG # Wahl und Abwahl der Schülervertreter"],
  "§ 59b SchUG": ["BG.SchUG:2311-2317", "BG.SchUG.009:173-182", "§ 59b SchUG # Schülervertreterstunden"],
  "111": "12. ABSCHNITT",
  "112": "SCHULE UND ERZIEHUNGSBERECHTIGTE",
  "§ 60 SchUG": ["BG.SchUG:2323-2331", "BG.SchUG.009:184-192", "§ 60 SchUG # Erziehungsberechtigte"],
  "§ 61 SchUG": ["BG.SchUG:2337-2363", "BG.SchUG.009:194-223", "§ 61 SchUG # Rechte und Pflichten der Erziehungsberechtigten"],
  "§ 62 SchUG": ["BG.SchUG:2369-2375", "BG.SchUG.009:225-234", "§ 62 SchUG # Beratung zwischen Lehrern und Erziehungsberechtigten"],
  "§ 63 SchUG": ["BG.SchUG:2381-2389", "BG.SchUG.009:236-248", "§ 63 SchUG # Elternvereine"],
  "117": "13. ABSCHNITT",
  "118": "LEHRER, SCHÜLER UND ERZIEHUNGSBERECHTIGTE",
  "§ 63a SchUG": ["BG.SchUG:2395-2483", "BG.SchUG.010:15-116", "§ 63a SchUG # Klassen- und Schulforum"],
  "§ 64 SchUG": ["BG.SchUG:2489-2572", "BG.SchUG.010:118-219", "§ 64 SchUG # Schulgemeinschaftsausschuss"],
  "§ 64a SchUG": ["BG.SchUG:2578-2617", "BG.SchUG.010:221-272", "§ 64a SchUG # Schulclusterbeirat"],
  "122": "14. ABSCHNITT",
  "123": "ERWEITERTE SCHULGEMEINSCHAFT",
  "§ 65 SchUG": ["BG.SchUG:2623-2631", "BG.SchUG.011:15-23", "§ 65 SchUG # Berufsbildendes Schulwesen und Wirtschaftsleben"],
  "§ 65a SchUG": ["BG.SchUG:2637-2641", "BG.SchUG.011:25-31", "§ 65a SchUG # Schulkooperationen"],
  "126": "15. ABSCHNITT",
  "127": "SCHULÄRZTLICHE BETREUUNG",
  "§ 66 SchUG": ["BG.SchUG:2647-2657", "BG.SchUG.011:33-44", "§ 66 SchUG # Schulärztin, Schularzt"],
  "§ 66a SchUG": ["BG.SchUG:2663-2679", "BG.SchUG.011:46-64", "§ 66a SchUG # Gesundheitsvorsorge für die schulbesuchende Jugend"],
  "§ 66b SchUG": ["BG.SchUG:2685-2689", "BG.SchUG.011:66-72", "§ 66b SchUG # Ausübung ärztlicher Tätigkeiten nach § 50a Abs. 1 des Ärztegesetzes 1998 durch Lehrpersonen"],
  "131": "16. ABSCHNITT",
  "132": "VERFAHRENSBESTIMMUNGEN",
  "§ 67 SchUG": ["BG.SchUG:2695-2701", "BG.SchUG.012:15-20", "§ 67 SchUG # Vertretung durch die Erziehungsberechtigten"],
  "§ 68 SchUG": ["BG.SchUG:2707-2757", "BG.SchUG.012:22-73", "§ 68 SchUG # Handlungsfähigkeit des minderjährigen Schülers"],
  "§ 69 SchUG": ["BG.SchUG:2763-2765", "BG.SchUG.012:75-78", "§ 69 SchUG # Untätigbleiben der minderjährigen Schülerin oder des minderjährigen Schülers"],
  "§ 70 SchUG": ["BG.SchUG:2771-2815", "BG.SchUG.012:80-129", "§ 70 SchUG # Verfahren"],
  "§ 70a SchUG": ["BG.SchUG:2821-2829", "BG.SchUG.012:131-143", "§ 70a SchUG # Elektronische Kommunikation"],
  "§ 71 SchUG": ["BG.SchUG:2835-2889", "BG.SchUG.012:145-205", "§ 71 SchUG # Provisorialverfahren (Widerspruch)"],
  "§ 72 SchUG": ["BG.SchUG:2895-2903", "BG.SchUG.012:207-218", "§ 72 SchUG # Zustellung"],
  "§ 72a SchUG": ["BG.SchUG:2909-2915", "BG.SchUG.012:220-229", "§ 72a SchUG # Elektronische Zustellungen und Urkundenarchiv"],
  "§ 73 SchUG": ["BG.SchUG:2921-2933", "BG.SchUG.012:231-249", "§ 73 SchUG # Entscheidungspflicht"],
  "§ 74 SchUG": ["BG.SchUG:2939-2951", "BG.SchUG.012:251-269", "§ 74 SchUG # Fristberechnung"],
  "§ 75 SchUG": ["BG.SchUG:2957-2981", "BG.SchUG.012:271-304", "§ 75 SchUG # Nostrifikation ausländischer Zeugnisse"],
  "§ 76 SchUG": ["BG.SchUG:2987-3003", "BG.SchUG.012:306-327", "§ 76 SchUG # Ersatzbestätigungen für verlorene Zeugnisse"],
  "§ 77 SchUG": ["BG.SchUG:3009-3037", "BG.SchUG.012:329-362", "§ 77 SchUG # Klassenbücher"],
  "§ 77a SchUG": ["BG.SchUG:3043-3095", "BG.SchUG.012:364-418", "§ 77a SchUG # Formblätter und Datenmuster; Aufbewahrung von Protokollen und Aufzeichnungen"],
  "147": "17. ABSCHNITT",
  "148": "SCHLUSSBESTIMMUNGEN",
  "§ 78 SchUG": ["BG.SchUG:3101-3107", "BG.SchUG.013:15-20", "§ 78 SchUG # Schulversuche"],
  "§ 79 SchUG": ["BG.SchUG:3113-3121", "BG.SchUG.013:22-33", "§ 79 SchUG # Kundmachung von Verordnungen"],
  "§ 80 SchUG": ["BG.SchUG:3127-3131", "BG.SchUG.013:35-40", "§ 80 SchUG # Freiheit von Stempelgebühren und Verwaltungsabgaben"],
  "§ 80a SchUG": ["BG.SchUG:3137-3139", "BG.SchUG.013:42-45", "§ 80a SchUG # Geltung und Wirksamkeit anderer Rechtsvorschriften"],
  "§ 81 SchUG": ["BG.SchUG:3145-3163", "BG.SchUG.013:47-68", "§ 81 SchUG # Außerkrafttreten bisheriger Vorschriften"],
  "§ 82 SchUG": ["BG.SchUG:3169-3504", "BG.SchUG.013:70-457", "§ 82 SchUG # Inkrafttreten"],
  "§ 82a SchUG": ["BG.SchUG:3510-3512", "BG.SchUG.013:459-462", "§ 82a SchUG # Sonderbestimmung zu § 33"],
  "§ 82b SchUG": ["BG.SchUG:3518-3524", "BG.SchUG.013:464-472", "§ 82b SchUG # Übergangsrecht zum 8. Abschnitt"],
  "§ 82c SchUG": ["BG.SchUG:3530-3548", "BG.SchUG.013:474-493", "§ 82c SchUG # Übergangsrecht betreffend die semestrierte Oberstufe"],
  "§ 82d SchUG": ["BG.SchUG:3554-3562", "BG.SchUG.013:495-505", "§ 82d SchUG # Übergangsrecht betreffend die schülerautonome Entscheidung über die Erstellung einer vorwissenschaftlichen Arbeit an allgemein bildenden höheren Schulen"],
  "§ 82e SchUG": ["BG.SchUG:3568-3573", "BG.SchUG.013:507-514", "§ 82e SchUG # Übergangsrecht betreffend die neue Oberstufe"],
  "§ 82f SchUG": ["BG.SchUG:3579-3581", "BG.SchUG.013:516-519", "§ 82f SchUG # Übergangsbestimmung betreffend Schulversuche"],
  "§ 82g SchUG": ["BG.SchUG:3587-3589", "BG.SchUG.013:521-524", "§ 82g SchUG # Übergangsbestimmung betreffend Protokolle und Aufzeichnungen, die bis 31. August 2016 angefertigt wurden"],
  "§ 82h SchUG": ["BG.SchUG:3595-3599", "BG.SchUG.013:526-532", "§ 82h SchUG # Übergangsrecht betreffend die Neue Mittelschule"],
  "§ 82i SchUG": ["BG.SchUG:3605-3607", "BG.SchUG.013:534-537", "§ 82i SchUG # Sonderbestimmung zur Reifeprüfung im Jahr 2025"],
  "§ 83 SchUG": ["BG.SchUG:3613-3619", "BG.SchUG.013:539-548", "§ 83 SchUG # Vollziehung"]
}
