{
  "000": "1. Teil",
  "001": "Allgemeines und Grundsätze des Verfahrens",
  "002": "1. Hauptstück",
  "003": "Das Strafverfahren und seine Grundsätze",
  "§ 1 StPO": ["BG.StPO:865-879", "BG.StPO.001:16-27", "§ 1 StPO # Das Strafverfahren"],
  "§ 2 StPO": ["BG.StPO:885-889", "BG.StPO.001:29-35", "§ 2 StPO # Amtswegigkeit"],
  "§ 3 StPO": ["BG.StPO:895-899", "BG.StPO.001:37-43", "§ 3 StPO # Objektivität und Wahrheitserforschung"],
  "§ 4 StPO": ["BG.StPO:905-911", "BG.StPO.001:45-54", "§ 4 StPO # Anklagegrundsatz"],
  "§ 5 StPO": ["BG.StPO:917-923", "BG.StPO.001:56-65", "§ 5 StPO # Gesetz- und Verhältnismäßigkeit"],
  "§ 6 StPO": ["BG.StPO:929-933", "BG.StPO.001:67-73", "§ 6 StPO # Rechtliches Gehör"],
  "§ 7 StPO": ["BG.StPO:939-943", "BG.StPO.001:75-81", "§ 7 StPO # Recht auf Verteidigung"],
  "§ 8 StPO": ["BG.StPO:949-951", "BG.StPO.001:83-86", "§ 8 StPO # Unschuldsvermutung"],
  "§ 9 StPO": ["BG.StPO:957-961", "BG.StPO.001:88-94", "§ 9 StPO # Beschleunigungsgebot"],
  "§ 10 StPO": ["BG.StPO:967-973", "BG.StPO.001:96-105", "§ 10 StPO # Beteiligung der Opfer"],
  "§ 11 StPO": ["BG.StPO:979-983", "BG.StPO.001:107-113", "§ 11 StPO # Geschworene und Schöffen"],
  "§ 12 StPO": ["BG.StPO:989-993", "BG.StPO.001:115-121", "§ 12 StPO # Mündlichkeit und Öffentlichkeit"],
  "§ 13 StPO": ["BG.StPO:999-1005", "BG.StPO.001:123-132", "§ 13 StPO # Unmittelbarkeit"],
  "§ 14 StPO": ["BG.StPO:1011-1013", "BG.StPO.001:134-137", "§ 14 StPO # Freie Beweiswürdigung"],
  "§ 15 StPO": ["BG.StPO:1019-1021", "BG.StPO.001:139-142", "§ 15 StPO # Vorfragen"],
  "§ 16 StPO": ["BG.StPO:1027-1029", "BG.StPO.001:144-147", "§ 16 StPO # Verbot der Verschlechterung"],
  "§ 17 StPO": ["BG.StPO:1035-1039", "BG.StPO.001:149-155", "§ 17 StPO # Verbot wiederholter Strafverfolgung"],
  "021": "2. Hauptstück",
  "022": "Kriminalpolizei, Staatsanwaltschaft, Gericht und Rechtsschutzbeauftragter",
  "023": "1. Abschnitt",
  "024": "Kriminalpolizei",
  "§ 18 StPO": ["BG.StPO:1045-1067", "BG.StPO.001:157-176", "§ 18 StPO # Kriminalpolizei"],
  "026": "2. Abschnitt",
  "027": "Staatsanwaltschaften und ihre Zuständigkeiten",
  "§ 19 StPO": ["BG.StPO:1073-1089", "BG.StPO.001:178-195", "§ 19 StPO # Allgemeines"],
  "§ 20 StPO": ["BG.StPO:1095-1101", "BG.StPO.001:197-206", "§ 20 StPO # Staatsanwaltschaft"],
  "§ 20a StPO": ["BG.StPO:1107-1133", "BG.StPO.001:208-238", "§ 20a StPO # Zentrale Staatsanwaltschaft zur Verfolgung von Wirtschaftsstrafsachen und Korruption (WKStA)"],
  "§ 20b StPO": ["BG.StPO:1139-1147", "BG.StPO.001:240-252", "§ 20b StPO"],
  "§ 21 StPO": ["BG.StPO:1153-1157", "BG.StPO.001:254-260", "§ 21 StPO # Oberstaatsanwaltschaft"],
  "§ 22 StPO": ["BG.StPO:1163-1165", "BG.StPO.001:262-265", "§ 22 StPO # Generalprokuratur"],
  "§ 23 StPO": ["BG.StPO:1171-1177", "BG.StPO.001:267-276", "§ 23 StPO # Nichtigkeitsbeschwerde zur Wahrung des Gesetzes"],
  "§ 24 StPO": ["BG.StPO:1183-1185", "BG.StPO.001:278-281", "§ 24 StPO # Stellungnahmen von Staatsanwaltschaften"],
  "§ 25 StPO": ["BG.StPO:1191-1208", "BG.StPO.001:283-306", "§ 25 StPO # Örtliche Zuständigkeit"],
  "§ 25a StPO": ["BG.StPO:1214-1218", "BG.StPO.001:308-314", "§ 25a StPO # Abtretung"],
  "§ 26 StPO": ["BG.StPO:1224-1230", "BG.StPO.001:316-325", "§ 26 StPO # Zusammenhang"],
  "§ 27 StPO": ["BG.StPO:1236-1238", "BG.StPO.001:327-330", "§ 27 StPO # Trennung von Verfahren"],
  "§ 28 StPO": ["BG.StPO:1244-1248", "BG.StPO.001:332-338", "§ 28 StPO # Bestimmung der Zuständigkeit"],
  "§ 28a StPO": ["BG.StPO:1254-1256", "BG.StPO.001:340-343", "§ 28a StPO # Zuständigkeitskonflikt bei Verfahren der WKStA"],
  "042": "3. Abschnitt",
  "043": "Gerichte",
  "§ 29 StPO": ["BG.StPO:1262-1276", "BG.StPO.002:15-29", "§ 29 StPO # Allgemeines"],
  "§ 30 StPO": ["BG.StPO:1282-1328", "BG.StPO.002:31-78", "§ 30 StPO # Bezirksgericht"],
  "§ 31 StPO": ["BG.StPO:1334-1418", "BG.StPO.002:80-169", "§ 31 StPO # Landesgericht"],
  "§ 32 StPO": ["BG.StPO:1424-1452", "BG.StPO.002:171-205", "§ 32 StPO # Landesgericht als Geschworenen- und Schöffengericht"],
  "§ 32a StPO": ["BG.StPO:1458-1462", "BG.StPO.002:207-213", "§ 32a StPO # Zuständigkeit für Wirtschaftsstrafsachen und Korruption"],
  "§ 33 StPO": ["BG.StPO:1468-1484", "BG.StPO.002:215-232", "§ 33 StPO # Oberlandesgericht"],
  "§ 34 StPO": ["BG.StPO:1490-1506", "BG.StPO.002:234-252", "§ 34 StPO # Oberster Gerichtshof"],
  "§ 35 StPO": ["BG.StPO:1512-1516", "BG.StPO.002:254-260", "§ 35 StPO # Form gerichtlicher Entscheidungen"],
  "§ 36 StPO": ["BG.StPO:1522-1534", "BG.StPO.002:262-280", "§ 36 StPO # Örtliche Zuständigkeit"],
  "§ 37 StPO": ["BG.StPO:1540-1548", "BG.StPO.002:282-294", "§ 37 StPO # Zuständigkeit des Zusammenhangs"],
  "§ 38 StPO": ["BG.StPO:1554-1556", "BG.StPO.002:296-299", "§ 38 StPO # Kompetenzkonflikt"],
  "§ 39 StPO": ["BG.StPO:1562-1568", "BG.StPO.002:301-310", "§ 39 StPO # Delegierung"],
  "§ 40 StPO": ["BG.StPO:1574-1580", "BG.StPO.002:312-321", "§ 40 StPO # Vorsitz und Abstimmung in den Senaten"],
  "§ 41 StPO": ["BG.StPO:1586-1592", "BG.StPO.002:323-332", "§ 41 StPO"],
  "§ 42 StPO": ["BG.StPO:1598-1604", "BG.StPO.002:334-343", "§ 42 StPO"],
  "059": "4. Abschnitt",
  "060": "Ausschließung und Befangenheit",
  "§ 43 StPO": ["BG.StPO:1610-1628", "BG.StPO.003:15-35", "§ 43 StPO # Ausgeschlossenheit von Richtern"],
  "§ 44 StPO": ["BG.StPO:1634-1640", "BG.StPO.003:37-46", "§ 44 StPO # Anzeige der Ausgeschlossenheit und Antrag auf Ablehnung"],
  "§ 45 StPO": ["BG.StPO:1646-1652", "BG.StPO.003:48-57", "§ 45 StPO # Entscheidung über Ausschließung"],
  "§ 46 StPO": ["BG.StPO:1658-1660", "BG.StPO.003:59-62", "§ 46 StPO # Ausschließung von Geschworenen, Schöffen und Protokollführern"],
  "§ 47 StPO": ["BG.StPO:1666-1678", "BG.StPO.003:64-79", "§ 47 StPO # Befangenheit von Kriminalpolizei und Staatsanwaltschaft"],
  "066": "5. Abschnitt",
  "067": "Rechtsschutzbeauftragter",
  "§ 47a StPO": ["BG.StPO:1684-1704", "BG.StPO.003:81-107", "§ 47a StPO"],
  "069": "3. Hauptstück",
  "070": "Beschuldigter und Verteidiger",
  "071": "1. Abschnitt",
  "072": "Allgemeines",
  "§ 48 StPO": ["BG.StPO:1710-1732", "BG.StPO.003:109-127", "§ 48 StPO # Definitionen"],
  "074": "2. Abschnitt",
  "075": "Der Beschuldigte",
  "§ 49 StPO": ["BG.StPO:1738-1772", "BG.StPO.003:129-163", "§ 49 StPO # Rechte des Beschuldigten"],
  "§ 50 StPO": ["BG.StPO:1778-1784", "BG.StPO.003:165-174", "§ 50 StPO # Rechtsbelehrung"],
  "§ 51 StPO": ["BG.StPO:1790-1796", "BG.StPO.003:176-185", "§ 51 StPO # Akteneinsicht"],
  "§ 52 StPO": ["BG.StPO:1802-1816", "BG.StPO.003:187-204", "§ 52 StPO"],
  "§ 53 StPO": ["BG.StPO:1822-1826", "BG.StPO.003:206-212", "§ 53 StPO # Verfahren bei Akteneinsicht"],
  "§ 54 StPO": ["BG.StPO:1832-1834", "BG.StPO.003:214-217", "§ 54 StPO # Verbot der Veröffentlichung"],
  "§ 55 StPO": ["BG.StPO:1840-1854", "BG.StPO.003:219-237", "§ 55 StPO # Beweisanträge"],
  "§ 56 StPO": ["BG.StPO:1860-1874", "BG.StPO.003:239-260", "§ 56 StPO # Übersetzungshilfe"],
  "084": "3. Abschnitt",
  "085": "Der Verteidiger",
  "§ 57 StPO": ["BG.StPO:1880-1888", "BG.StPO.004:15-23", "§ 57 StPO # Rechte des Verteidigers"],
  "§ 58 StPO": ["BG.StPO:1894-1902", "BG.StPO.004:25-37", "§ 58 StPO # Bevollmächtigung des Verteidigers"],
  "§ 59 StPO": ["BG.StPO:1908-1924", "BG.StPO.004:39-59", "§ 59 StPO"],
  "§ 60 StPO": ["BG.StPO:1930-1936", "BG.StPO.004:61-70", "§ 60 StPO # Ausschluss des Verteidigers"],
  "§ 61 StPO": ["BG.StPO:1942-1980", "BG.StPO.004:72-113", "§ 61 StPO # Beigebung eines Verteidigers"],
  "§ 62 StPO": ["BG.StPO:1986-1996", "BG.StPO.004:115-130", "§ 62 StPO # Bestellung eines Verteidigers"],
  "§ 63 StPO": ["BG.StPO:2002-2006", "BG.StPO.004:132-138", "§ 63 StPO # Fristenlauf"],
  "093": "4. Abschnitt",
  "094": "Haftungsbeteiligte",
  "§ 64 StPO": ["BG.StPO:2012-2020", "BG.StPO.004:140-148", "§ 64 StPO # Haftungsbeteiligte"],
  "096": "4. Hauptstück",
  "097": "Opfer und ihre Rechte",
  "098": "1. Abschnitt",
  "099": "Allgemeines",
  "§ 65 StPO": ["BG.StPO:2026-2050", "BG.StPO.004:150-169", "§ 65 StPO # Definitionen"],
  "101": "2. Abschnitt",
  "102": "Opfer und Privatbeteiligte",
  "§ 66 StPO": ["BG.StPO:2056-2089", "BG.StPO.004:171-203", "§ 66 StPO # Opferrechte"],
  "§ 66a StPO": ["BG.StPO:2095-2123", "BG.StPO.004:205-237", "§ 66a StPO # Besondere Schutzbedürftigkeit von Opfern"],
  "§ 66b StPO": ["BG.StPO:2129-2147", "BG.StPO.004:239-259", "§ 66b StPO # Prozessbegleitung"],
  "§ 67 StPO": ["BG.StPO:2153-2183", "BG.StPO.004:261-298", "§ 67 StPO # Privatbeteiligung"],
  "§ 68 StPO": ["BG.StPO:2189-2195", "BG.StPO.004:300-309", "§ 68 StPO # Akteneinsicht"],
  "§ 69 StPO": ["BG.StPO:2201-2207", "BG.StPO.004:311-320", "§ 69 StPO # Privatrechtliche Ansprüche"],
  "§ 70 StPO": ["BG.StPO:2213-2229", "BG.StPO.004:322-340", "§ 70 StPO # Recht auf Information"],
  "110": "3. Abschnitt",
  "111": "Privatankläger und Subsidiarankläger",
  "§ 71 StPO": ["BG.StPO:2235-2253", "BG.StPO.005:15-38", "§ 71 StPO # Privatankläger"],
  "§ 72 StPO": ["BG.StPO:2259-2267", "BG.StPO.005:40-52", "§ 72 StPO # Subsidiarankläger"],
  "114": "4. Abschnitt",
  "115": "Vertreter",
  "§ 73 StPO": ["BG.StPO:2273-2279", "BG.StPO.005:54-59", "§ 73 StPO # Vertreter"],
  "117": "5. Hauptstück",
  "118": "Gemeinsame Bestimmungen",
  "119": "1. Abschnitt",
  "120": "Einsatz der Informationstechnik",
  "§ 74 StPO": ["BG.StPO:2285-2297", "BG.StPO.005:61-69", "§ 74 StPO # Verarbeitung personenbezogener Daten"],
  "§ 75 StPO": ["BG.StPO:2303-2316", "BG.StPO.005:71-88", "§ 75 StPO # Berichtigen, Löschen und Sperren personenbezogener Daten"],
  "123": "2. Abschnitt",
  "124": "Amts- und Rechtshilfe, Akteneinsicht",
  "§ 76 StPO": ["BG.StPO:2322-2350", "BG.StPO.005:90-122", "§ 76 StPO # Amts- und Rechtshilfe"],
  "§ 77 StPO": ["BG.StPO:2356-2362", "BG.StPO.005:124-133", "§ 77 StPO # Akteneinsicht"],
  "127": "3. Abschnitt",
  "128": "Anzeigepflicht, Anzeige- und Anhalterecht",
  "§ 78 StPO": ["BG.StPO:2368-2382", "BG.StPO.005:135-150", "§ 78 StPO # Anzeigepflicht"],
  "§ 79 StPO": ["BG.StPO:2388-2390", "BG.StPO.005:152-155", "§ 79 StPO"],
  "§ 80 StPO": ["BG.StPO:2396-2400", "BG.StPO.005:157-163", "§ 80 StPO # Anzeige- und Anhalterecht"],
  "132": "4. Abschnitt",
  "133": "Bekanntmachung, Zustellung und Fristen",
  "§ 81 StPO": ["BG.StPO:2406-2416", "BG.StPO.005:165-176", "§ 81 StPO # Bekanntmachung"],
  "§ 82 StPO": ["BG.StPO:2422-2428", "BG.StPO.005:178-187", "§ 82 StPO # Zustellung"],
  "§ 83 StPO": ["BG.StPO:2434-2444", "BG.StPO.005:189-204", "§ 83 StPO # Arten der Zustellung"],
  "§ 84 StPO": ["BG.StPO:2450-2464", "BG.StPO.005:206-222", "§ 84 StPO # Fristen"],
  "138": "5. Abschnitt",
  "139": "Beschlüsse und Beschwerden",
  "§ 85 StPO": ["BG.StPO:2470-2476", "BG.StPO.005:224-229", "§ 85 StPO # Allgemeines"],
  "§ 86 StPO": ["BG.StPO:2482-2488", "BG.StPO.005:231-240", "§ 86 StPO # Beschlüsse"],
  "§ 87 StPO": ["BG.StPO:2494-2500", "BG.StPO.005:242-251", "§ 87 StPO # Beschwerden"],
  "§ 88 StPO": ["BG.StPO:2506-2514", "BG.StPO.005:253-265", "§ 88 StPO # Verfahren über Beschwerden"],
  "§ 89 StPO": ["BG.StPO:2520-2544", "BG.StPO.005:267-299", "§ 89 StPO # Verfahren vor dem Rechtsmittelgericht"],
  "145": "6. Abschnitt",
  "146": "Vollstreckung von Geld- und Freiheitsstrafen",
  "§ 90 StPO": ["BG.StPO:2550-2560", "BG.StPO.005:301-312", "§ 90 StPO # Vollstreckung von Geld- und Freiheitsstrafen"],
  "148": "2. TEIL",
  "149": "Das Ermittlungsverfahren",
  "150": "6. Hauptstück",
  "151": "Allgemeines",
  "152": "1. Abschnitt",
  "153": "Zweck des Ermittlungsverfahrens",
  "§ 91 StPO": ["BG.StPO:2566-2584", "BG.StPO.006:15-26", "§ 91 StPO # Zweck des Ermittlungsverfahrens"],
  "§ 92 StPO": ["BG.StPO:2590-2594", "BG.StPO.006:28-34", "§ 92 StPO # Ermächtigung zur Strafverfolgung"],
  "156": "2. Abschnitt",
  "157": "Zwangsgewalt und Beugemittel, Ordnungsstrafen",
  "§ 93 StPO": ["BG.StPO:2600-2614", "BG.StPO.006:36-53", "§ 93 StPO # Zwangsgewalt und Beugemittel"],
  "§ 94 StPO": ["BG.StPO:2620-2622", "BG.StPO.006:55-58", "§ 94 StPO # Ordnungsstrafen"],
  "160": "3. Abschnitt",
  "161": "Protokollierung",
  "§ 95 StPO": ["BG.StPO:2628-2634", "BG.StPO.006:60-65", "§ 95 StPO # Amtsvermerk"],
  "§ 96 StPO": ["BG.StPO:2640-2662", "BG.StPO.006:67-94", "§ 96 StPO # Protokoll"],
  "§ 97 StPO": ["BG.StPO:2668-2672", "BG.StPO.006:96-102", "§ 97 StPO # Ton- und Bildaufnahme"],
  "165": "7. Hauptstück",
  "166": "Aufgaben und Befugnisse der Kriminalpolizei, der Staatsanwaltschaft und des Gerichts",
  "167": "1. Abschnitt",
  "168": "Allgemeines",
  "§ 98 StPO": ["BG.StPO:2678-2690", "BG.StPO.006:104-112", "§ 98 StPO # Allgemeines"],
  "170": "2. Abschnitt",
  "171": "Kriminalpolizei im Ermittlungsverfahren",
  "§ 99 StPO": ["BG.StPO:2696-2714", "BG.StPO.006:114-135", "§ 99 StPO # Ermittlungen"],
  "§ 100 StPO": ["BG.StPO:2720-2746", "BG.StPO.006:137-168", "§ 100 StPO # Berichte"],
  "§ 100a StPO": ["BG.StPO:2752-2756", "BG.StPO.006:170-176", "§ 100a StPO # Berichte an die WKStA"],
  "175": "3. Abschnitt",
  "176": "Staatsanwaltschaft im Ermittlungsverfahren",
  "§ 101 StPO": ["BG.StPO:2762-2774", "BG.StPO.006:178-192", "§ 101 StPO # Aufgaben"],
  "§ 102 StPO": ["BG.StPO:2780-2794", "BG.StPO.006:194-211", "§ 102 StPO # Anordnungen und Genehmigungen"],
  "§ 103 StPO": ["BG.StPO:2800-2804", "BG.StPO.006:213-219", "§ 103 StPO # Ermittlungen"],
  "180": "4. Abschnitt",
  "181": "Gericht im Ermittlungsverfahren",
  "§ 104 StPO": ["BG.StPO:2810-2818", "BG.StPO.007:15-23", "§ 104 StPO # Gerichtliche Beweisaufnahme"],
  "§ 105 StPO": ["BG.StPO:2824-2830", "BG.StPO.007:25-34", "§ 105 StPO # Bewilligung von Zwangsmitteln"],
  "§ 106 StPO": ["BG.StPO:2836-2852", "BG.StPO.007:36-56", "§ 106 StPO # Einspruch wegen Rechtsverletzung"],
  "§ 107 StPO": ["BG.StPO:2858-2866", "BG.StPO.007:58-70", "§ 107 StPO"],
  "§ 108 StPO": ["BG.StPO:2872-2890", "BG.StPO.007:72-97", "§ 108 StPO # Antrag auf Einstellung"],
  "187": "8. Hauptstück",
  "188": "Ermittlungsmaßnahmen und Beweisaufnahme",
  "189": "1. Abschnitt",
  "190": "Sicherstellung, Beschlagnahme, Beschlagnahme von Datenträgern und Daten, Auskunft aus dem Kontenregister und Auskunft über Bankkonten und Bankgeschäfte",
  "§ 109 StPO": ["BG.StPO:2896-2942", "BG.StPO.008:15-55", "§ 109 StPO # Definitionen"],
  "§ 110 StPO": ["BG.StPO:2948-2982", "BG.StPO.008:57-95", "§ 110 StPO # Sicherstellung"],
  "§ 111 StPO": ["BG.StPO:2988-2996", "BG.StPO.008:97-109", "§ 111 StPO"],
  "§ 112 StPO": ["BG.StPO:3002-3008", "BG.StPO.008:111-120", "§ 112 StPO"],
  "§ 112a StPO": ["BG.StPO:3014-3032", "BG.StPO.008:122-143", "§ 112a StPO"],
  "§ 113 StPO": ["BG.StPO:3038-3052", "BG.StPO.008:145-163", "§ 113 StPO"],
  "§ 114 StPO": ["BG.StPO:3058-3064", "BG.StPO.008:165-174", "§ 114 StPO"],
  "§ 115 StPO": ["BG.StPO:3070-3088", "BG.StPO.008:176-200", "§ 115 StPO # Beschlagnahme"],
  "§ 115a StPO": ["BG.StPO:3094-3108", "BG.StPO.008:202-219", "§ 115a StPO # Verwertung sichergestellter oder beschlagnahmter Vermögenswerte"],
  "§ 115b StPO": ["BG.StPO:3114-3124", "BG.StPO.008:221-233", "§ 115b StPO"],
  "§ 115c StPO": ["BG.StPO:3130-3134", "BG.StPO.008:235-241", "§ 115c StPO"],
  "§ 115d StPO": ["BG.StPO:3140-3146", "BG.StPO.008:243-252", "§ 115d StPO"],
  "§ 115e StPO": ["BG.StPO:3152-3158", "BG.StPO.008:254-263", "§ 115e StPO"],
  "§ 115f StPO": ["BG.StPO:3164-3190", "BG.StPO.008:265-299", "§ 115f StPO # Beschlagnahme von Datenträgern und Daten"],
  "§ 115g StPO": ["BG.StPO:3196-3202", "BG.StPO.008:301-310", "§ 115g StPO"],
  "§ 115h StPO": ["BG.StPO:3208-3212", "BG.StPO.008:312-318", "§ 115h StPO # Aufbereitung von Daten"],
  "§ 115i StPO": ["BG.StPO:3218-3228", "BG.StPO.008:320-335", "§ 115i StPO # Auswertung von Daten"],
  "§ 115j StPO": ["BG.StPO:3234-3238", "BG.StPO.008:337-343", "§ 115j StPO"],
  "§ 115k StPO": ["BG.StPO:3244-3246", "BG.StPO.008:345-348", "§ 115k StPO # Verwahrung von Datenträgern und Daten"],
  "§ 115l StPO": ["BG.StPO:3252-3264", "BG.StPO.008:350-368", "§ 115l StPO # Rechtsschutz"],
  "§ 116 StPO": ["BG.StPO:3270-3300", "BG.StPO.008:370-407", "§ 116 StPO # Auskunft aus dem Kontenregister und Auskunft über Bankkonten und Bankgeschäfte"],
  "212": "2. Abschnitt",
  "213": "Identitätsfeststellung, Durchsuchung von Orten und Gegenständen, Durchsuchung von Personen, körperliche Untersuchung und molekulargenetische Untersuchung",
  "§ 117 StPO": ["BG.StPO:3306-3330", "BG.StPO.009:15-38", "§ 117 StPO # Definitionen"],
  "§ 118 StPO": ["BG.StPO:3336-3344", "BG.StPO.009:40-52", "§ 118 StPO # Identitätsfeststellung"],
  "§ 119 StPO": ["BG.StPO:3350-3360", "BG.StPO.009:54-66", "§ 119 StPO # Durchsuchung von Orten und Gegenständen sowie von Personen"],
  "§ 120 StPO": ["BG.StPO:3366-3370", "BG.StPO.009:68-74", "§ 120 StPO"],
  "§ 121 StPO": ["BG.StPO:3376-3382", "BG.StPO.009:76-85", "§ 121 StPO"],
  "§ 122 StPO": ["BG.StPO:3388-3394", "BG.StPO.009:87-96", "§ 122 StPO"],
  "§ 123 StPO": ["BG.StPO:3400-3434", "BG.StPO.009:98-139", "§ 123 StPO # Körperliche Untersuchung"],
  "§ 124 StPO": ["BG.StPO:3440-3450", "BG.StPO.009:141-156", "§ 124 StPO # Molekulargenetische Untersuchung"],
  "222": "3. Abschnitt",
  "223": "Sachverständige und Dolmetscher, Leichenbeschau und Obduktion",
  "§ 125 StPO": ["BG.StPO:3456-3470", "BG.StPO.009:158-171", "§ 125 StPO # Definitionen"],
  "§ 126 StPO": ["BG.StPO:3476-3496", "BG.StPO.009:173-203", "§ 126 StPO # Sachverständige und Dolmetscher"],
  "§ 127 StPO": ["BG.StPO:3502-3512", "BG.StPO.009:205-220", "§ 127 StPO"],
  "§ 128 StPO": ["BG.StPO:3518-3526", "BG.StPO.009:222-234", "§ 128 StPO # Leichenbeschau und Obduktion"],
  "228": "4. Abschnitt",
  "229": "Observation, verdeckte Ermittlung und Scheingeschäft",
  "§ 129 StPO": ["BG.StPO:3532-3544", "BG.StPO.010:15-26", "§ 129 StPO # Definitionen"],
  "§ 130 StPO": ["BG.StPO:3550-3564", "BG.StPO.010:28-44", "§ 130 StPO # Observation"],
  "§ 131 StPO": ["BG.StPO:3570-3578", "BG.StPO.010:46-58", "§ 131 StPO # Verdeckte Ermittlung"],
  "§ 132 StPO": ["BG.StPO:3584-3586", "BG.StPO.010:60-63", "§ 132 StPO # Scheingeschäft"],
  "§ 133 StPO": ["BG.StPO:3592-3602", "BG.StPO.010:65-80", "§ 133 StPO # Gemeinsame Bestimmungen"],
  "235": "5. Abschnitt",
  "236": "Beschlagnahme von Briefen, Auskunft über Stamm- und Zugangsdaten, Auskunft über Daten einer Nachrichtenübermittlung, Lokalisierung einer technischen Einrichtung, Anlassdatenspeicherung und Überwachung von Nachrichten und von Personen",
  "§ 134 StPO": ["BG.StPO:3608-3644", "BG.StPO.010:82-116", "§ 134 StPO # Definitionen"],
  "§ 135 StPO": ["BG.StPO:3650-3682", "BG.StPO.010:118-156", "§ 135 StPO # Beschlagnahme von Briefen, Auskunft über Stamm- und Zugangsdaten, Auskunft über Daten einer Nachrichtenübermittlung, Lokalisierung einer technischen Einrichtung, Anlassdatenspeicherung und Überwachung von Nachrichten"],
  "§ 136 StPO": ["BG.StPO:3688-3710", "BG.StPO.010:158-184", "§ 136 StPO # Optische und akustische Überwachung von Personen"],
  "§ 137 StPO": ["BG.StPO:3716-3721", "BG.StPO.010:186-193", "§ 137 StPO # Gemeinsame Bestimmungen"],
  "§ 138 StPO": ["BG.StPO:3727-3749", "BG.StPO.010:195-222", "§ 138 StPO"],
  "§ 139 StPO": ["BG.StPO:3755-3763", "BG.StPO.010:224-236", "§ 139 StPO"],
  "§ 140 StPO": ["BG.StPO:3769-3782", "BG.StPO.010:238-253", "§ 140 StPO"],
  "244": "6. Abschnitt",
  "245": "Automationsunterstützter Datenabgleich",
  "§ 141 StPO": ["BG.StPO:3788-3800", "BG.StPO.011:15-29", "§ 141 StPO # Datenabgleich"],
  "§ 142 StPO": ["BG.StPO:3806-3822", "BG.StPO.011:31-52", "§ 142 StPO # Durchführung"],
  "§ 143 StPO": ["BG.StPO:3828-3832", "BG.StPO.011:54-60", "§ 143 StPO # Mitwirkungspflicht"],
  "249": "7. Abschnitt",
  "250": "Geistliche Amtsverschwiegenheit und Berufsgeheimnisse",
  "§ 144 StPO": ["BG.StPO:3838-3848", "BG.StPO.011:62-73", "§ 144 StPO # Schutz der geistlichen Amtsverschwiegenheit und von Berufsgeheimnissen"],
  "252": "8. Abschnitt",
  "253": "Besondere Durchführungsbestimmungen, Rechtsschutz und Schadenersatz",
  "§ 145 StPO": ["BG.StPO:3854-3865", "BG.StPO.011:75-87", "§ 145 StPO # Besondere Durchführungsbestimmungen"],
  "§ 147 StPO": ["BG.StPO:3871-3897", "BG.StPO.011:89-118", "§ 147 StPO"],
  "§ 148 StPO": ["BG.StPO:3903-3905", "BG.StPO.011:120-123", "§ 148 StPO # Schadenersatz"],
  "257": "9. Abschnitt",
  "258": "Augenschein und Tatrekonstruktion",
  "§ 149 StPO": ["BG.StPO:3911-3925", "BG.StPO.011:125-140", "§ 149 StPO # Augenschein und Tatrekonstruktion"],
  "§ 150 StPO": ["BG.StPO:3931-3935", "BG.StPO.011:142-148", "§ 150 StPO # Durchführung der Tatrekonstruktion"],
  "261": "10. Abschnitt",
  "262": "Erkundigungen und Vernehmungen",
  "§ 151 StPO": ["BG.StPO:3941-3951", "BG.StPO.012:15-24", "§ 151 StPO # Definitionen"],
  "§ 152 StPO": ["BG.StPO:3957-3963", "BG.StPO.012:26-35", "§ 152 StPO # Erkundigungen"],
  "§ 153 StPO": ["BG.StPO:3969-3977", "BG.StPO.012:37-49", "§ 153 StPO # Vernehmungen"],
  "§ 154 StPO": ["BG.StPO:3983-3987", "BG.StPO.012:51-57", "§ 154 StPO # Zeuge und Wahrheitspflicht"],
  "§ 155 StPO": ["BG.StPO:3993-4005", "BG.StPO.012:59-73", "§ 155 StPO # Verbot der Vernehmung als Zeuge"],
  "§ 156 StPO": ["BG.StPO:4011-4021", "BG.StPO.012:75-88", "§ 156 StPO # Aussagebefreiung"],
  "§ 157 StPO": ["BG.StPO:4027-4045", "BG.StPO.012:90-110", "§ 157 StPO # Aussageverweigerung"],
  "§ 158 StPO": ["BG.StPO:4051-4061", "BG.StPO.012:112-124", "§ 158 StPO"],
  "§ 159 StPO": ["BG.StPO:4067-4073", "BG.StPO.012:126-135", "§ 159 StPO # Information und Nichtigkeit"],
  "§ 160 StPO": ["BG.StPO:4079-4085", "BG.StPO.012:137-146", "§ 160 StPO # Durchführung der Vernehmung"],
  "§ 161 StPO": ["BG.StPO:4091-4097", "BG.StPO.012:148-157", "§ 161 StPO"],
  "§ 162 StPO": ["BG.StPO:4103-4105", "BG.StPO.012:159-162", "§ 162 StPO # Anonyme Aussage"],
  "§ 163 StPO": ["BG.StPO:4111-4119", "BG.StPO.012:164-176", "§ 163 StPO # Gegenüberstellung"],
  "§ 164 StPO": ["BG.StPO:4125-4133", "BG.StPO.012:178-190", "§ 164 StPO # Vernehmung des Beschuldigten"],
  "§ 165 StPO": ["BG.StPO:4139-4153", "BG.StPO.012:192-213", "§ 165 StPO # Kontradiktorische Vernehmung des Beschuldigten oder eines Zeugen"],
  "§ 166 StPO": ["BG.StPO:4159-4167", "BG.StPO.012:215-225", "§ 166 StPO # Beweisverbot"],
  "279": "9. Hauptstück",
  "280": "Fahndung, Festnahme und Untersuchungshaft",
  "281": "1. Abschnitt",
  "282": "Fahndung",
  "§ 167 StPO": ["BG.StPO:4173-4187", "BG.StPO.012:227-236", "§ 167 StPO # Definitionen"],
  "§ 168 StPO": ["BG.StPO:4193-4199", "BG.StPO.012:238-247", "§ 168 StPO # Fahndung"],
  "§ 169 StPO": ["BG.StPO:4205-4211", "BG.StPO.012:249-258", "§ 169 StPO"],
  "286": "2. Abschnitt",
  "287": "Festnahme",
  "§ 170 StPO": ["BG.StPO:4217-4235", "BG.StPO.013:15-34", "§ 170 StPO # Zulässigkeit"],
  "§ 171 StPO": ["BG.StPO:4241-4267", "BG.StPO.013:36-65", "§ 171 StPO # Anordnung"],
  "§ 172 StPO": ["BG.StPO:4273-4281", "BG.StPO.013:67-79", "§ 172 StPO # Durchführung"],
  "§ 172a StPO": ["BG.StPO:4287-4295", "BG.StPO.013:81-93", "§ 172a StPO # Sicherheitsleistung"],
  "292": "3. Abschnitt",
  "293": "Untersuchungshaft",
  "§ 173 StPO": ["BG.StPO:4301-4349", "BG.StPO.014:15-65", "§ 173 StPO # Zulässigkeit"],
  "§ 173a StPO": ["BG.StPO:4355-4365", "BG.StPO.014:67-82", "§ 173a StPO # Hausarrest"],
  "§ 174 StPO": ["BG.StPO:4371-4395", "BG.StPO.014:84-112", "§ 174 StPO # Verhängung der Untersuchungshaft"],
  "§ 175 StPO": ["BG.StPO:4401-4417", "BG.StPO.014:114-135", "§ 175 StPO # Haftfristen"],
  "§ 176 StPO": ["BG.StPO:4423-4439", "BG.StPO.014:137-158", "§ 176 StPO # Haftverhandlung"],
  "§ 177 StPO": ["BG.StPO:4445-4455", "BG.StPO.014:160-175", "§ 177 StPO # Aufhebung der Untersuchungshaft"],
  "§ 178 StPO": ["BG.StPO:4461-4471", "BG.StPO.014:177-190", "§ 178 StPO # Höchstdauer der Untersuchungshaft"],
  "§ 179 StPO": ["BG.StPO:4477-4483", "BG.StPO.014:192-201", "§ 179 StPO # Vorläufige Bewährungshilfe"],
  "§ 180 StPO": ["BG.StPO:4489-4499", "BG.StPO.014:203-218", "§ 180 StPO # Kaution"],
  "§ 181 StPO": ["BG.StPO:4505-4511", "BG.StPO.014:220-229", "§ 181 StPO"],
  "§ 181a StPO": ["BG.StPO:4517-4519", "BG.StPO.014:231-234", "§ 181a StPO # Flucht"],
  "305": "4. Abschnitt",
  "306": "Vollzug der Untersuchungshaft",
  "§ 182 StPO": ["BG.StPO:4525-4547", "BG.StPO.015:15-41", "§ 182 StPO # Allgemeines"],
  "§ 183 StPO": ["BG.StPO:4553-4563", "BG.StPO.015:43-58", "§ 183 StPO # Haftort"],
  "§ 184 StPO": ["BG.StPO:4569-4575", "BG.StPO.015:60-67", "§ 184 StPO # Ausführungen"],
  "§ 185 StPO": ["BG.StPO:4581-4587", "BG.StPO.015:69-78", "§ 185 StPO # Getrennte Anhaltung"],
  "§ 186 StPO": ["BG.StPO:4593-4597", "BG.StPO.015:80-86", "§ 186 StPO # Kleidung und Bedarfsgegenstände"],
  "§ 187 StPO": ["BG.StPO:4603-4611", "BG.StPO.015:88-100", "§ 187 StPO # Arbeit und Arbeitsvergütung"],
  "§ 188 StPO": ["BG.StPO:4617-4629", "BG.StPO.015:102-117", "§ 188 StPO # Verkehr mit der Außenwelt"],
  "§ 189 StPO": ["BG.StPO:4635-4641", "BG.StPO.015:119-128", "§ 189 StPO # Zuständigkeit für Entscheidungen"],
  "315": "3. TEIL",
  "316": "Beendigung des Ermittlungsverfahrens und Absehen von der Einleitung eines Ermittlungsverfahrens",
  "317": "10. Hauptstück",
  "318": "Einstellung, Abbrechung und Fortführung des Ermittlungsverfahrens",
  "§ 190 StPO": ["BG.StPO:4647-4657", "BG.StPO.015:130-135", "§ 190 StPO # Einstellung des Ermittlungsverfahrens"],
  "§ 191 StPO": ["BG.StPO:4663-4671", "BG.StPO.015:137-147", "§ 191 StPO # Einstellung wegen Geringfügigkeit"],
  "§ 192 StPO": ["BG.StPO:4677-4687", "BG.StPO.015:149-161", "§ 192 StPO # Einstellung bei mehreren Straftaten"],
  "§ 193 StPO": ["BG.StPO:4693-4703", "BG.StPO.015:163-176", "§ 193 StPO # Fortführung des Verfahrens"],
  "§ 194 StPO": ["BG.StPO:4709-4721", "BG.StPO.015:178-192", "§ 194 StPO # Verständigungen"],
  "§ 195 StPO": ["BG.StPO:4727-4741", "BG.StPO.015:194-212", "§ 195 StPO # Antrag auf Fortführung"],
  "§ 196 StPO": ["BG.StPO:4747-4753", "BG.StPO.015:214-223", "§ 196 StPO"],
  "§ 196a StPO": ["BG.StPO:4759-4771", "BG.StPO.015:225-243", "§ 196a StPO # Beitrag zu den Kosten der Verteidigung im Ermittlungsverfahren"],
  "§ 197 StPO": ["BG.StPO:4777-4789", "BG.StPO.015:245-263", "§ 197 StPO # Abbrechung des Ermittlungsverfahrens gegen Abwesende und gegen unbekannte Täter"],
  "328": "10a. Hauptstück",
  "329": "Absehen von der Einleitung eines Ermittlungsverfahrens",
  "§ 197a StPO": ["BG.StPO:4795-4807", "BG.StPO.015:265-277", "§ 197a StPO # Absehen von der Einleitung eines Ermittlungsverfahrens"],
  "§ 197b StPO": ["BG.StPO:4813-4817", "BG.StPO.015:279-285", "§ 197b StPO # Verständigungen"],
  "§ 197c StPO": ["BG.StPO:4823-4825", "BG.StPO.015:287-290", "§ 197c StPO # Antrag auf Verfolgung"],
  "333": "11. Hauptstück",
  "334": "Rücktritt von der Verfolgung (Diversion)",
  "§ 198 StPO": ["BG.StPO:4831-4857", "BG.StPO.016:15-41", "§ 198 StPO # Allgemeines"],
  "§ 199 StPO": ["BG.StPO:4863-4865", "BG.StPO.016:43-46", "§ 199 StPO"],
  "§ 200 StPO": ["BG.StPO:4871-4881", "BG.StPO.016:48-63", "§ 200 StPO # Zahlung eines Geldbetrages"],
  "§ 201 StPO": ["BG.StPO:4887-4897", "BG.StPO.016:65-80", "§ 201 StPO # Gemeinnützige Leistungen"],
  "§ 202 StPO": ["BG.StPO:4903-4913", "BG.StPO.016:82-97", "§ 202 StPO"],
  "§ 203 StPO": ["BG.StPO:4919-4927", "BG.StPO.016:99-111", "§ 203 StPO # Probezeit"],
  "§ 204 StPO": ["BG.StPO:4933-4941", "BG.StPO.016:113-125", "§ 204 StPO # Tatausgleich"],
  "§ 205 StPO": ["BG.StPO:4947-4963", "BG.StPO.016:127-148", "§ 205 StPO # Nachträgliche Fortsetzung des Strafverfahrens"],
  "§ 206 StPO": ["BG.StPO:4969-4973", "BG.StPO.016:150-156", "§ 206 StPO # Rechte und Interessen der Opfer"],
  "§ 207 StPO": ["BG.StPO:4979-4981", "BG.StPO.016:158-161", "§ 207 StPO # Information des Beschuldigten"],
  "§ 208 StPO": ["BG.StPO:4987-4993", "BG.StPO.016:163-172", "§ 208 StPO # Gemeinsame Bestimmungen"],
  "§ 209 StPO": ["BG.StPO:4999-5005", "BG.StPO.016:174-183", "§ 209 StPO"],
  "§ 209a StPO": ["BG.StPO:5011-5039", "BG.StPO.016:185-218", "§ 209a StPO # Rücktritt von der Verfolgung wegen Zusammenarbeit mit der Staatsanwaltschaft"],
  "§ 209b StPO": ["BG.StPO:5045-5049", "BG.StPO.016:220-226", "§ 209b StPO # Rücktritt von der Verfolgung wegen Zusammenarbeit mit der Staatsanwaltschaft im Zusammenhang mit einer kartellrechtlichen Zuwiderhandlung"],
  "349": "4. TEIL",
  "350": "Haupt- und Rechtsmittelverfahren",
  "351": "12. Hauptstück",
  "352": "Die Anklage",
  "353": "1. Abschnitt",
  "354": "Allgemeines",
  "§ 210 StPO": ["BG.StPO:5055-5075", "BG.StPO.016:228-242", "§ 210 StPO # Die Anklage"],
  "356": "2. Abschnitt",
  "357": "Die Anklageschrift",
  "§ 211 StPO": ["BG.StPO:5081-5095", "BG.StPO.017:15-29", "§ 211 StPO # Inhalt der Anklageschrift"],
  "§ 212 StPO": ["BG.StPO:5101-5119", "BG.StPO.017:31-50", "§ 212 StPO # Einspruch gegen die Anklageschrift"],
  "§ 213 StPO": ["BG.StPO:5125-5137", "BG.StPO.017:52-70", "§ 213 StPO"],
  "§ 214 StPO": ["BG.StPO:5143-5149", "BG.StPO.017:72-81", "§ 214 StPO # Verfahren vor dem Oberlandesgericht"],
  "§ 215 StPO": ["BG.StPO:5155-5167", "BG.StPO.017:83-101", "§ 215 StPO"],
  "363": "13. Hauptstück",
  "§ 220 StPO": ["BG.StPO:5173-5177", "BG.StPO.017:103-108", "§ 220 StPO # Vorbereitungen zur Hauptverhandlung"],
  "§ 221 StPO": ["BG.StPO:5183-5191", "BG.StPO.017:110-122", "§ 221 StPO"],
  "§ 222 StPO": ["BG.StPO:5197-5203", "BG.StPO.017:124-133", "§ 222 StPO"],
  "§ 223 StPO": ["BG.StPO:5209-5211", "BG.StPO.017:135-138", "§ 223 StPO"],
  "§ 226 StPO": ["BG.StPO:5217-5233", "BG.StPO.017:140-160", "§ 226 StPO"],
  "§ 227 StPO": ["BG.StPO:5239-5243", "BG.StPO.017:162-168", "§ 227 StPO"],
  "370": "14. Hauptstück",
  "371": "Hauptverhandlung vor dem Landesgericht als Schöffengericht und Rechtsmittel gegen dessen Urteile",
  "372": "I. Hauptverhandlung und Urteil",
  "373": "1. Öffentlichkeit der Hauptverhandlung",
  "§ 228 StPO": ["BG.StPO:5249-5265", "BG.StPO.017:170-184", "§ 228 StPO"],
  "§ 229 StPO": ["BG.StPO:5271-5285", "BG.StPO.017:186-204", "§ 229 StPO"],
  "§ 230 StPO": ["BG.StPO:5291-5295", "BG.StPO.017:206-212", "§ 230 StPO"],
  "§ 230a StPO": ["BG.StPO:5301-5305", "BG.StPO.017:214-219", "§ 230a StPO"],
  "378": "2. Amtsverrichtungen des Vorsitzenden und des Schöffengerichts während der Hauptverhandlung",
  "§ 232 StPO": ["BG.StPO:5311-5321", "BG.StPO.017:221-235", "§ 232 StPO"],
  "§ 233 StPO": ["BG.StPO:5327-5333", "BG.StPO.017:237-246", "§ 233 StPO"],
  "§ 234 StPO": ["BG.StPO:5339-5341", "BG.StPO.017:248-251", "§ 234 StPO"],
  "§ 235 StPO": ["BG.StPO:5347-5349", "BG.StPO.017:253-256", "§ 235 StPO"],
  "§ 236 StPO": ["BG.StPO:5355-5361", "BG.StPO.017:258-267", "§ 236 StPO"],
  "§ 236a StPO": ["BG.StPO:5367-5369", "BG.StPO.017:269-272", "§ 236a StPO"],
  "§ 237 StPO": ["BG.StPO:5375-5381", "BG.StPO.017:274-283", "§ 237 StPO"],
  "§ 238 StPO": ["BG.StPO:5387-5393", "BG.StPO.017:285-294", "§ 238 StPO"],
  "387": "3. Beginn der Hauptverhandlung",
  "§ 239 StPO": ["BG.StPO:5399-5403", "BG.StPO.017:296-301", "§ 239 StPO"],
  "§ 240 StPO": ["BG.StPO:5409-5411", "BG.StPO.017:303-306", "§ 240 StPO"],
  "§ 240a StPO": ["BG.StPO:5417-5424", "BG.StPO.017:308-318", "§ 240a StPO"],
  "§ 241 StPO": ["BG.StPO:5430-5434", "BG.StPO.017:320-326", "§ 241 StPO"],
  "§ 242 StPO": ["BG.StPO:5440-5446", "BG.StPO.017:328-337", "§ 242 StPO"],
  "§ 243 StPO": ["BG.StPO:5452-5458", "BG.StPO.017:339-348", "§ 243 StPO"],
  "§ 244 StPO": ["BG.StPO:5464-5470", "BG.StPO.017:350-359", "§ 244 StPO"],
  "395": "4. Vernehmung des Angeklagten",
  "§ 245 StPO": ["BG.StPO:5476-5486", "BG.StPO.017:361-375", "§ 245 StPO"],
  "397": "5. Beweisverfahren",
  "§ 246 StPO": ["BG.StPO:5492-5498", "BG.StPO.018:15-23", "§ 246 StPO"],
  "§ 247 StPO": ["BG.StPO:5504-5506", "BG.StPO.018:25-28", "§ 247 StPO"],
  "§ 247a StPO": ["BG.StPO:5512-5516", "BG.StPO.018:30-36", "§ 247a StPO"],
  "§ 248 StPO": ["BG.StPO:5522-5528", "BG.StPO.018:38-47", "§ 248 StPO"],
  "§ 249 StPO": ["BG.StPO:5534-5540", "BG.StPO.018:49-58", "§ 249 StPO"],
  "§ 250 StPO": ["BG.StPO:5546-5552", "BG.StPO.018:60-69", "§ 250 StPO"],
  "§ 251 StPO": ["BG.StPO:5558-5560", "BG.StPO.018:71-74", "§ 251 StPO"],
  "§ 252 StPO": ["BG.StPO:5566-5586", "BG.StPO.018:76-101", "§ 252 StPO"],
  "§ 253 StPO": ["BG.StPO:5592-5594", "BG.StPO.018:103-106", "§ 253 StPO"],
  "§ 254 StPO": ["BG.StPO:5600-5604", "BG.StPO.018:108-114", "§ 254 StPO"],
  "408": "6. Vorträge der Parteien",
  "§ 255 StPO": ["BG.StPO:5610-5618", "BG.StPO.018:116-127", "§ 255 StPO"],
  "§ 256 StPO": ["BG.StPO:5624-5628", "BG.StPO.018:129-135", "§ 256 StPO"],
  "411": "7. Urteil des Gerichtshofes",
  "§ 257 StPO": ["BG.StPO:5634-5638", "BG.StPO.018:137-142", "§ 257 StPO"],
  "§ 258 StPO": ["BG.StPO:5644-5650", "BG.StPO.018:144-153", "§ 258 StPO"],
  "§ 259 StPO": ["BG.StPO:5656-5664", "BG.StPO.018:155-164", "§ 259 StPO"],
  "§ 260 StPO": ["BG.StPO:5670-5691", "BG.StPO.018:166-190", "§ 260 StPO"],
  "§ 261 StPO": ["BG.StPO:5697-5701", "BG.StPO.018:192-198", "§ 261 StPO"],
  "§ 262 StPO": ["BG.StPO:5707-5709", "BG.StPO.018:200-203", "§ 262 StPO"],
  "§ 263 StPO": ["BG.StPO:5715-5723", "BG.StPO.018:205-217", "§ 263 StPO"],
  "§ 264 StPO": ["BG.StPO:5729-5733", "BG.StPO.018:219-225", "§ 264 StPO"],
  "§ 265 StPO": ["BG.StPO:5739-5743", "BG.StPO.018:227-233", "§ 265 StPO"],
  "§ 265a StPO": ["BG.StPO:5749-5751", "BG.StPO.018:235-238", "§ 265a StPO"],
  "§ 265b StPO": ["BG.StPO:5757-5759", "BG.StPO.018:240-243", "§ 265b StPO"],
  "§ 265c StPO": ["BG.StPO:5765-5767", "BG.StPO.018:245-248", "§ 265c StPO"],
  "§ 266 StPO": ["BG.StPO:5773-5777", "BG.StPO.018:250-256", "§ 266 StPO"],
  "§ 267 StPO": ["BG.StPO:5783-5785", "BG.StPO.018:258-261", "§ 267 StPO"],
  "426": "8. Verkündung und Ausfertigung des Urteiles",
  "§ 268 StPO": ["BG.StPO:5791-5795", "BG.StPO.018:263-268", "§ 268 StPO"],
  "§ 269 StPO": ["BG.StPO:5801-5803", "BG.StPO.018:270-273", "§ 269 StPO"],
  "§ 270 StPO": ["BG.StPO:5809-5833", "BG.StPO.018:275-303", "§ 270 StPO"],
  "430": "9. Protokollführung",
  "§ 271 StPO": ["BG.StPO:5839-5873", "BG.StPO.019:15-56", "§ 271 StPO"],
  "§ 271a StPO": ["BG.StPO:5879-5885", "BG.StPO.019:58-67", "§ 271a StPO"],
  "§ 272 StPO": ["BG.StPO:5891-5893", "BG.StPO.019:69-72", "§ 272 StPO"],
  "434": "10. Vertagung der Hauptverhandlung",
  "§ 273 StPO": ["BG.StPO:5899-5903", "BG.StPO.019:74-79", "§ 273 StPO"],
  "§ 274 StPO": ["BG.StPO:5909-5911", "BG.StPO.019:81-84", "§ 274 StPO"],
  "§ 275 StPO": ["BG.StPO:5917-5919", "BG.StPO.019:86-89", "§ 275 StPO"],
  "§ 276 StPO": ["BG.StPO:5925-5927", "BG.StPO.019:91-94", "§ 276 StPO"],
  "§ 276a StPO": ["BG.StPO:5933-5935", "BG.StPO.019:96-99", "§ 276a StPO"],
  "440": "11. Zwischenfälle",
  "§ 277 StPO": ["BG.StPO:5941-5945", "BG.StPO.019:101-106", "§ 277 StPO"],
  "§ 278 StPO": ["BG.StPO:5951-5957", "BG.StPO.019:108-117", "§ 278 StPO"],
  "§ 279 StPO": ["BG.StPO:5963-5965", "BG.StPO.019:119-122", "§ 279 StPO"],
  "444": "II. Rechtsmittel gegen das Urteil",
  "§ 280 StPO": ["BG.StPO:5971-5975", "BG.StPO.019:124-129", "§ 280 StPO"],
  "§ 281 StPO": ["BG.StPO:5981-6023", "BG.StPO.019:131-175", "§ 281 StPO"],
  "§ 281a StPO": ["BG.StPO:6029-6031", "BG.StPO.019:177-180", "§ 281a StPO"],
  "§ 282 StPO": ["BG.StPO:6037-6041", "BG.StPO.019:182-188", "§ 282 StPO"],
  "§ 283 StPO": ["BG.StPO:6047-6055", "BG.StPO.019:190-202", "§ 283 StPO"],
  "450": "1. Verfahren bei Nichtigkeitsbeschwerden",
  "§ 284 StPO": ["BG.StPO:6061-6071", "BG.StPO.020:15-29", "§ 284 StPO"],
  "§ 285 StPO": ["BG.StPO:6077-6087", "BG.StPO.020:31-46", "§ 285 StPO"],
  "§ 285a StPO": ["BG.StPO:6093-6101", "BG.StPO.020:48-57", "§ 285a StPO"],
  "§ 285b StPO": ["BG.StPO:6107-6118", "BG.StPO.020:59-75", "§ 285b StPO"],
  "§ 285c StPO": ["BG.StPO:6124-6128", "BG.StPO.020:77-83", "§ 285c StPO"],
  "§ 285d StPO": ["BG.StPO:6134-6142", "BG.StPO.020:85-95", "§ 285d StPO"],
  "§ 285e StPO": ["BG.StPO:6148-6150", "BG.StPO.020:97-100", "§ 285e StPO"],
  "§ 285f StPO": ["BG.StPO:6156-6158", "BG.StPO.020:102-105", "§ 285f StPO"],
  "§ 285g StPO": ["BG.StPO:6164-6166", "BG.StPO.020:107-110", "§ 285g StPO"],
  "§ 285h StPO": ["BG.StPO:6172-6174", "BG.StPO.020:112-115", "§ 285h StPO"],
  "§ 285i StPO": ["BG.StPO:6180-6182", "BG.StPO.020:117-120", "§ 285i StPO"],
  "§ 285j StPO": ["BG.StPO:6188-6190", "BG.StPO.020:122-125", "§ 285j StPO"],
  "§ 286 StPO": ["BG.StPO:6196-6204", "BG.StPO.020:127-138", "§ 286 StPO"],
  "§ 287 StPO": ["BG.StPO:6210-6216", "BG.StPO.020:140-149", "§ 287 StPO"],
  "§ 288 StPO": ["BG.StPO:6222-6234", "BG.StPO.020:151-165", "§ 288 StPO"],
  "§ 288a StPO": ["BG.StPO:6240-6242", "BG.StPO.020:167-170", "§ 288a StPO"],
  "§ 289 StPO": ["BG.StPO:6248-6250", "BG.StPO.020:172-175", "§ 289 StPO"],
  "§ 290 StPO": ["BG.StPO:6256-6260", "BG.StPO.020:177-183", "§ 290 StPO"],
  "§ 291 StPO": ["BG.StPO:6266-6268", "BG.StPO.020:185-188", "§ 291 StPO"],
  "§ 292 StPO": ["BG.StPO:6274-6276", "BG.StPO.020:190-193", "§ 292 StPO"],
  "§ 293 StPO": ["BG.StPO:6282-6290", "BG.StPO.020:195-207", "§ 293 StPO"],
  "472": "2. Verfahren bei Berufungen",
  "§ 294 StPO": ["BG.StPO:6296-6308", "BG.StPO.020:209-226", "§ 294 StPO"],
  "§ 295 StPO": ["BG.StPO:6314-6320", "BG.StPO.020:228-237", "§ 295 StPO"],
  "§ 296 StPO": ["BG.StPO:6326-6332", "BG.StPO.020:239-248", "§ 296 StPO"],
  "476": "3. Gemeinsame Bestimmung",
  "§ 296a StPO": ["BG.StPO:6338-6348", "BG.StPO.020:250-260", "§ 296a StPO"],
  "478": "5. TEIL",
  "479": "Besondere Verfahren",
  "480": "15. Hauptstück",
  "481": "Hauptverhandlung vor dem Landesgericht als Geschworenengericht und Rechtsmittel gegen dessen Urteile",
  "482": "I. Allgemeine Bestimmungen",
  "§ 297 StPO": ["BG.StPO:6354-6366", "BG.StPO.020:262-267", "§ 297 StPO"],
  "§ 298 StPO": ["BG.StPO:6372-6374", "BG.StPO.020:269-272", "§ 298 StPO"],
  "§ 299 StPO": ["BG.StPO:6380-6382", "BG.StPO.020:274-277", "§ 299 StPO"],
  "§ 301 StPO": ["BG.StPO:6388-6394", "BG.StPO.020:279-288", "§ 301 StPO"],
  "487": "II. Hauptverhandlung vor dem Geschworenengerichte",
  "488": "1. Allgemeine Bestimmungen",
  "§ 302 StPO": ["BG.StPO:6400-6408", "BG.StPO.020:290-298", "§ 302 StPO"],
  "§ 303 StPO": ["BG.StPO:6414-6416", "BG.StPO.020:300-303", "§ 303 StPO"],
  "491": "2. Beginn der Hauptverhandlung",
  "§ 304 StPO": ["BG.StPO:6422-6426", "BG.StPO.020:305-310", "§ 304 StPO"],
  "§ 305 StPO": ["BG.StPO:6432-6439", "BG.StPO.020:312-322", "§ 305 StPO"],
  "494": "3. Beweisverfahren",
  "§ 306 StPO": ["BG.StPO:6445-6449", "BG.StPO.021:15-20", "§ 306 StPO"],
  "§ 308 StPO": ["BG.StPO:6455-6459", "BG.StPO.021:22-28", "§ 308 StPO"],
  "§ 309 StPO": ["BG.StPO:6465-6469", "BG.StPO.021:30-36", "§ 309 StPO"],
  "498": "4. Fragestellung an die Geschworenen",
  "§ 310 StPO": ["BG.StPO:6475-6485", "BG.StPO.021:38-52", "§ 310 StPO"],
  "§ 311 StPO": ["BG.StPO:6491-6495", "BG.StPO.021:54-60", "§ 311 StPO"],
  "§ 312 StPO": ["BG.StPO:6501-6505", "BG.StPO.021:62-68", "§ 312 StPO"],
  "§ 313 StPO": ["BG.StPO:6511-6515", "BG.StPO.021:70-75", "§ 313 StPO"],
  "§ 314 StPO": ["BG.StPO:6521-6525", "BG.StPO.021:77-83", "§ 314 StPO"],
  "§ 315 StPO": ["BG.StPO:6531-6535", "BG.StPO.021:85-91", "§ 315 StPO"],
  "§ 316 StPO": ["BG.StPO:6541-6543", "BG.StPO.021:93-96", "§ 316 StPO"],
  "§ 317 StPO": ["BG.StPO:6549-6555", "BG.StPO.021:98-107", "§ 317 StPO"],
  "507": "5. Vorträge der Parteien; Schluß der Verhandlung",
  "§ 318 StPO": ["BG.StPO:6561-6567", "BG.StPO.021:109-117", "§ 318 StPO"],
  "§ 319 StPO": ["BG.StPO:6573-6575", "BG.StPO.021:119-122", "§ 319 StPO"],
  "510": "6. Wahl des Obmannes der Geschworenen; Rechtsbelehrung durch den Vorsitzenden",
  "§ 320 StPO": ["BG.StPO:6581-6587", "BG.StPO.021:124-132", "§ 320 StPO"],
  "§ 321 StPO": ["BG.StPO:6593-6597", "BG.StPO.021:134-140", "§ 321 StPO"],
  "§ 322 StPO": ["BG.StPO:6603-6605", "BG.StPO.021:142-145", "§ 322 StPO"],
  "§ 323 StPO": ["BG.StPO:6611-6617", "BG.StPO.021:147-156", "§ 323 StPO"],
  "515": "7. Beratung und Abstimmung der Geschworenen",
  "§ 324 StPO": ["BG.StPO:6623-6631", "BG.StPO.021:158-169", "§ 324 StPO"],
  "§ 325 StPO": ["BG.StPO:6637-6645", "BG.StPO.021:171-181", "§ 325 StPO"],
  "§ 326 StPO": ["BG.StPO:6651-6653", "BG.StPO.021:183-186", "§ 326 StPO"],
  "§ 327 StPO": ["BG.StPO:6659-6665", "BG.StPO.021:188-197", "§ 327 StPO"],
  "§ 328 StPO": ["BG.StPO:6671-6673", "BG.StPO.021:199-202", "§ 328 StPO"],
  "§ 329 StPO": ["BG.StPO:6679-6681", "BG.StPO.021:204-207", "§ 329 StPO"],
  "§ 330 StPO": ["BG.StPO:6687-6691", "BG.StPO.021:209-215", "§ 330 StPO"],
  "§ 331 StPO": ["BG.StPO:6697-6705", "BG.StPO.021:217-229", "§ 331 StPO"],
  "524": "8. Verbesserung des Wahrspruches der Geschworenen",
  "§ 332 StPO": ["BG.StPO:6711-6725", "BG.StPO.021:231-251", "§ 332 StPO"],
  "§ 333 StPO": ["BG.StPO:6731-6733", "BG.StPO.021:253-256", "§ 333 StPO"],
  "527": "9. Weiteres Verfahren bis zur gemeinsamen Beratung über die Strafe",
  "§ 334 StPO": ["BG.StPO:6739-6749", "BG.StPO.021:258-272", "§ 334 StPO"],
  "§ 335 StPO": ["BG.StPO:6755-6757", "BG.StPO.021:274-277", "§ 335 StPO"],
  "§ 336 StPO": ["BG.StPO:6763-6765", "BG.StPO.021:279-282", "§ 336 StPO"],
  "§ 337 StPO": ["BG.StPO:6771-6773", "BG.StPO.021:284-287", "§ 337 StPO"],
  "532": "10. Gemeinsame Beratung über die Strafe",
  "§ 338 StPO": ["BG.StPO:6779-6783", "BG.StPO.021:289-294", "§ 338 StPO"],
  "§ 339 StPO": ["BG.StPO:6789-6791", "BG.StPO.021:296-299", "§ 339 StPO"],
  "535": "11. Verkündung des Wahrspruches und des Urteiles",
  "§ 340 StPO": ["BG.StPO:6797-6804", "BG.StPO.021:301-310", "§ 340 StPO"],
  "§ 341 StPO": ["BG.StPO:6810-6814", "BG.StPO.021:312-318", "§ 341 StPO"],
  "538": "12. Ausfertigung des Urteiles, Protokollführung",
  "§ 342 StPO": ["BG.StPO:6820-6824", "BG.StPO.021:320-325", "§ 342 StPO"],
  "§ 343 StPO": ["BG.StPO:6830-6834", "BG.StPO.021:327-333", "§ 343 StPO"],
  "541": "III. Rechtsmittel gegen Urteile der Geschworenengerichte",
  "§ 344 StPO": ["BG.StPO:6840-6844", "BG.StPO.022:15-20", "§ 344 StPO"],
  "§ 345 StPO": ["BG.StPO:6850-6894", "BG.StPO.022:22-69", "§ 345 StPO"],
  "§ 346 StPO": ["BG.StPO:6900-6902", "BG.StPO.022:71-74", "§ 346 StPO"],
  "§ 348 StPO": ["BG.StPO:6908-6912", "BG.StPO.022:76-81", "§ 348 StPO"],
  "§ 349 StPO": ["BG.StPO:6918-6922", "BG.StPO.022:83-89", "§ 349 StPO"],
  "§ 350 StPO": ["BG.StPO:6928-6932", "BG.StPO.022:91-97", "§ 350 StPO"],
  "§ 351 StPO": ["BG.StPO:6938-6940", "BG.StPO.022:99-102", "§ 351 StPO"],
  "549": "16. Hauptstück",
  "550": "Wiederaufnahme und Erneuerung des Strafverfahrens sowie Wiedereinsetzung in den vorigen Stand",
  "551": "I. Wiederaufnahme des Verfahrens",
  "§ 352 StPO": ["BG.StPO:6946-6960", "BG.StPO.022:104-116", "§ 352 StPO"],
  "§ 353 StPO": ["BG.StPO:6966-6974", "BG.StPO.022:118-127", "§ 353 StPO"],
  "§ 354 StPO": ["BG.StPO:6980-6982", "BG.StPO.022:129-132", "§ 354 StPO"],
  "§ 355 StPO": ["BG.StPO:6988-6990", "BG.StPO.022:134-137", "§ 355 StPO"],
  "§ 356 StPO": ["BG.StPO:6996-7004", "BG.StPO.022:139-148", "§ 356 StPO"],
  "§ 357 StPO": ["BG.StPO:7010-7016", "BG.StPO.022:150-159", "§ 357 StPO"],
  "§ 358 StPO": ["BG.StPO:7022-7034", "BG.StPO.022:161-179", "§ 358 StPO"],
  "§ 360 StPO": ["BG.StPO:7040-7044", "BG.StPO.022:181-187", "§ 360 StPO"],
  "§ 362 StPO": ["BG.StPO:7050-7064", "BG.StPO.022:189-208", "§ 362 StPO"],
  "§ 363 StPO": ["BG.StPO:7070-7072", "BG.StPO.022:210-213", "§ 363 StPO"],
  "562": "II. Erneuerung des Strafverfahrens",
  "§ 363a StPO": ["BG.StPO:7078-7084", "BG.StPO.022:215-223", "§ 363a StPO"],
  "§ 363b StPO": ["BG.StPO:7090-7102", "BG.StPO.022:225-240", "§ 363b StPO"],
  "§ 363c StPO": ["BG.StPO:7108-7112", "BG.StPO.022:242-248", "§ 363c StPO"],
  "566": "III. Wiedereinsetzung in den vorigen Stand",
  "§ 364 StPO": ["BG.StPO:7118-7144", "BG.StPO.022:250-282", "§ 364 StPO"],
  "568": "17. Hauptstück",
  "569": "Verfahren über privatrechtliche Ansprüche",
  "§ 365 StPO": ["BG.StPO:7150-7156", "BG.StPO.023:15-20", "§ 365 StPO"],
  "§ 366 StPO": ["BG.StPO:7162-7168", "BG.StPO.023:22-31", "§ 366 StPO"],
  "§ 367 StPO": ["BG.StPO:7174-7184", "BG.StPO.023:33-44", "§ 367 StPO"],
  "§ 368 StPO": ["BG.StPO:7190-7192", "BG.StPO.023:46-49", "§ 368 StPO"],
  "§ 369 StPO": ["BG.StPO:7198-7202", "BG.StPO.023:51-57", "§ 369 StPO"],
  "§ 370 StPO": ["BG.StPO:7208-7210", "BG.StPO.023:59-62", "§ 370 StPO"],
  "§ 371 StPO": ["BG.StPO:7216-7220", "BG.StPO.023:64-70", "§ 371 StPO"],
  "§ 372 StPO": ["BG.StPO:7226-7228", "BG.StPO.023:72-75", "§ 372 StPO"],
  "§ 373 StPO": ["BG.StPO:7234-7236", "BG.StPO.023:77-80", "§ 373 StPO"],
  "§ 373a StPO": ["BG.StPO:7242-7266", "BG.StPO.023:82-116", "§ 373a StPO"],
  "§ 373b StPO": ["BG.StPO:7272-7274", "BG.StPO.023:118-121", "§ 373b StPO"],
  "§ 374 StPO": ["BG.StPO:7280-7282", "BG.StPO.023:123-126", "§ 374 StPO"],
  "§ 375 StPO": ["BG.StPO:7288-7292", "BG.StPO.023:128-134", "§ 375 StPO"],
  "§ 376 StPO": ["BG.StPO:7298-7302", "BG.StPO.023:136-142", "§ 376 StPO"],
  "§ 377 StPO": ["BG.StPO:7308-7310", "BG.StPO.023:144-147", "§ 377 StPO"],
  "§ 378 StPO": ["BG.StPO:7316-7318", "BG.StPO.023:149-152", "§ 378 StPO"],
  "§ 379 StPO": ["BG.StPO:7324-7326", "BG.StPO.023:154-157", "§ 379 StPO"],
  "587": "18. Hauptstück",
  "588": "Kosten des Strafverfahrens",
  "§ 380 StPO": ["BG.StPO:7332-7338", "BG.StPO.024:15-20", "§ 380 StPO"],
  "§ 381 StPO": ["BG.StPO:7344-7388", "BG.StPO.024:22-74", "§ 381 StPO"],
  "§ 382 StPO": ["BG.StPO:7394-7396", "BG.StPO.024:76-79", "§ 382 StPO"],
  "§ 383 StPO": ["BG.StPO:7402-7404", "BG.StPO.024:81-84", "§ 383 StPO"],
  "§ 384 StPO": ["BG.StPO:7410-7412", "BG.StPO.024:86-89", "§ 384 StPO"],
  "§ 385 StPO": ["BG.StPO:7418-7420", "BG.StPO.024:91-94", "§ 385 StPO"],
  "§ 386 StPO": ["BG.StPO:7426-7428", "BG.StPO.024:96-99", "§ 386 StPO"],
  "§ 387 StPO": ["BG.StPO:7434-7436", "BG.StPO.024:101-104", "§ 387 StPO"],
  "§ 388 StPO": ["BG.StPO:7442-7448", "BG.StPO.024:106-115", "§ 388 StPO"],
  "§ 389 StPO": ["BG.StPO:7454-7460", "BG.StPO.024:117-126", "§ 389 StPO"],
  "§ 390 StPO": ["BG.StPO:7466-7476", "BG.StPO.024:128-143", "§ 390 StPO"],
  "§ 390a StPO": ["BG.StPO:7482-7486", "BG.StPO.024:145-151", "§ 390a StPO"],
  "§ 391 StPO": ["BG.StPO:7492-7499", "BG.StPO.024:153-163", "§ 391 StPO"],
  "§ 393 StPO": ["BG.StPO:7505-7518", "BG.StPO.024:165-184", "§ 393 StPO"],
  "§ 393a StPO": ["BG.StPO:7524-7542", "BG.StPO.024:186-208", "§ 393a StPO # Beitrag zu den Kosten der Verteidigung"],
  "§ 394 StPO": ["BG.StPO:7548-7550", "BG.StPO.024:210-213", "§ 394 StPO"],
  "§ 395 StPO": ["BG.StPO:7556-7565", "BG.StPO.024:215-228", "§ 395 StPO"],
  "606": "19. Hauptstück",
  "607": "Vollstreckung der Urteile",
  "§ 396 StPO": ["BG.StPO:7571-7581", "BG.StPO.024:230-241", "§ 396 StPO"],
  "§ 397 StPO": ["BG.StPO:7587-7591", "BG.StPO.024:243-248", "§ 397 StPO"],
  "§ 398 StPO": ["BG.StPO:7597-7601", "BG.StPO.024:250-255", "§ 398 StPO"],
  "§ 399 StPO": ["BG.StPO:7607-7609", "BG.StPO.024:257-260", "§ 399 StPO"],
  "§ 400 StPO": ["BG.StPO:7615-7619", "BG.StPO.024:262-268", "§ 400 StPO"],
  "§ 401 StPO": ["BG.StPO:7625-7627", "BG.StPO.024:270-273", "§ 401 StPO"],
  "§ 401a StPO": ["BG.StPO:7633-7635", "BG.StPO.024:275-278", "§ 401a StPO"],
  "§ 402 StPO": ["BG.StPO:7641-7645", "BG.StPO.024:280-285", "§ 402 StPO"],
  "§ 403 StPO": ["BG.StPO:7651-7653", "BG.StPO.024:287-290", "§ 403 StPO"],
  "§ 404 StPO": ["BG.StPO:7659-7661", "BG.StPO.024:292-295", "§ 404 StPO"],
  "§ 405 StPO": ["BG.StPO:7667-7671", "BG.StPO.024:297-302", "§ 405 StPO"],
  "§ 406 StPO": ["BG.StPO:7677-7679", "BG.StPO.024:304-307", "§ 406 StPO"],
  "§ 407 StPO": ["BG.StPO:7685-7689", "BG.StPO.024:309-314", "§ 407 StPO"],
  "§ 408 StPO": ["BG.StPO:7695-7699", "BG.StPO.024:316-322", "§ 408 StPO"],
  "§ 409 StPO": ["BG.StPO:7705-7711", "BG.StPO.024:324-333", "§ 409 StPO"],
  "§ 409a StPO": ["BG.StPO:7717-7734", "BG.StPO.024:335-356", "§ 409a StPO"],
  "§ 409b StPO": ["BG.StPO:7740-7744", "BG.StPO.024:358-364", "§ 409b StPO"],
  "§ 410 StPO": ["BG.StPO:7750-7755", "BG.StPO.024:366-373", "§ 410 StPO"],
  "§ 411 StPO": ["BG.StPO:7761-7763", "BG.StPO.024:375-378", "§ 411 StPO"],
  "627": "20. Hauptstück",
  "628": "Verfahren gegen Abwesende",
  "§ 412 StPO": ["BG.StPO:7769-7775", "BG.StPO.025:15-20", "§ 412 StPO"],
  "§ 427 StPO": ["BG.StPO:7781-7787", "BG.StPO.025:22-31", "§ 427 StPO # Abwesenheitsverfahren"],
  "§ 428 StPO": ["BG.StPO:7793-7795", "BG.StPO.025:33-36", "§ 428 StPO"],
  "632": "21. Hauptstück",
  "633": "Verfahren bei vorbeugenden Maßnahmen und beim Verfall, beim erweiterten Verfall, bei der Einziehung und bei der Ausschließung vom Wahlrecht",
  "634": "1. Abschnitt",
  "635": "Verfahren zur Unterbringung in einem forensisch-therapeutischen Zentrum nach § 21 StGB",
  "§ 429 StPO": ["BG.StPO:7801-7811", "BG.StPO.025:38-43", "§ 429 StPO # Verfahren zur Unterbringung"],
  "§ 430 StPO": ["BG.StPO:7817-7831", "BG.StPO.025:45-61", "§ 430 StPO # Besonderheiten des Verfahrens"],
  "§ 431 StPO": ["BG.StPO:7837-7845", "BG.StPO.025:63-75", "§ 431 StPO # Vorläufige Unterbringung"],
  "§ 432 StPO": ["BG.StPO:7851-7859", "BG.StPO.025:77-89", "§ 432 StPO # Ort der vorläufigen Unterbringung"],
  "§ 433 StPO": ["BG.StPO:7865-7875", "BG.StPO.025:91-106", "§ 433 StPO # Vollzug der vorläufigen Unterbringung"],
  "§ 434 StPO": ["BG.StPO:7881-7885", "BG.StPO.025:108-114", "§ 434 StPO # Antrag auf Unterbringung"],
  "§ 434a StPO": ["BG.StPO:7891-7893", "BG.StPO.025:116-119", "§ 434a StPO # Entscheidung durch Urteil"],
  "§ 434b StPO": ["BG.StPO:7899-7907", "BG.StPO.025:121-133", "§ 434b StPO # Gleichwertigkeit von Anklage und Antrag auf Unterbringung"],
  "§ 434c StPO": ["BG.StPO:7913-7921", "BG.StPO.025:135-147", "§ 434c StPO # Rechte des gesetzlichen Vertreters"],
  "§ 434d StPO": ["BG.StPO:7927-7935", "BG.StPO.025:149-161", "§ 434d StPO # Besonderheiten der Hauptverhandlung"],
  "§ 434e StPO": ["BG.StPO:7941-7945", "BG.StPO.025:163-169", "§ 434e StPO # Verfahren vor dem Landesgericht als Geschworenengericht"],
  "§ 434f StPO": ["BG.StPO:7951-7955", "BG.StPO.025:171-177", "§ 434f StPO # Rechtsmittel"],
  "§ 434g StPO": ["BG.StPO:7961-7975", "BG.StPO.025:179-200", "§ 434g StPO # Verfahren beim vorläufigen Absehen vom Vollzug der Unterbringung"],
  "649": "2. Abschnitt",
  "650": "Verfahren zur Unterbringung in einer Anstalt für entwöhnungsbedürftige Rechtsbrecher nach § 22 StGB oder in einer Anstalt für gefährliche Rückfallstäter nach § 23 StGB und zur Verhängung eines Tätigkeitsverbotes nach § 220b StGB",
  "§ 435 StPO": ["BG.StPO:7981-7989", "BG.StPO.025:202-210", "§ 435 StPO"],
  "§ 437 StPO": ["BG.StPO:7995-7997", "BG.StPO.025:212-215", "§ 437 StPO"],
  "§ 438 StPO": ["BG.StPO:8003-8005", "BG.StPO.025:217-220", "§ 438 StPO"],
  "§ 439 StPO": ["BG.StPO:8011-8017", "BG.StPO.025:222-231", "§ 439 StPO"],
  "§ 440 StPO": ["BG.StPO:8023-8025", "BG.StPO.025:233-236", "§ 440 StPO"],
  "§ 441 StPO": ["BG.StPO:8031-8035", "BG.StPO.025:238-244", "§ 441 StPO"],
  "§ 442 StPO": ["BG.StPO:8041-8043", "BG.StPO.025:246-249", "§ 442 StPO"],
  "658": "3. Abschnitt",
  "659": "Verfahren beim Verfall, beim erweiterten Verfall und bei der Einziehung",
  "§ 443 StPO": ["BG.StPO:8049-8059", "BG.StPO.026:15-26", "§ 443 StPO"],
  "§ 444 StPO": ["BG.StPO:8065-8069", "BG.StPO.026:28-34", "§ 444 StPO"],
  "§ 445 StPO": ["BG.StPO:8075-8085", "BG.StPO.026:36-51", "§ 445 StPO"],
  "§ 445a StPO": ["BG.StPO:8091-8095", "BG.StPO.026:53-59", "§ 445a StPO"],
  "§ 446 StPO": ["BG.StPO:8101-8103", "BG.StPO.026:61-64", "§ 446 StPO"],
  "665": "4. Abschnitt",
  "666": "Verfahren bei der Ausschließung vom Wahlrecht",
  "§ 446a StPO": ["BG.StPO:8109-8117", "BG.StPO.026:66-74", "§ 446a StPO"],
  "668": "22. Hauptstück",
  "669": "Verfahren vor dem Bezirksgericht",
  "§ 447 StPO": ["BG.StPO:8123-8129", "BG.StPO.026:76-81", "§ 447 StPO"],
  "671": "1. Abschnitt",
  "672": "Hauptverfahren",
  "§ 450 StPO": ["BG.StPO:8135-8141", "BG.StPO.026:83-88", "§ 450 StPO"],
  "§ 451 StPO": ["BG.StPO:8147-8155", "BG.StPO.026:90-102", "§ 451 StPO"],
  "§ 455 StPO": ["BG.StPO:8161-8167", "BG.StPO.026:104-113", "§ 455 StPO"],
  "§ 456 StPO": ["BG.StPO:8173-8175", "BG.StPO.026:115-118", "§ 456 StPO"],
  "§ 457 StPO": ["BG.StPO:8181-8183", "BG.StPO.026:120-123", "§ 457 StPO"],
  "§ 458 StPO": ["BG.StPO:8189-8191", "BG.StPO.026:125-128", "§ 458 StPO"],
  "679": "2. Abschnitt",
  "§ 463 StPO": ["BG.StPO:8197-8201", "BG.StPO.026:130-135", "§ 463 StPO # Rechtsmittel gegen Urteile der Bezirksgerichte"],
  "§ 464 StPO": ["BG.StPO:8207-8215", "BG.StPO.026:137-146", "§ 464 StPO"],
  "§ 465 StPO": ["BG.StPO:8221-8227", "BG.StPO.026:148-157", "§ 465 StPO"],
  "§ 466 StPO": ["BG.StPO:8233-8247", "BG.StPO.026:159-180", "§ 466 StPO"],
  "§ 467 StPO": ["BG.StPO:8253-8263", "BG.StPO.026:182-197", "§ 467 StPO"],
  "§ 468 StPO": ["BG.StPO:8269-8287", "BG.StPO.026:199-219", "§ 468 StPO"],
  "§ 469 StPO": ["BG.StPO:8293-8295", "BG.StPO.026:221-224", "§ 469 StPO"],
  "§ 470 StPO": ["BG.StPO:8301-8309", "BG.StPO.026:226-235", "§ 470 StPO"],
  "§ 471 StPO": ["BG.StPO:8315-8321", "BG.StPO.026:237-244", "§ 471 StPO"],
  "§ 473 StPO": ["BG.StPO:8327-8337", "BG.StPO.026:246-261", "§ 473 StPO"],
  "§ 474 StPO": ["BG.StPO:8343-8345", "BG.StPO.026:263-266", "§ 474 StPO"],
  "§ 475 StPO": ["BG.StPO:8351-8359", "BG.StPO.026:268-280", "§ 475 StPO"],
  "§ 476 StPO": ["BG.StPO:8365-8367", "BG.StPO.026:282-285", "§ 476 StPO"],
  "§ 478 StPO": ["BG.StPO:8373-8379", "BG.StPO.026:287-296", "§ 478 StPO"],
  "§ 479 StPO": ["BG.StPO:8385-8387", "BG.StPO.026:298-301", "§ 479 StPO"],
  "§ 480 StPO": ["BG.StPO:8393-8395", "BG.StPO.026:303-306", "§ 480 StPO"],
  "696": "23. Hauptstück",
  "697": "Verfahren vor dem Landesgericht als Einzelrichter",
  "§ 483 StPO": ["BG.StPO:8401-8407", "BG.StPO.026:308-313", "§ 483 StPO"],
  "§ 484 StPO": ["BG.StPO:8413-8415", "BG.StPO.026:315-318", "§ 484 StPO"],
  "§ 485 StPO": ["BG.StPO:8421-8435", "BG.StPO.026:320-337", "§ 485 StPO"],
  "§ 488 StPO": ["BG.StPO:8441-8448", "BG.StPO.026:339-349", "§ 488 StPO"],
  "§ 489 StPO": ["BG.StPO:8454-8460", "BG.StPO.026:351-360", "§ 489 StPO"],
  "§ 490 StPO": ["BG.StPO:8466-8468", "BG.StPO.026:362-365", "§ 490 StPO"],
  "704": "23a. Hauptstück",
  "§ 491 StPO": ["BG.StPO:8474-8510", "BG.StPO.027:15-60", "§ 491 StPO # Mandatsverfahren"],
  "§ 491a StPO": ["BG.StPO:8516-8518", "BG.StPO.027:62-65", "§ 491a StPO"],
  "§ 491b StPO": ["BG.StPO:8524-8526", "BG.StPO.027:67-70", "§ 491b StPO"],
  "708": "24. Hauptstück",
  "709": "Verfahren bei bedingter Strafnachsicht, bedingter Nachsicht von vorbeugenden Maßnahmen, Erteilung von Weisungen und Anordnung der Bewährungshilfe",
  "710": "I. Bedingte Nachsicht einer Strafe, der Unterbringung in einer Anstalt für entwöhnungsbedürftige Rechtsbrecher und einer Rechtsfolge",
  "§ 492 StPO": ["BG.StPO:8532-8542", "BG.StPO.027:72-80", "§ 492 StPO"],
  "§ 493 StPO": ["BG.StPO:8548-8552", "BG.StPO.027:82-88", "§ 493 StPO"],
  "713": "II. Erteilung von Weisungen und Anordnung der Bewährungshilfe",
  "§ 494 StPO": ["BG.StPO:8558-8564", "BG.StPO.027:90-98", "§ 494 StPO"],
  "715": "III. Widerruf einer bedingten Nachsicht",
  "§ 494a StPO": ["BG.StPO:8570-8593", "BG.StPO.027:100-129", "§ 494a StPO"],
  "§ 494b StPO": ["BG.StPO:8599-8601", "BG.StPO.027:131-134", "§ 494b StPO"],
  "§ 495 StPO": ["BG.StPO:8607-8613", "BG.StPO.027:136-145", "§ 495 StPO"],
  "§ 496 StPO": ["BG.StPO:8619-8623", "BG.StPO.027:147-153", "§ 496 StPO"],
  "720": "IV. Endgültige Nachsicht",
  "§ 497 StPO": ["BG.StPO:8629-8635", "BG.StPO.027:155-163", "§ 497 StPO"],
  "722": "V. Gemeinsame Bestimmungen",
  "§ 498 StPO": ["BG.StPO:8641-8649", "BG.StPO.027:165-176", "§ 498 StPO"],
  "724": "25. Hauptstück",
  "725": "Ausübung der Strafgerichtsbarkeit über Soldaten im Frieden",
  "§ 499 StPO": ["BG.StPO:8655-8661", "BG.StPO.027:178-183", "§ 499 StPO"],
  "§ 500 StPO": ["BG.StPO:8667-8671", "BG.StPO.027:185-191", "§ 500 StPO"],
  "§ 501 StPO": ["BG.StPO:8677-8681", "BG.StPO.027:193-199", "§ 501 StPO"],
  "§ 502 StPO": ["BG.StPO:8687-8695", "BG.StPO.027:201-211", "§ 502 StPO"],
  "§ 503 StPO": ["BG.StPO:8701-8709", "BG.StPO.027:213-225", "§ 503 StPO"],
  "§ 504 StPO": ["BG.StPO:8715-8717", "BG.StPO.027:227-230", "§ 504 StPO"],
  "§ 505 StPO": ["BG.StPO:8723-8725", "BG.StPO.027:232-235", "§ 505 StPO"],
  "§ 506 StPO": ["BG.StPO:8731-8735", "BG.StPO.027:237-243", "§ 506 StPO"],
  "734": "26. Hauptstück",
  "§ 507 StPO": ["BG.StPO:8741-8745", "BG.StPO.027:245-250", "§ 507 StPO # Gnadenverfahren"],
  "§ 508 StPO": ["BG.StPO:8751-8753", "BG.StPO.027:252-255", "§ 508 StPO"],
  "§ 509 StPO": ["BG.StPO:8759-8765", "BG.StPO.027:257-264", "§ 509 StPO"],
  "§ 510 StPO": ["BG.StPO:8771-8783", "BG.StPO.027:266-284", "§ 510 StPO"],
  "§ 511 StPO": ["BG.StPO:8789-8793", "BG.StPO.027:286-292", "§ 511 StPO"],
  "§ 512 StPO": ["BG.StPO:8799-8803", "BG.StPO.027:294-300", "§ 512 StPO"],
  "§ 513 StPO": ["BG.StPO:8809-8811", "BG.StPO.027:302-305", "§ 513 StPO"],
  "742": "6. TEIL",
  "743": "Schlussbestimmungen",
  "§ 514 StPO": ["BG.StPO:8817-8963", "BG.StPO.028:15-217", "§ 514 StPO # In-Kraft-Treten"],
  "§ 515 StPO": ["BG.StPO:8969-8973", "BG.StPO.028:219-225", "§ 515 StPO # Verweisungen"],
  "§ 516 StPO": ["BG.StPO:8979-9008", "BG.StPO.028:227-270", "§ 516 StPO # Übergangsbestimmungen"],
  "§ 516a StPO": ["BG.StPO:9014-9048", "BG.StPO.028:272-323", "§ 516a StPO # Umsetzung von Richtlinien der Europäischen Union"],
  "§ 517 StPO": ["BG.StPO:9054-9056", "BG.StPO.028:325-328", "§ 517 StPO # Vollziehung"]
}
