{
  "000": "I. Hauptstück.",
  "001": "Urheberrecht an Werken der Literatur und der Kunst.",
  "002": "I. Abschnitt.",
  "003": "Das Werk.",
  "§ 1 UrhG": ["BG.UrhG:294-306", "BG.UrhG.001:17-25", "§ 1 UrhG # Werke der Literatur und der Kunst"],
  "§ 2 UrhG": ["BG.UrhG:312-320", "BG.UrhG.001:27-36", "§ 2 UrhG # Werke der Literatur"],
  "§ 3 UrhG": ["BG.UrhG:326-330", "BG.UrhG.001:38-44", "§ 3 UrhG # Werke der bildenden Künste"],
  "§ 4 UrhG": ["BG.UrhG:336-338", "BG.UrhG.001:46-49", "§ 4 UrhG # Werke der Filmkunst"],
  "§ 5 UrhG": ["BG.UrhG:344-348", "BG.UrhG.001:51-57", "§ 5 UrhG # Bearbeitungen"],
  "§ 6 UrhG": ["BG.UrhG:354-356", "BG.UrhG.001:59-62", "§ 6 UrhG # Sammelwerke"],
  "§ 7 UrhG": ["BG.UrhG:362-366", "BG.UrhG.001:64-70", "§ 7 UrhG # Freie Werke"],
  "§ 8 UrhG": ["BG.UrhG:372-374", "BG.UrhG.001:72-75", "§ 8 UrhG # Veröffentlichte Werke"],
  "§ 9 UrhG": ["BG.UrhG:380-384", "BG.UrhG.001:77-83", "§ 9 UrhG # Erschienene Werke"],
  "013": "II. Abschnitt.",
  "§ 10 UrhG": ["BG.UrhG:390-396", "BG.UrhG.001:85-93", "§ 10 UrhG # Der Urheber"],
  "§ 11 UrhG": ["BG.UrhG:402-408", "BG.UrhG.001:95-104", "§ 11 UrhG # Miturheber"],
  "§ 12 UrhG": ["BG.UrhG:414-418", "BG.UrhG.001:106-112", "§ 12 UrhG # Vermutung der Urheberschaft"],
  "§ 13 UrhG": ["BG.UrhG:424-426", "BG.UrhG.001:114-117", "§ 13 UrhG # Ungenannte Urheber"],
  "018": "III. Abschnitt",
  "019": "Das Urheberrecht.",
  "§ 14 UrhG": ["BG.UrhG:432-442", "BG.UrhG.001:119-130", "§ 14 UrhG # 1. Verwertungsrechte"],
  "§ 15 UrhG": ["BG.UrhG:448-456", "BG.UrhG.001:132-144", "§ 15 UrhG # Vervielfältigungsrecht"],
  "§ 16 UrhG": ["BG.UrhG:462-472", "BG.UrhG.001:146-161", "§ 16 UrhG # Verbreitungsrecht"],
  "§ 16a UrhG": ["BG.UrhG:478-492", "BG.UrhG.001:163-182", "§ 16a UrhG # Vermieten und Verleihen"],
  "§ 16b UrhG": ["BG.UrhG:498-522", "BG.UrhG.001:184-212", "§ 16b UrhG # Folgerecht"],
  "§ 17 UrhG": ["BG.UrhG:528-536", "BG.UrhG.001:214-226", "§ 17 UrhG # Senderecht"],
  "§ 17a UrhG": ["BG.UrhG:542-544", "BG.UrhG.001:228-231", "§ 17a UrhG"],
  "§ 17b UrhG": ["BG.UrhG:550-560", "BG.UrhG.001:233-246", "§ 17b UrhG"],
  "§ 18 UrhG": ["BG.UrhG:566-572", "BG.UrhG.001:248-257", "§ 18 UrhG # Vortrags-, Aufführungs- und Vorführungsrecht"],
  "§ 18a UrhG": ["BG.UrhG:578-582", "BG.UrhG.001:259-265", "§ 18a UrhG # Zurverfügungstellungsrecht"],
  "§ 18b UrhG": ["BG.UrhG:588-602", "BG.UrhG.001:267-286", "§ 18b UrhG # Ergänzende Online-Dienste"],
  "§ 18c UrhG": ["BG.UrhG:608-610", "BG.UrhG.001:288-291", "§ 18c UrhG # Sendung und Zurverfügungstellung durch Anbieter großer Online-Plattformen"],
  "032": "2. Schutz geistiger Interessen.",
  "§ 19 UrhG": ["BG.UrhG:616-622", "BG.UrhG.001:293-301", "§ 19 UrhG # Schutz der Urheberschaft"],
  "§ 20 UrhG": ["BG.UrhG:628-634", "BG.UrhG.001:303-312", "§ 20 UrhG # Urheberbezeichnung"],
  "§ 21 UrhG": ["BG.UrhG:640-646", "BG.UrhG.001:314-323", "§ 21 UrhG # Werkschutz"],
  "036": "3. Pflichten des Besitzers eines Werkstückes.",
  "§ 22 UrhG": ["BG.UrhG:652-656", "BG.UrhG.001:325-330", "§ 22 UrhG"],
  "038": "4. Übertragung des Urheberrechtes.",
  "§ 23 UrhG": ["BG.UrhG:662-672", "BG.UrhG.001:332-346", "§ 23 UrhG"],
  "040": "5. Werknutzungsbewilligung und Werknutzungsrecht.",
  "§ 24 UrhG": ["BG.UrhG:678-684", "BG.UrhG.002:16-24", "§ 24 UrhG"],
  "§ 24a UrhG": ["BG.UrhG:690-692", "BG.UrhG.002:26-29", "§ 24a UrhG # Werknutzungsbewilligung oder Werknutzungsrecht für die Sendung oder die öffentliche Zurverfügungstellung nach § 18c"],
  "§ 24b UrhG": ["BG.UrhG:698-700", "BG.UrhG.002:31-34", "§ 24b UrhG # Vertragshilfe für die Zugänglichmachung audiovisueller Werke über Videoabrufdienste"],
  "§ 24c UrhG": ["BG.UrhG:706-712", "BG.UrhG.002:36-45", "§ 24c UrhG # Zweckübertragungsgrundsatz und unbekannte Verwertungsarten"],
  "045": "6. Exekutionsbeschränkungen.",
  "§ 25 UrhG": ["BG.UrhG:718-732", "BG.UrhG.002:47-67", "§ 25 UrhG"],
  "047": "IV. Abschnitt.",
  "§ 26 UrhG": ["BG.UrhG:738-742", "BG.UrhG.002:69-74", "§ 26 UrhG # Werknutzungsrechte"],
  "§ 27 UrhG": ["BG.UrhG:748-758", "BG.UrhG.002:76-91", "§ 27 UrhG # Übertragung der Werknutzungsrechte"],
  "§ 28 UrhG": ["BG.UrhG:764-772", "BG.UrhG.002:93-103", "§ 28 UrhG"],
  "§ 29 UrhG": ["BG.UrhG:778-786", "BG.UrhG.002:105-117", "§ 29 UrhG # Vorzeitige Auflösung des Vertragsverhältnisses"],
  "§ 30 UrhG": ["BG.UrhG:792-796", "BG.UrhG.002:119-125", "§ 30 UrhG"],
  "§ 31 UrhG": ["BG.UrhG:802-808", "BG.UrhG.002:127-136", "§ 31 UrhG # Werknutzungsrechte an künftigen Werken"],
  "§ 31a UrhG": ["BG.UrhG:814-828", "BG.UrhG.002:138-155", "§ 31a UrhG # Recht zur anderweitigen Verwertung nach fünfzehn Jahren bei pauschaler Vergütung"],
  "§ 32 UrhG": ["BG.UrhG:834-838", "BG.UrhG.002:157-163", "§ 32 UrhG # Eröffnung eines Insolvenzverfahrens"],
  "056": "V. Abschnitt.",
  "057": "Vorbehalte zugunsten des Urhebers.",
  "§ 33 UrhG": ["BG.UrhG:844-852", "BG.UrhG.002:165-173", "§ 33 UrhG # Auslegungsregeln"],
  "§ 34 UrhG": ["BG.UrhG:858-860", "BG.UrhG.002:175-178", "§ 34 UrhG # Gesamtausgaben"],
  "§ 35 UrhG": ["BG.UrhG:866-868", "BG.UrhG.002:180-183", "§ 35 UrhG # Vorbehalt bei Werken der bildenden Künste"],
  "§ 36 UrhG": ["BG.UrhG:874-878", "BG.UrhG.002:185-191", "§ 36 UrhG # Beiträge zu Sammlungen"],
  "§ 37 UrhG": ["BG.UrhG:884-886", "BG.UrhG.002:193-196", "§ 37 UrhG"],
  "§ 37a UrhG": ["BG.UrhG:892-894", "BG.UrhG.002:198-201", "§ 37a UrhG # Zweitverwertungsrecht von Urhebern wissenschaftlicher Beiträge"],
  "064": "Va. Abschnitt",
  "065": "Faire Vergütung in Verwertungsverträgen mit Urhebern",
  "§ 37b UrhG": ["BG.UrhG:900-916", "BG.UrhG.002:203-223", "§ 37b UrhG # Grundsatz der angemessenen und verhältnismäßigen Vergütung"],
  "§ 37c UrhG": ["BG.UrhG:922-928", "BG.UrhG.002:225-234", "§ 37c UrhG # Vertragsanpassungsmechanismus"],
  "§ 37d UrhG": ["BG.UrhG:934-950", "BG.UrhG.002:236-258", "§ 37d UrhG # Anspruch auf Auskunft"],
  "§ 37e UrhG": ["BG.UrhG:956-958", "BG.UrhG.002:260-263", "§ 37e UrhG # Vermittlung durch den Schlichtungsausschuss"],
  "§ 37f UrhG": ["BG.UrhG:964-968", "BG.UrhG.002:265-271", "§ 37f UrhG # Unabdingbarkeit"],
  "§ 37g UrhG": ["BG.UrhG:974-976", "BG.UrhG.002:273-276", "§ 37g UrhG # Ausnahme von Computerprogrammen"],
  "072": "VI. Abschnitt",
  "073": "Sondervorschriften für gewerbsmäßig hergestellte Filmwerke.",
  "§ 38 UrhG": ["BG.UrhG:982-994", "BG.UrhG.003:16-30", "§ 38 UrhG # Rechte am Filmwerk"],
  "§ 39 UrhG": ["BG.UrhG:1000-1009", "BG.UrhG.003:32-45", "§ 39 UrhG # Urheber"],
  "§ 40 UrhG": ["BG.UrhG:1015-1021", "BG.UrhG.003:47-56", "§ 40 UrhG # Verwertungsrechte und Werknutzungsrechte"],
  "077": "VIa. Abschnitt",
  "078": "Sondervorschriften für Computerprogramme",
  "§ 40a UrhG": ["BG.UrhG:1027-1035", "BG.UrhG.003:58-66", "§ 40a UrhG # Computerprogramme"],
  "§ 40b UrhG": ["BG.UrhG:1041-1043", "BG.UrhG.003:68-71", "§ 40b UrhG # Dienstnehmer"],
  "§ 40c UrhG": ["BG.UrhG:1049-1051", "BG.UrhG.003:73-76", "§ 40c UrhG # Werknutzungsrechte"],
  "§ 40d UrhG": ["BG.UrhG:1057-1069", "BG.UrhG.003:78-94", "§ 40d UrhG # Freie Werknutzungen"],
  "§ 40e UrhG": ["BG.UrhG:1075-1095", "BG.UrhG.003:96-119", "§ 40e UrhG # Dekompilierung"],
  "084": "VIb. Abschnitt",
  "085": "Sondervorschriften für Datenbankwerke",
  "§ 40f UrhG": ["BG.UrhG:1101-1111", "BG.UrhG.003:121-132", "§ 40f UrhG # Datenbanken und Datenbankwerke"],
  "§ 40g UrhG": ["BG.UrhG:1117-1119", "BG.UrhG.003:134-137", "§ 40g UrhG # Wiedergaberecht"],
  "§ 40h UrhG": ["BG.UrhG:1125-1131", "BG.UrhG.003:139-148", "§ 40h UrhG # Freie Werknutzungen"],
  "089": "VII. Abschnitt.",
  "090": "Beschränkungen der Verwertungsrechte.",
  "091": "1. Freie Werknutzungen.",
  "§ 41 UrhG": ["BG.UrhG:1137-1145", "BG.UrhG.004:16-21", "§ 41 UrhG # Freie Werknutzungen im Interesse der Rechtspflege und der Verwaltung"],
  "§ 41a UrhG": ["BG.UrhG:1151-1161", "BG.UrhG.004:23-34", "§ 41a UrhG # Flüchtige und begleitende Vervielfältigungen"],
  "§ 42 UrhG": ["BG.UrhG:1167-1191", "BG.UrhG.004:36-68", "§ 42 UrhG # Vervielfältigung zum eigenen und zum privaten Gebrauch"],
  "§ 42a UrhG": ["BG.UrhG:1197-1207", "BG.UrhG.004:70-82", "§ 42a UrhG"],
  "§ 42b UrhG": ["BG.UrhG:1213-1265", "BG.UrhG.004:84-145", "§ 42b UrhG"],
  "§ 42c UrhG": ["BG.UrhG:1271-1273", "BG.UrhG.004:147-150", "§ 42c UrhG # Berichterstattung über Tagesereignisse"],
  "§ 42d UrhG": ["BG.UrhG:1279-1329", "BG.UrhG.004:152-211", "§ 42d UrhG # Menschen mit Behinderungen"],
  "§ 42e UrhG": ["BG.UrhG:1335-1337", "BG.UrhG.004:213-216", "§ 42e UrhG # Unwesentliches Beiwerk"],
  "§ 42f UrhG": ["BG.UrhG:1343-1359", "BG.UrhG.004:218-237", "§ 42f UrhG # Zitate, Karikaturen, Parodien und Pastiches"],
  "§ 42g UrhG": ["BG.UrhG:1365-1381", "BG.UrhG.004:239-259", "§ 42g UrhG # Digitale Nutzungen in Unterricht und Lehre"],
  "§ 42h UrhG": ["BG.UrhG:1387-1405", "BG.UrhG.004:261-285", "§ 42h UrhG # Text- und Data-Mining"],
  "§ 43 UrhG": ["BG.UrhG:1411-1417", "BG.UrhG.004:287-296", "§ 43 UrhG # Freie Werknutzungen an Werken der Literatur"],
  "§ 44 UrhG": ["BG.UrhG:1423-1429", "BG.UrhG.004:298-307", "§ 44 UrhG"],
  "§ 45 UrhG": ["BG.UrhG:1435-1445", "BG.UrhG.004:309-322", "§ 45 UrhG"],
  "§ 47 UrhG": ["BG.UrhG:1451-1459", "BG.UrhG.004:324-336", "§ 47 UrhG"],
  "§ 48 UrhG": ["BG.UrhG:1465-1473", "BG.UrhG.004:338-347", "§ 48 UrhG"],
  "§ 50 UrhG": ["BG.UrhG:1479-1483", "BG.UrhG.004:349-355", "§ 50 UrhG"],
  "§ 51 UrhG": ["BG.UrhG:1489-1497", "BG.UrhG.004:357-367", "§ 51 UrhG # Freie Werknutzungen an Werken der Tonkunst"],
  "§ 53 UrhG": ["BG.UrhG:1503-1517", "BG.UrhG.004:369-386", "§ 53 UrhG"],
  "§ 54 UrhG": ["BG.UrhG:1523-1537", "BG.UrhG.004:388-403", "§ 54 UrhG # Freie Werknutzungen an Werken der bildenden Künste"],
  "§ 55 UrhG": ["BG.UrhG:1543-1549", "BG.UrhG.004:405-414", "§ 55 UrhG"],
  "§ 56 UrhG": ["BG.UrhG:1555-1561", "BG.UrhG.004:416-425", "§ 56 UrhG # Benutzung von Bild- oder Schallträgern und Rundfunksendungen in bestimmten Geschäftsbetrieben"],
  "§ 56a UrhG": ["BG.UrhG:1567-1571", "BG.UrhG.004:427-433", "§ 56a UrhG # Überlassung von Bild- oder Schallträgern an bestimmte Bundesanstalten"],
  "§ 56b UrhG": ["BG.UrhG:1577-1581", "BG.UrhG.004:435-441", "§ 56b UrhG # Benutzung von Bild- oder Schallträgern in Bibliotheken"],
  "§ 56c UrhG": ["BG.UrhG:1587-1597", "BG.UrhG.004:443-456", "§ 56c UrhG # Öffentliche Wiedergabe im Unterricht"],
  "§ 56d UrhG": ["BG.UrhG:1603-1613", "BG.UrhG.004:458-470", "§ 56d UrhG # Öffentliche Wiedergabe in Beherbergungsbetrieben"],
  "§ 56e UrhG": ["BG.UrhG:1619-1663", "BG.UrhG.004:472-521", "§ 56e UrhG # Verwaiste Werke"],
  "§ 56f UrhG": ["BG.UrhG:1669-1699", "BG.UrhG.004:523-560", "§ 56f UrhG # Nicht verfügbare Werke"],
  "§ 57 UrhG": ["BG.UrhG:1705-1725", "BG.UrhG.004:562-587", "§ 57 UrhG # Schutz geistiger Interessen bei freien Werknutzungen"],
  "§ 57a UrhG": ["BG.UrhG:1731-1733", "BG.UrhG.004:589-592", "§ 57a UrhG # Verlegerbeteiligung an gesetzlichen Vergütungsansprüchen"],
  "122": "2. Bewilligungszwang bei Schallträgern.",
  "§ 58 UrhG": ["BG.UrhG:1739-1749", "BG.UrhG.005:16-30", "§ 58 UrhG"],
  "124": "3. Benutzung von Rundfunksendungen.",
  "§ 59 UrhG": ["BG.UrhG:1755-1759", "BG.UrhG.005:32-37", "§ 59 UrhG"],
  "§ 59a UrhG": ["BG.UrhG:1765-1771", "BG.UrhG.005:39-48", "§ 59a UrhG"],
  "§ 59b UrhG": ["BG.UrhG:1777-1783", "BG.UrhG.005:50-59", "§ 59b UrhG"],
  "128": "4. Schulbücher und Prüfungsaufgaben",
  "§ 59c UrhG": ["BG.UrhG:1789-1795", "BG.UrhG.005:61-69", "§ 59c UrhG"],
  "130": "VIII. Abschnitt.",
  "131": "Dauer des Urheberrechtes.",
  "§ 60 UrhG": ["BG.UrhG:1801-1809", "BG.UrhG.005:71-79", "§ 60 UrhG # Werke der Literatur, der Tonkunst und der bildenden Künste"],
  "§ 61 UrhG": ["BG.UrhG:1815-1821", "BG.UrhG.005:81-90", "§ 61 UrhG"],
  "§ 62 UrhG": ["BG.UrhG:1827-1829", "BG.UrhG.005:92-95", "§ 62 UrhG # Filmwerke"],
  "§ 63 UrhG": ["BG.UrhG:1835-1837", "BG.UrhG.005:97-100", "§ 63 UrhG # Lieferungswerke"],
  "§ 64 UrhG": ["BG.UrhG:1843-1845", "BG.UrhG.005:102-105", "§ 64 UrhG # Berechnung der Schutzfristen"],
  "§ 65 UrhG": ["BG.UrhG:1851-1853", "BG.UrhG.005:107-110", "§ 65 UrhG # Die Schutzfrist überdauernde Rechte"],
  "138": "II. Hauptstück.",
  "139": "Verwandte Schutzrechte.",
  "140": "I. Abschnitt.",
  "141": "Schutz von Darbietungen",
  "§ 66 UrhG": ["BG.UrhG:1859-1869", "BG.UrhG.005:112-117", "§ 66 UrhG # Ausübender Künstler"],
  "§ 67 UrhG": ["BG.UrhG:1875-1883", "BG.UrhG.005:119-131", "§ 67 UrhG # Schutz geistiger Interessen"],
  "§ 68 UrhG": ["BG.UrhG:1889-1903", "BG.UrhG.005:133-151", "§ 68 UrhG # Verwertungsrechte"],
  "§ 69 UrhG": ["BG.UrhG:1909-1913", "BG.UrhG.005:153-159", "§ 69 UrhG # Rechte an Darbietungen für ein Filmwerk"],
  "§ 70 UrhG": ["BG.UrhG:1919-1925", "BG.UrhG.005:161-170", "§ 70 UrhG # Gemeinsame Darbietung mehrerer ausübender Künstler"],
  "§ 71 UrhG": ["BG.UrhG:1931-1943", "BG.UrhG.005:172-190", "§ 71 UrhG # Freie Nutzungen"],
  "§ 72 UrhG": ["BG.UrhG:1949-1965", "BG.UrhG.005:192-213", "§ 72 UrhG # Schutz des Veranstalters"],
  "149": "II. Abschnitt",
  "150": "Schutz von Lichtbildern, Schallträgern, Rundfunksendungen und nachgelassenen Werken",
  "151": "1. Lichtbilder.",
  "§ 73 UrhG": ["BG.UrhG:1971-1981", "BG.UrhG.005:215-223", "§ 73 UrhG"],
  "§ 74 UrhG": ["BG.UrhG:1987-2003", "BG.UrhG.005:225-249", "§ 74 UrhG # Schutzrecht"],
  "§ 75 UrhG": ["BG.UrhG:2009-2013", "BG.UrhG.005:251-257", "§ 75 UrhG # Sondervorschriften für Lichtbildnisse von Personen"],
  "155": "2. Schallträger.",
  "§ 76 UrhG": ["BG.UrhG:2019-2039", "BG.UrhG.006:16-45", "§ 76 UrhG"],
  "157": "3. Rundfunksendungen",
  "§ 76a UrhG": ["BG.UrhG:2045-2057", "BG.UrhG.006:47-64", "§ 76a UrhG"],
  "159": "4. Nachgelassene Werke",
  "§ 76b UrhG": ["BG.UrhG:2063-2067", "BG.UrhG.006:66-71", "§ 76b UrhG"],
  "161": "IIa. Abschnitt",
  "§ 76c UrhG": ["BG.UrhG:2073-2083", "BG.UrhG.006:73-87", "§ 76c UrhG # Geschützte Datenbanken"],
  "§ 76d UrhG": ["BG.UrhG:2089-2103", "BG.UrhG.006:89-108", "§ 76d UrhG # Schutzrecht"],
  "§ 76e UrhG": ["BG.UrhG:2109-2111", "BG.UrhG.006:110-113", "§ 76e UrhG # Verträge über die Benutzung einer Datenbank"],
  "165": "IIb. Abschnitt",
  "§ 76f UrhG": ["BG.UrhG:2117-2131", "BG.UrhG.006:115-135", "§ 76f UrhG # Schutz der Hersteller von Presseveröffentlichungen"],
  "167": "III. Abschnitt.",
  "168": "Brief- und Bildnisschutz.",
  "§ 77 UrhG": ["BG.UrhG:2137-2153", "BG.UrhG.006:137-157", "§ 77 UrhG # Briefschutz"],
  "§ 78 UrhG": ["BG.UrhG:2159-2163", "BG.UrhG.006:159-165", "§ 78 UrhG # Bildnisschutz"],
  "171": "IV. Abschnitt.",
  "172": "Nachrichtenschutz. Schutz des Titels von Werken der Literatur und der Kunst.",
  "§ 79 UrhG": ["BG.UrhG:2169-2177", "BG.UrhG.006:167-175", "§ 79 UrhG # Nachrichtenschutz"],
  "§ 80 UrhG": ["BG.UrhG:2183-2187", "BG.UrhG.006:177-183", "§ 80 UrhG # Titelschutz"],
  "175": "III. Hauptstück.",
  "176": "Rechtsdurchsetzung",
  "177": "I. Abschnitt.",
  "178": "Zivilrechtliche Vorschriften.",
  "§ 81 UrhG": ["BG.UrhG:2193-2206", "BG.UrhG.007:16-25", "§ 81 UrhG # Unterlassungsanspruch"],
  "§ 82 UrhG": ["BG.UrhG:2212-2224", "BG.UrhG.007:27-45", "§ 82 UrhG # Beseitigungsanspruch"],
  "§ 83 UrhG": ["BG.UrhG:2230-2236", "BG.UrhG.007:47-56", "§ 83 UrhG # Unterlassungs- und Beseitigungsanspruch bei Werken der bildenden Künste"],
  "§ 84 UrhG": ["BG.UrhG:2242-2248", "BG.UrhG.007:58-67", "§ 84 UrhG # Unterlassungs- und Beseitigungsanspruch in den Fällen der §§ 79 und 80"],
  "§ 85 UrhG": ["BG.UrhG:2254-2262", "BG.UrhG.007:69-81", "§ 85 UrhG # Urteilsveröffentlichung"],
  "§ 86 UrhG": ["BG.UrhG:2268-2290", "BG.UrhG.007:83-107", "§ 86 UrhG # Anspruch auf angemessenes Entgelt"],
  "§ 87 UrhG": ["BG.UrhG:2296-2306", "BG.UrhG.007:109-124", "§ 87 UrhG # Anspruch auf Schadenersatz und auf Herausgabe des Gewinnes"],
  "§ 87a UrhG": ["BG.UrhG:2312-2318", "BG.UrhG.007:126-135", "§ 87a UrhG # Anspruch auf Rechnungslegung"],
  "§ 87b UrhG": ["BG.UrhG:2324-2346", "BG.UrhG.007:137-165", "§ 87b UrhG # Anspruch auf Auskunft"],
  "§ 87c UrhG": ["BG.UrhG:2352-2360", "BG.UrhG.007:167-179", "§ 87c UrhG # Einstweilige Verfügungen"],
  "§ 88 UrhG": ["BG.UrhG:2366-2370", "BG.UrhG.007:181-187", "§ 88 UrhG # Haftung des Inhabers eines Unternehmens"],
  "§ 89 UrhG": ["BG.UrhG:2376-2378", "BG.UrhG.007:189-192", "§ 89 UrhG # Haftung mehrerer Verpflichteter"],
  "§ 89a UrhG": ["BG.UrhG:2384-2400", "BG.UrhG.007:194-215", "§ 89a UrhG # „Anspruch auf Schadenersatz gegen den Anbieter einer großen Online-Plattform"],
  "§ 89b UrhG": ["BG.UrhG:2406-2434", "BG.UrhG.007:217-254", "§ 89b UrhG # Schutz der Anliegen von Nutzern großer Online-Plattformen"],
  "§ 89c UrhG": ["BG.UrhG:2440-2486", "BG.UrhG.007:256-309", "§ 89c UrhG # Aufsicht über Anbieter großer Online-Plattformen"],
  "§ 90 UrhG": ["BG.UrhG:2492-2496", "BG.UrhG.007:311-317", "§ 90 UrhG # Verjährung"],
  "§ 90a UrhG": ["BG.UrhG:2502-2506", "BG.UrhG.007:319-325", "§ 90a UrhG # Meldepflicht für das Inverkehrbringen von Speichermedien und Vervielfältigungsgeräten"],
  "§ 90b UrhG": ["BG.UrhG:2512-2514", "BG.UrhG.007:327-330", "§ 90b UrhG # Schutz von Computerprogrammen"],
  "§ 90c UrhG": ["BG.UrhG:2520-2566", "BG.UrhG.007:332-385", "§ 90c UrhG # Schutz technischer Maßnahmen"],
  "§ 90d UrhG": ["BG.UrhG:2572-2594", "BG.UrhG.007:387-413", "§ 90d UrhG # Schutz von Kennzeichnungen"],
  "199": "II. Abschnitt.",
  "200": "Strafrechtliche Vorschriften.",
  "§ 91 UrhG": ["BG.UrhG:2600-2617", "BG.UrhG.008:16-37", "§ 91 UrhG # Eingriff"],
  "§ 92 UrhG": ["BG.UrhG:2623-2629", "BG.UrhG.008:39-48", "§ 92 UrhG # Vernichtung und Unbrauchbarmachung von Eingriffsgegenständen und Eingriffsmitteln"],
  "§ 93 UrhG": ["BG.UrhG:2635-2647", "BG.UrhG.008:50-68", "§ 93 UrhG # Beschlagnahme"],
  "204": "IV. Hauptstück.",
  "205": "Anwendungsbereich des Gesetzes.",
  "206": "1. Werke der Literatur und der Kunst.",
  "§ 94 UrhG": ["BG.UrhG:2653-2661", "BG.UrhG.008:70-75", "§ 94 UrhG # Werke der Staatsbürger"],
  "§ 95 UrhG": ["BG.UrhG:2667-2669", "BG.UrhG.008:77-80", "§ 95 UrhG # Im Inland erschienene und mit inländischen Liegenschaften verbundene Werke"],
  "§ 96 UrhG": ["BG.UrhG:2675-2679", "BG.UrhG.008:82-88", "§ 96 UrhG # Nicht im Inland erschienene und nicht mit inländischen Liegenschaften verbundene Werke von Ausländern"],
  "210": "2. Darbietungen",
  "§ 97 UrhG": ["BG.UrhG:2685-2691", "BG.UrhG.008:90-98", "§ 97 UrhG"],
  "212": "3. Lichtbilder.",
  "§ 98 UrhG": ["BG.UrhG:2697-2703", "BG.UrhG.008:100-108", "§ 98 UrhG"],
  "214": "4. Schallträger und Rundfunksendungen",
  "§ 99 UrhG": ["BG.UrhG:2709-2721", "BG.UrhG.008:110-127", "§ 99 UrhG # Schallträger"],
  "§ 99a UrhG": ["BG.UrhG:2727-2729", "BG.UrhG.008:129-132", "§ 99a UrhG # Rundfunksendungen"],
  "§ 99b UrhG": ["BG.UrhG:2735-2737", "BG.UrhG.008:134-137", "§ 99b UrhG # Nachgelassene Werke"],
  "218": "4a. Datenbanken",
  "§ 99c UrhG": ["BG.UrhG:2743-2755", "BG.UrhG.008:139-154", "§ 99c UrhG"],
  "§ 99d UrhG": ["BG.UrhG:2761-2769", "BG.UrhG.008:156-166", "§ 99d UrhG # 4b. Presseveröffentlichungen"],
  "221": "5. Nachrichtenschutz und Titelschutz.",
  "§ 100 UrhG": ["BG.UrhG:2775-2781", "BG.UrhG.008:168-176", "§ 100 UrhG"],
  "223": "V. Hauptstück.",
  "§ 101 UrhG": ["BG.UrhG:2787-2795", "BG.UrhG.009:16-27", "§ 101 UrhG # Übergangs- und Schlußbestimmungen"],
  "§ 102 UrhG": ["BG.UrhG:2801-2805", "BG.UrhG.009:29-35", "§ 102 UrhG"],
  "§ 103 UrhG": ["BG.UrhG:2811-2813", "BG.UrhG.009:37-40", "§ 103 UrhG"],
  "§ 104 UrhG": ["BG.UrhG:2819-2821", "BG.UrhG.009:42-45", "§ 104 UrhG"],
  "§ 105 UrhG": ["BG.UrhG:2827-2829", "BG.UrhG.009:47-50", "§ 105 UrhG"],
  "§ 106 UrhG": ["BG.UrhG:2835-2839", "BG.UrhG.009:52-58", "§ 106 UrhG"],
  "§ 107 UrhG": ["BG.UrhG:2845-2847", "BG.UrhG.009:60-63", "§ 107 UrhG"],
  "§ 108 UrhG": ["BG.UrhG:2853-2855", "BG.UrhG.009:65-68", "§ 108 UrhG"],
  "§ 109 UrhG": ["BG.UrhG:2861-2865", "BG.UrhG.009:70-76", "§ 109 UrhG"],
  "§ 110 UrhG": ["BG.UrhG:2871-2875", "BG.UrhG.009:78-84", "§ 110 UrhG"],
  "§ 111 UrhG": ["BG.UrhG:2881-2883", "BG.UrhG.009:86-89", "§ 111 UrhG"],
  "§ 112 UrhG": ["BG.UrhG:2889-2891", "BG.UrhG.009:91-94", "§ 112 UrhG"],
  "§ 113 UrhG": ["BG.UrhG:2897-2903", "BG.UrhG.009:96-104", "§ 113 UrhG"],
  "§ 114 UrhG": ["BG.UrhG:2909-2915", "BG.UrhG.009:106-115", "§ 114 UrhG"],
  "§ 115 UrhG": ["BG.UrhG:2921-2963", "BG.UrhG.009:117-166", "§ 115 UrhG # Verhältnis zum Recht der Europäischen Union"],
  "§ 116 UrhG": ["BG.UrhG:2969-3007", "BG.UrhG.009:168-225", "§ 116 UrhG # Inkrafttreten von Novellen"]
}
