{
  "000": "ERSTER TEIL.",
  "001": "Gezogener Wechsel.",
  "002": "ERSTER ABSCHNITT.",
  "003": "Ausstellung und Form des gezogenen Wechsels.",
  "Art. 1 WechselG": ["BG.WechselG:185-211", "BG.WechselG.001:17-38", "Art. 1 WechselG"],
  "Art. 2 WechselG": ["BG.WechselG:217-225", "BG.WechselG.001:40-52", "Art. 2 WechselG"],
  "Art. 3 WechselG": ["BG.WechselG:231-237", "BG.WechselG.001:54-63", "Art. 3 WechselG"],
  "Art. 4 WechselG": ["BG.WechselG:243-245", "BG.WechselG.001:65-68", "Art. 4 WechselG"],
  "Art. 5 WechselG": ["BG.WechselG:251-257", "BG.WechselG.001:70-79", "Art. 5 WechselG"],
  "Art. 6 WechselG": ["BG.WechselG:263-267", "BG.WechselG.001:81-87", "Art. 6 WechselG"],
  "Art. 7 WechselG": ["BG.WechselG:273-275", "BG.WechselG.001:89-92", "Art. 7 WechselG"],
  "Art. 8 WechselG": ["BG.WechselG:281-283", "BG.WechselG.001:94-97", "Art. 8 WechselG"],
  "Art. 9 WechselG": ["BG.WechselG:289-293", "BG.WechselG.001:99-105", "Art. 9 WechselG"],
  "Art. 10 WechselG": ["BG.WechselG:299-301", "BG.WechselG.001:107-110", "Art. 10 WechselG"],
  "014": "ZWEITER ABSCHNITT.",
  "015": "Indossament.",
  "Art. 11 WechselG": ["BG.WechselG:307-317", "BG.WechselG.001:112-123", "Art. 11 WechselG"],
  "Art. 12 WechselG": ["BG.WechselG:323-329", "BG.WechselG.001:125-134", "Art. 12 WechselG"],
  "Art. 13 WechselG": ["BG.WechselG:335-339", "BG.WechselG.001:136-142", "Art. 13 WechselG"],
  "Art. 14 WechselG": ["BG.WechselG:345-355", "BG.WechselG.001:144-156", "Art. 14 WechselG"],
  "Art. 15 WechselG": ["BG.WechselG:361-365", "BG.WechselG.001:158-164", "Art. 15 WechselG"],
  "Art. 16 WechselG": ["BG.WechselG:371-375", "BG.WechselG.001:166-172", "Art. 16 WechselG"],
  "Art. 17 WechselG": ["BG.WechselG:381-383", "BG.WechselG.001:174-177", "Art. 17 WechselG"],
  "Art. 18 WechselG": ["BG.WechselG:389-395", "BG.WechselG.001:179-188", "Art. 18 WechselG"],
  "Art. 19 WechselG": ["BG.WechselG:401-405", "BG.WechselG.001:190-196", "Art. 19 WechselG"],
  "Art. 20 WechselG": ["BG.WechselG:411-415", "BG.WechselG.001:198-204", "Art. 20 WechselG"],
  "026": "DRITTER ABSCHNITT.",
  "027": "Annahme.",
  "Art. 21 WechselG": ["BG.WechselG:421-427", "BG.WechselG.001:206-211", "Art. 21 WechselG"],
  "Art. 22 WechselG": ["BG.WechselG:433-441", "BG.WechselG.001:213-225", "Art. 22 WechselG"],
  "Art. 23 WechselG": ["BG.WechselG:447-453", "BG.WechselG.001:227-236", "Art. 23 WechselG"],
  "Art. 24 WechselG": ["BG.WechselG:459-463", "BG.WechselG.001:238-244", "Art. 24 WechselG"],
  "Art. 25 WechselG": ["BG.WechselG:469-473", "BG.WechselG.001:246-252", "Art. 25 WechselG"],
  "Art. 26 WechselG": ["BG.WechselG:479-483", "BG.WechselG.001:254-260", "Art. 26 WechselG"],
  "Art. 27 WechselG": ["BG.WechselG:489-493", "BG.WechselG.001:262-268", "Art. 27 WechselG"],
  "Art. 28 WechselG": ["BG.WechselG:499-503", "BG.WechselG.001:270-276", "Art. 28 WechselG"],
  "Art. 29 WechselG": ["BG.WechselG:509-513", "BG.WechselG.001:278-284", "Art. 29 WechselG"],
  "037": "VIERTER ABSCHNITT.",
  "038": "Wechselbürgschaft.",
  "Art. 30 WechselG": ["BG.WechselG:519-527", "BG.WechselG.001:286-294", "Art. 30 WechselG"],
  "Art. 31 WechselG": ["BG.WechselG:533-541", "BG.WechselG.001:296-308", "Art. 31 WechselG"],
  "Art. 32 WechselG": ["BG.WechselG:547-553", "BG.WechselG.001:310-319", "Art. 32 WechselG"],
  "042": "FÜNFTER ABSCHNITT.",
  "043": "Verfall.",
  "Art. 33 WechselG": ["BG.WechselG:559-573", "BG.WechselG.001:321-335", "Art. 33 WechselG"],
  "Art. 34 WechselG": ["BG.WechselG:579-583", "BG.WechselG.001:337-343", "Art. 34 WechselG"],
  "Art. 35 WechselG": ["BG.WechselG:589-593", "BG.WechselG.001:345-351", "Art. 35 WechselG"],
  "Art. 36 WechselG": ["BG.WechselG:599-609", "BG.WechselG.001:353-368", "Art. 36 WechselG"],
  "Art. 37 WechselG": ["BG.WechselG:615-623", "BG.WechselG.001:370-382", "Art. 37 WechselG"],
  "049": "SECHSTER ABSCHNITT.",
  "050": "Zahlung.",
  "Art. 38 WechselG": ["BG.WechselG:629-639", "BG.WechselG.001:384-395", "Art. 38 WechselG"],
  "Art. 39 WechselG": ["BG.WechselG:645-651", "BG.WechselG.001:397-406", "Art. 39 WechselG"],
  "Art. 40 WechselG": ["BG.WechselG:657-663", "BG.WechselG.001:408-417", "Art. 40 WechselG"],
  "Art. 41 WechselG": ["BG.WechselG:669-677", "BG.WechselG.001:419-431", "Art. 41 WechselG"],
  "Art. 42 WechselG": ["BG.WechselG:683-685", "BG.WechselG.001:433-436", "Art. 42 WechselG"],
  "056": "SIEBENTER ABSCHNITT.",
  "057": "Rückgriff mangels Annahme und mangels Zahlung.",
  "Art. 43 WechselG": ["BG.WechselG:691-705", "BG.WechselG.002:15-29", "Art. 43 WechselG"],
  "Art. 44 WechselG": ["BG.WechselG:711-723", "BG.WechselG.002:31-49", "Art. 44 WechselG"],
  "Art. 45 WechselG": ["BG.WechselG:729-741", "BG.WechselG.002:51-69", "Art. 45 WechselG"],
  "Art. 46 WechselG": ["BG.WechselG:747-753", "BG.WechselG.002:71-80", "Art. 46 WechselG"],
  "Art. 47 WechselG": ["BG.WechselG:759-767", "BG.WechselG.002:82-94", "Art. 47 WechselG"],
  "Art. 48 WechselG": ["BG.WechselG:773-785", "BG.WechselG.002:96-110", "Art. 48 WechselG"],
  "Art. 49 WechselG": ["BG.WechselG:791-801", "BG.WechselG.002:112-123", "Art. 49 WechselG"],
  "Art. 50 WechselG": ["BG.WechselG:807-811", "BG.WechselG.002:125-131", "Art. 50 WechselG"],
  "Art. 51 WechselG": ["BG.WechselG:817-819", "BG.WechselG.002:133-136", "Art. 51 WechselG"],
  "Art. 52 WechselG": ["BG.WechselG:825-831", "BG.WechselG.002:138-147", "Art. 52 WechselG"],
  "Art. 53 WechselG": ["BG.WechselG:837-847", "BG.WechselG.002:149-162", "Art. 53 WechselG"],
  "Art. 54 WechselG": ["BG.WechselG:853-867", "BG.WechselG.002:164-185", "Art. 54 WechselG"],
  "070": "ACHTER ABSCHNITT.",
  "071": "Ehreneintritt.",
  "072": "1. Allgemeine Vorschriften.",
  "Art. 55 WechselG": ["BG.WechselG:873-887", "BG.WechselG.002:187-201", "Art. 55 WechselG"],
  "074": "2. Ehrenannahme.",
  "Art. 56 WechselG": ["BG.WechselG:893-901", "BG.WechselG.002:203-214", "Art. 56 WechselG"],
  "Art. 57 WechselG": ["BG.WechselG:907-909", "BG.WechselG.002:216-219", "Art. 57 WechselG"],
  "Art. 58 WechselG": ["BG.WechselG:915-919", "BG.WechselG.002:221-227", "Art. 58 WechselG"],
  "078": "3. Ehrenzahlung.",
  "Art. 59 WechselG": ["BG.WechselG:925-933", "BG.WechselG.002:229-240", "Art. 59 WechselG"],
  "Art. 60 WechselG": ["BG.WechselG:939-943", "BG.WechselG.002:242-248", "Art. 60 WechselG"],
  "Art. 61 WechselG": ["BG.WechselG:949-951", "BG.WechselG.002:250-253", "Art. 61 WechselG"],
  "Art. 62 WechselG": ["BG.WechselG:957-961", "BG.WechselG.002:255-261", "Art. 62 WechselG"],
  "Art. 63 WechselG": ["BG.WechselG:967-973", "BG.WechselG.002:263-272", "Art. 63 WechselG"],
  "084": "NEUNTER ABSCHNITT.",
  "085": "Ausfertigung mehrerer Stücke eines Wechsels; Wechselabschriften.",
  "086": "1. Ausfertigungen.",
  "Art. 64 WechselG": ["BG.WechselG:979-991", "BG.WechselG.002:274-285", "Art. 64 WechselG"],
  "Art. 65 WechselG": ["BG.WechselG:997-1001", "BG.WechselG.002:287-293", "Art. 65 WechselG"],
  "Art. 66 WechselG": ["BG.WechselG:1007-1015", "BG.WechselG.002:295-305", "Art. 66 WechselG"],
  "090": "2. Abschriften.",
  "Art. 67 WechselG": ["BG.WechselG:1021-1029", "BG.WechselG.002:307-318", "Art. 67 WechselG"],
  "Art. 68 WechselG": ["BG.WechselG:1035-1041", "BG.WechselG.002:320-329", "Art. 68 WechselG"],
  "093": "ZEHNTER ABSCHNITT.",
  "094": "Änderungen.",
  "Art. 69 WechselG": ["BG.WechselG:1047-1053", "BG.WechselG.002:331-336", "Art. 69 WechselG"],
  "096": "ELFTER ABSCHNITT.",
  "097": "Verjährung.",
  "Art. 70 WechselG": ["BG.WechselG:1059-1069", "BG.WechselG.002:338-349", "Art. 70 WechselG"],
  "Art. 71 WechselG": ["BG.WechselG:1075-1079", "BG.WechselG.002:351-357", "Art. 71 WechselG"],
  "100": "ZWÖLFTER ABSCHNITT.",
  "101": "Allgemeine Vorschriften.",
  "Art. 72 WechselG": ["BG.WechselG:1085-1095", "BG.WechselG.002:359-370", "Art. 72 WechselG"],
  "Art. 73 WechselG": ["BG.WechselG:1101-1103", "BG.WechselG.002:372-375", "Art. 73 WechselG"],
  "Art. 74 WechselG": ["BG.WechselG:1109-1111", "BG.WechselG.002:377-380", "Art. 74 WechselG"],
  "105": "ZWEITER TEIL.",
  "106": "Eigener Wechsel.",
  "Art. 75 WechselG": ["BG.WechselG:1117-1137", "BG.WechselG.002:382-401", "Art. 75 WechselG"],
  "Art. 76 WechselG": ["BG.WechselG:1143-1151", "BG.WechselG.002:403-415", "Art. 76 WechselG"],
  "Art. 77 WechselG": ["BG.WechselG:1157-1183", "BG.WechselG.002:417-446", "Art. 77 WechselG"],
  "Art. 78 WechselG": ["BG.WechselG:1189-1193", "BG.WechselG.002:448-454", "Art. 78 WechselG"],
  "111": "DRITTER TEIL.",
  "112": "Ergänzende Vorschriften.",
  "113": "ERSTER ABSCHNITT.",
  "114": "Protest.",
  "Art. 79 WechselG": ["BG.WechselG:1199-1209", "BG.WechselG.003:15-20", "Art. 79 WechselG"],
  "Art. 80 WechselG": ["BG.WechselG:1215-1227", "BG.WechselG.003:22-37", "Art. 80 WechselG"],
  "Art. 81 WechselG": ["BG.WechselG:1233-1241", "BG.WechselG.003:39-51", "Art. 81 WechselG"],
  "Art. 82 WechselG": ["BG.WechselG:1247-1253", "BG.WechselG.003:53-62", "Art. 82 WechselG"],
  "Art. 83 WechselG": ["BG.WechselG:1259-1261", "BG.WechselG.003:64-67", "Art. 83 WechselG"],
  "Art. 84 WechselG": ["BG.WechselG:1267-1269", "BG.WechselG.003:69-72", "Art. 84 WechselG"],
  "Art. 85 WechselG": ["BG.WechselG:1275-1292", "BG.WechselG.003:74-94", "Art. 85 WechselG"],
  "Art. 86 WechselG": ["BG.WechselG:1298-1300", "BG.WechselG.003:96-99", "Art. 86 WechselG"],
  "Art. 87 WechselG": ["BG.WechselG:1306-1308", "BG.WechselG.003:101-104", "Art. 87 WechselG"],
  "Art. 88 WechselG": ["BG.WechselG:1314-1318", "BG.WechselG.003:106-112", "Art. 88 WechselG"],
  "125": "ZWEITER ABSCHNITT.",
  "126": "Bereicherung.",
  "Art. 89 WechselG": ["BG.WechselG:1324-1332", "BG.WechselG.003:114-122", "Art. 89 WechselG"],
  "128": "DRITTER ABSCHNITT.",
  "129": "Abhanden gekommene Wechsel und Protesturkunden.",
  "Art. 90 WechselG": ["BG.WechselG:1338-1346", "BG.WechselG.003:124-132", "Art. 90 WechselG"],
  "131": "VIERTER TEIL.",
  "132": "Geltungsbereich der Gesetze.",
  "Art. 91 WechselG": ["BG.WechselG:1352-1360", "BG.WechselG.003:134-142", "Art. 91 WechselG"],
  "Art. 92 WechselG": ["BG.WechselG:1366-1372", "BG.WechselG.003:144-153", "Art. 92 WechselG"],
  "Art. 93 WechselG": ["BG.WechselG:1378-1382", "BG.WechselG.003:155-161", "Art. 93 WechselG"],
  "Art. 94 WechselG": ["BG.WechselG:1388-1390", "BG.WechselG.003:163-166", "Art. 94 WechselG"],
  "Art. 95 WechselG": ["BG.WechselG:1396-1398", "BG.WechselG.003:168-171", "Art. 95 WechselG"],
  "Art. 96 WechselG": ["BG.WechselG:1404-1408", "BG.WechselG.003:173-179", "Art. 96 WechselG"],
  "Art. 97 WechselG": ["BG.WechselG:1414-1416", "BG.WechselG.003:181-184", "Art. 97 WechselG"],
  "Art. 98 WechselG": ["BG.WechselG:1422-1424", "BG.WechselG.003:186-189", "Art. 98 WechselG"],
  "141": "FÜNFTER TEIL.",
  "142": "Schlußbestimmungen.",
  "Art. 99 WechselG": ["BG.WechselG:1430-1436", "BG.WechselG.003:191-196", "Art. 99 WechselG"],
  "Art. 100 WechselG": ["BG.WechselG:1442-1458", "BG.WechselG.003:198-214", "Art. 100 WechselG"],
  "Art. 101 WechselG": ["BG.WechselG:1464-1466", "BG.WechselG.003:216-219", "Art. 101 WechselG"],
  "Art. 102 WechselG": ["BG.WechselG:1472-1474", "BG.WechselG.003:221-224", "Art. 102 WechselG"]
}
