{
  "000": "Erster Theil.",
  "001": "Allgemeine Bestimmungen.",
  "002": "Erster Abschnitt.",
  "003": "Parteien.",
  "004": "Erster Titel.",
  "005": "Processfähigkeit.",
  "§ 1 ZPO": ["BG.ZPO:1008-1024", "BG.ZPO.001:17-25", "§ 1 ZPO # "],
  "§ 2 ZPO": ["BG.ZPO:1030-1032", "BG.ZPO.001:27-30", "§ 2 ZPO"],
  "§ 2a ZPO": ["BG.ZPO:1038-1040", "BG.ZPO.001:32-35", "§ 2a ZPO"],
  "§ 3 ZPO": ["BG.ZPO:1046-1048", "BG.ZPO.001:37-40", "§ 3 ZPO # "],
  "§ 4 ZPO": ["BG.ZPO:1054-1058", "BG.ZPO.001:42-48", "§ 4 ZPO # "],
  "§ 5 ZPO": ["BG.ZPO:1064-1066", "BG.ZPO.001:50-53", "§ 5 ZPO # "],
  "§ 6 ZPO": ["BG.ZPO:1072-1078", "BG.ZPO.001:55-64", "§ 6 ZPO # "],
  "§ 6a ZPO": ["BG.ZPO:1084-1086", "BG.ZPO.001:66-69", "§ 6a ZPO"],
  "§ 7 ZPO": ["BG.ZPO:1092-1096", "BG.ZPO.001:71-77", "§ 7 ZPO # "],
  "§ 8 ZPO": ["BG.ZPO:1102-1106", "BG.ZPO.001:79-85", "§ 8 ZPO # "],
  "§ 9 ZPO": ["BG.ZPO:1112-1118", "BG.ZPO.001:87-96", "§ 9 ZPO # "],
  "§ 10 ZPO": ["BG.ZPO:1124-1126", "BG.ZPO.001:98-101", "§ 10 ZPO"],
  "018": "Zweiter Titel.",
  "019": "Streitgenossenschaft und Hauptintervention.",
  "§ 11 ZPO": ["BG.ZPO:1132-1144", "BG.ZPO.001:103-113", "§ 11 ZPO # "],
  "§ 12 ZPO": ["BG.ZPO:1150-1152", "BG.ZPO.001:115-118", "§ 12 ZPO # "],
  "§ 13 ZPO": ["BG.ZPO:1158-1160", "BG.ZPO.001:120-123", "§ 13 ZPO # "],
  "§ 14 ZPO": ["BG.ZPO:1166-1168", "BG.ZPO.001:125-128", "§ 14 ZPO # "],
  "§ 15 ZPO": ["BG.ZPO:1174-1178", "BG.ZPO.001:130-136", "§ 15 ZPO # "],
  "§ 16 ZPO": ["BG.ZPO:1184-1186", "BG.ZPO.001:138-141", "§ 16 ZPO # "],
  "026": "Dritter Titel.",
  "027": "Betheiligung Dritter am Rechtsstreite.",
  "028": "Nebenintervention.",
  "§ 17 ZPO": ["BG.ZPO:1192-1202", "BG.ZPO.001:143-151", "§ 17 ZPO # "],
  "§ 18 ZPO": ["BG.ZPO:1208-1215", "BG.ZPO.001:153-163", "§ 18 ZPO # "],
  "§ 19 ZPO": ["BG.ZPO:1221-1225", "BG.ZPO.001:165-171", "§ 19 ZPO # "],
  "§ 20 ZPO": ["BG.ZPO:1231-1233", "BG.ZPO.001:173-176", "§ 20 ZPO # "],
  "033": "Streitverkündigung.",
  "§ 21 ZPO": ["BG.ZPO:1239-1247", "BG.ZPO.001:178-189", "§ 21 ZPO # "],
  "035": "Benennung des Auctors.",
  "§ 22 ZPO": ["BG.ZPO:1253-1259", "BG.ZPO.001:191-199", "§ 22 ZPO # "],
  "§ 23 ZPO": ["BG.ZPO:1265-1269", "BG.ZPO.001:201-207", "§ 23 ZPO # "],
  "§ 24 ZPO": ["BG.ZPO:1275-1279", "BG.ZPO.001:209-215", "§ 24 ZPO # "],
  "§ 25 ZPO": ["BG.ZPO:1285-1287", "BG.ZPO.001:217-220", "§ 25 ZPO # "],
  "040": "Vierter Titel.",
  "041": "Bevollmächtigte.",
  "§ 26 ZPO": ["BG.ZPO:1293-1301", "BG.ZPO.001:222-230", "§ 26 ZPO # "],
  "§ 27 ZPO": ["BG.ZPO:1307-1315", "BG.ZPO.001:232-244", "§ 27 ZPO"],
  "§ 28 ZPO": ["BG.ZPO:1321-1325", "BG.ZPO.001:246-252", "§ 28 ZPO # "],
  "§ 29 ZPO": ["BG.ZPO:1331-1337", "BG.ZPO.001:254-263", "§ 29 ZPO"],
  "§ 30 ZPO": ["BG.ZPO:1343-1351", "BG.ZPO.001:265-277", "§ 30 ZPO # "],
  "§ 31 ZPO": ["BG.ZPO:1357-1371", "BG.ZPO.001:279-296", "§ 31 ZPO # "],
  "§ 32 ZPO": ["BG.ZPO:1377-1379", "BG.ZPO.001:298-301", "§ 32 ZPO # "],
  "§ 33 ZPO": ["BG.ZPO:1385-1389", "BG.ZPO.001:303-309", "§ 33 ZPO # "],
  "§ 34 ZPO": ["BG.ZPO:1395-1397", "BG.ZPO.001:311-314", "§ 34 ZPO # "],
  "§ 35 ZPO": ["BG.ZPO:1403-1407", "BG.ZPO.001:316-322", "§ 35 ZPO # "],
  "§ 36 ZPO": ["BG.ZPO:1413-1417", "BG.ZPO.001:324-330", "§ 36 ZPO # "],
  "§ 37 ZPO": ["BG.ZPO:1423-1427", "BG.ZPO.001:332-338", "§ 37 ZPO # "],
  "§ 38 ZPO": ["BG.ZPO:1433-1439", "BG.ZPO.001:340-349", "§ 38 ZPO # "],
  "§ 39 ZPO": ["BG.ZPO:1445-1447", "BG.ZPO.001:351-354", "§ 39 ZPO # "],
  "056": "Fünfter Titel.",
  "057": "Processkosten.",
  "§ 40 ZPO": ["BG.ZPO:1453-1461", "BG.ZPO.002:15-23", "§ 40 ZPO # "],
  "§ 41 ZPO": ["BG.ZPO:1467-1473", "BG.ZPO.002:25-34", "§ 41 ZPO # "],
  "§ 42 ZPO": ["BG.ZPO:1479-1483", "BG.ZPO.002:36-42", "§ 42 ZPO # "],
  "§ 43 ZPO": ["BG.ZPO:1489-1493", "BG.ZPO.002:44-50", "§ 43 ZPO # "],
  "§ 44 ZPO": ["BG.ZPO:1499-1503", "BG.ZPO.002:52-58", "§ 44 ZPO # "],
  "§ 45 ZPO": ["BG.ZPO:1509-1511", "BG.ZPO.002:60-63", "§ 45 ZPO # "],
  "§ 45a ZPO": ["BG.ZPO:1517-1521", "BG.ZPO.002:65-71", "§ 45a ZPO # "],
  "§ 46 ZPO": ["BG.ZPO:1527-1531", "BG.ZPO.002:73-79", "§ 46 ZPO # "],
  "§ 47 ZPO": ["BG.ZPO:1537-1541", "BG.ZPO.002:81-87", "§ 47 ZPO # "],
  "§ 48 ZPO": ["BG.ZPO:1547-1551", "BG.ZPO.002:89-95", "§ 48 ZPO # "],
  "§ 50 ZPO": ["BG.ZPO:1557-1561", "BG.ZPO.002:97-103", "§ 50 ZPO # "],
  "§ 51 ZPO": ["BG.ZPO:1567-1571", "BG.ZPO.002:105-111", "§ 51 ZPO # "],
  "§ 52 ZPO": ["BG.ZPO:1577-1587", "BG.ZPO.002:113-128", "§ 52 ZPO"],
  "§ 53 ZPO": ["BG.ZPO:1593-1597", "BG.ZPO.002:130-136", "§ 53 ZPO # "],
  "§ 54 ZPO": ["BG.ZPO:1603-1609", "BG.ZPO.002:138-147", "§ 54 ZPO # "],
  "§ 54a ZPO": ["BG.ZPO:1615-1619", "BG.ZPO.002:149-155", "§ 54a ZPO"],
  "§ 55 ZPO": ["BG.ZPO:1625-1627", "BG.ZPO.002:157-160", "§ 55 ZPO # "],
  "075": "Sechster Titel.",
  "076": "Sicherheitsleistung.",
  "077": "Art der Sicherheitsleistung.",
  "§ 56 ZPO": ["BG.ZPO:1633-1645", "BG.ZPO.002:162-173", "§ 56 ZPO # "],
  "079": "Sicherheitsleistung für Processkosten.",
  "§ 57 ZPO": ["BG.ZPO:1651-1669", "BG.ZPO.002:175-196", "§ 57 ZPO # "],
  "§ 58 ZPO": ["BG.ZPO:1675-1677", "BG.ZPO.002:198-201", "§ 58 ZPO # "],
  "§ 59 ZPO": ["BG.ZPO:1683-1687", "BG.ZPO.002:203-209", "§ 59 ZPO # "],
  "§ 60 ZPO": ["BG.ZPO:1693-1699", "BG.ZPO.002:211-220", "§ 60 ZPO # "],
  "§ 61 ZPO": ["BG.ZPO:1705-1709", "BG.ZPO.002:222-228", "§ 61 ZPO # "],
  "§ 62 ZPO": ["BG.ZPO:1715-1719", "BG.ZPO.002:230-236", "§ 62 ZPO # "],
  "086": "Siebenter Titel",
  "087": "Verfahrenshilfe",
  "§ 63 ZPO": ["BG.ZPO:1725-1736", "BG.ZPO.003:15-27", "§ 63 ZPO"],
  "§ 64 ZPO": ["BG.ZPO:1742-1773", "BG.ZPO.003:29-64", "§ 64 ZPO"],
  "§ 64a ZPO": ["BG.ZPO:1779-1781", "BG.ZPO.003:66-69", "§ 64a ZPO"],
  "§ 64b ZPO": ["BG.ZPO:1787-1789", "BG.ZPO.003:71-74", "§ 64b ZPO"],
  "§ 65 ZPO": ["BG.ZPO:1795-1799", "BG.ZPO.003:76-82", "§ 65 ZPO # "],
  "§ 66 ZPO": ["BG.ZPO:1805-1809", "BG.ZPO.003:84-90", "§ 66 ZPO"],
  "§ 67 ZPO": ["BG.ZPO:1815-1817", "BG.ZPO.003:92-95", "§ 67 ZPO"],
  "§ 68 ZPO": ["BG.ZPO:1823-1833", "BG.ZPO.003:97-112", "§ 68 ZPO"],
  "§ 69 ZPO": ["BG.ZPO:1839-1841", "BG.ZPO.003:114-117", "§ 69 ZPO"],
  "§ 70 ZPO": ["BG.ZPO:1847-1849", "BG.ZPO.003:119-122", "§ 70 ZPO"],
  "§ 71 ZPO": ["BG.ZPO:1855-1861", "BG.ZPO.003:124-133", "§ 71 ZPO"],
  "§ 72 ZPO": ["BG.ZPO:1867-1875", "BG.ZPO.003:135-147", "§ 72 ZPO"],
  "§ 73 ZPO": ["BG.ZPO:1881-1887", "BG.ZPO.003:149-158", "§ 73 ZPO"],
  "101": "Achter Titel",
  "102": "Gebärdensprachdolmetscher",
  "§ 73a ZPO": ["BG.ZPO:1893-1901", "BG.ZPO.003:160-168", "§ 73a ZPO"],
  "104": "Neunter Titel",
  "105": "Prozessbegleitung",
  "§ 73b ZPO": ["BG.ZPO:1907-1915", "BG.ZPO.003:170-178", "§ 73b ZPO"],
  "107": "Zweiter Abschnitt.",
  "108": "Verfahren.",
  "109": "Erster Titel.",
  "110": "Schriftsätze.",
  "§ 74 ZPO": ["BG.ZPO:1921-1931", "BG.ZPO.004:15-20", "§ 74 ZPO # "],
  "§ 75 ZPO": ["BG.ZPO:1937-1945", "BG.ZPO.004:22-31", "§ 75 ZPO # "],
  "§ 75a ZPO": ["BG.ZPO:1951-1959", "BG.ZPO.004:33-45", "§ 75a ZPO"],
  "§ 76 ZPO": ["BG.ZPO:1965-1969", "BG.ZPO.004:47-53", "§ 76 ZPO # "],
  "§ 77 ZPO": ["BG.ZPO:1975-1981", "BG.ZPO.004:55-64", "§ 77 ZPO # "],
  "§ 78 ZPO": ["BG.ZPO:1987-1999", "BG.ZPO.004:66-81", "§ 78 ZPO # "],
  "§ 79 ZPO": ["BG.ZPO:2005-2007", "BG.ZPO.004:83-86", "§ 79 ZPO # "],
  "§ 81 ZPO": ["BG.ZPO:2013-2017", "BG.ZPO.004:88-94", "§ 81 ZPO # "],
  "§ 82 ZPO": ["BG.ZPO:2023-2027", "BG.ZPO.004:96-102", "§ 82 ZPO # "],
  "§ 83 ZPO": ["BG.ZPO:2033-2037", "BG.ZPO.004:104-110", "§ 83 ZPO # "],
  "§ 84 ZPO": ["BG.ZPO:2043-2053", "BG.ZPO.004:112-127", "§ 84 ZPO # "],
  "§ 85 ZPO": ["BG.ZPO:2059-2065", "BG.ZPO.004:129-138", "§ 85 ZPO # "],
  "§ 86 ZPO": ["BG.ZPO:2071-2073", "BG.ZPO.004:140-143", "§ 86 ZPO # "],
  "§ 86a ZPO": ["BG.ZPO:2079-2083", "BG.ZPO.004:145-151", "§ 86a ZPO"],
  "125": "Zweiter Titel.",
  "126": "Zustellungen.",
  "§ 87 ZPO": ["BG.ZPO:2089-2099", "BG.ZPO.004:153-164", "§ 87 ZPO"],
  "128": "Art der Zustellung",
  "§ 88 ZPO": ["BG.ZPO:2105-2123", "BG.ZPO.004:166-186", "§ 88 ZPO"],
  "§ 89 ZPO": ["BG.ZPO:2129-2131", "BG.ZPO.004:188-191", "§ 89 ZPO # "],
  "§ 91 ZPO": ["BG.ZPO:2137-2139", "BG.ZPO.004:193-196", "§ 91 ZPO # "],
  "§ 92 ZPO": ["BG.ZPO:2145-2149", "BG.ZPO.004:198-204", "§ 92 ZPO"],
  "§ 93 ZPO": ["BG.ZPO:2155-2159", "BG.ZPO.004:206-212", "§ 93 ZPO # "],
  "134": "Zustellungsbevollmächtigter",
  "§ 97 ZPO": ["BG.ZPO:2165-2177", "BG.ZPO.004:214-231", "§ 97 ZPO"],
  "§ 98 ZPO": ["BG.ZPO:2183-2187", "BG.ZPO.004:233-239", "§ 98 ZPO"],
  "§ 99 ZPO": ["BG.ZPO:2193-2195", "BG.ZPO.004:241-244", "§ 99 ZPO"],
  "§ 100 ZPO": ["BG.ZPO:2201-2207", "BG.ZPO.004:246-255", "§ 100 ZPO # "],
  "139": "Ersatzzustellung",
  "§ 103 ZPO": ["BG.ZPO:2213-2217", "BG.ZPO.004:257-262", "§ 103 ZPO"],
  "141": "Zustellung von Klagen",
  "§ 106 ZPO": ["BG.ZPO:2223-2229", "BG.ZPO.004:264-272", "§ 106 ZPO"],
  "§ 112 ZPO": ["BG.ZPO:2235-2237", "BG.ZPO.004:274-277", "§ 112 ZPO"],
  "144": "Zustellung durch öffentliche Bekanntmachung.",
  "§ 115 ZPO": ["BG.ZPO:2243-2247", "BG.ZPO.004:279-284", "§ 115 ZPO"],
  "146": "Zustellung an den Curator.",
  "§ 116 ZPO": ["BG.ZPO:2253-2257", "BG.ZPO.004:286-291", "§ 116 ZPO # "],
  "§ 117 ZPO": ["BG.ZPO:2263-2268", "BG.ZPO.004:293-300", "§ 117 ZPO # "],
  "§ 118 ZPO": ["BG.ZPO:2274-2278", "BG.ZPO.004:302-308", "§ 118 ZPO # "],
  "§ 119 ZPO": ["BG.ZPO:2284-2288", "BG.ZPO.004:310-316", "§ 119 ZPO # Löschen der Daten in der Ediktsdatei"],
  "151": "Zustellung im Ausland",
  "§ 121 ZPO": ["BG.ZPO:2294-2302", "BG.ZPO.004:318-329", "§ 121 ZPO"],
  "153": "Dritter Titel.",
  "154": "Fristen und Tagsatzungen.",
  "155": "Fristen.",
  "§ 123 ZPO": ["BG.ZPO:2308-2316", "BG.ZPO.004:331-336", "§ 123 ZPO # "],
  "§ 124 ZPO": ["BG.ZPO:2322-2324", "BG.ZPO.004:338-341", "§ 124 ZPO # "],
  "§ 125 ZPO": ["BG.ZPO:2330-2336", "BG.ZPO.004:343-352", "§ 125 ZPO # "],
  "§ 126 ZPO": ["BG.ZPO:2342-2346", "BG.ZPO.004:354-360", "§ 126 ZPO"],
  "§ 128 ZPO": ["BG.ZPO:2352-2362", "BG.ZPO.004:362-377", "§ 128 ZPO # "],
  "§ 129 ZPO": ["BG.ZPO:2368-2372", "BG.ZPO.004:379-385", "§ 129 ZPO # "],
  "162": "Tagsatzungen.",
  "§ 130 ZPO": ["BG.ZPO:2378-2384", "BG.ZPO.005:15-23", "§ 130 ZPO # "],
  "§ 131 ZPO": ["BG.ZPO:2390-2396", "BG.ZPO.005:25-34", "§ 131 ZPO # "],
  "§ 132 ZPO": ["BG.ZPO:2402-2408", "BG.ZPO.005:36-45", "§ 132 ZPO # "],
  "§ 132a ZPO": ["BG.ZPO:2414-2420", "BG.ZPO.005:47-56", "§ 132a ZPO"],
  "§ 133 ZPO": ["BG.ZPO:2426-2432", "BG.ZPO.005:58-67", "§ 133 ZPO # "],
  "§ 134 ZPO": ["BG.ZPO:2438-2448", "BG.ZPO.005:69-80", "§ 134 ZPO # "],
  "§ 135 ZPO": ["BG.ZPO:2454-2458", "BG.ZPO.005:82-88", "§ 135 ZPO # "],
  "§ 136 ZPO": ["BG.ZPO:2464-2470", "BG.ZPO.005:90-99", "§ 136 ZPO # "],
  "§ 137 ZPO": ["BG.ZPO:2476-2480", "BG.ZPO.005:101-107", "§ 137 ZPO # "],
  "§ 138 ZPO": ["BG.ZPO:2486-2488", "BG.ZPO.005:109-112", "§ 138 ZPO # "],
  "§ 139 ZPO": ["BG.ZPO:2494-2496", "BG.ZPO.005:114-117", "§ 139 ZPO # "],
  "174": "Gemeinsame Bestimmungen.",
  "§ 140 ZPO": ["BG.ZPO:2502-2508", "BG.ZPO.005:119-127", "§ 140 ZPO # "],
  "§ 141 ZPO": ["BG.ZPO:2514-2516", "BG.ZPO.005:129-132", "§ 141 ZPO # "],
  "§ 142 ZPO": ["BG.ZPO:2522-2528", "BG.ZPO.005:134-143", "§ 142 ZPO # "],
  "§ 143 ZPO": ["BG.ZPO:2534-2536", "BG.ZPO.005:145-148", "§ 143 ZPO # "],
  "179": "Vierter Titel.",
  "180": "Folgen der Versäumung, Wiedereinsetzung in den vorigen Stand.",
  "181": "Folgen der Versäumung.",
  "§ 144 ZPO": ["BG.ZPO:2542-2550", "BG.ZPO.005:150-155", "§ 144 ZPO # "],
  "§ 145 ZPO": ["BG.ZPO:2556-2560", "BG.ZPO.005:157-163", "§ 145 ZPO # "],
  "184": "Wiedereinsetzung in den vorigen Stand.",
  "§ 146 ZPO": ["BG.ZPO:2566-2572", "BG.ZPO.005:165-173", "§ 146 ZPO # "],
  "§ 147 ZPO": ["BG.ZPO:2578-2584", "BG.ZPO.005:175-184", "§ 147 ZPO # "],
  "§ 148 ZPO": ["BG.ZPO:2590-2596", "BG.ZPO.005:186-195", "§ 148 ZPO # "],
  "§ 149 ZPO": ["BG.ZPO:2602-2606", "BG.ZPO.005:197-203", "§ 149 ZPO # "],
  "§ 150 ZPO": ["BG.ZPO:2612-2616", "BG.ZPO.005:205-211", "§ 150 ZPO # "],
  "§ 152 ZPO": ["BG.ZPO:2622-2628", "BG.ZPO.005:213-222", "§ 152 ZPO # "],
  "§ 153 ZPO": ["BG.ZPO:2634-2636", "BG.ZPO.005:224-227", "§ 153 ZPO # "],
  "§ 154 ZPO": ["BG.ZPO:2642-2644", "BG.ZPO.005:229-232", "§ 154 ZPO # "],
  "193": "Fünfter Titel.",
  "194": "Unterbrechung und Ruhen des Verfahrens.",
  "195": "Tod einer Partei.",
  "§ 155 ZPO": ["BG.ZPO:2650-2664", "BG.ZPO.005:234-248", "§ 155 ZPO # "],
  "§ 156 ZPO": ["BG.ZPO:2670-2674", "BG.ZPO.005:250-256", "§ 156 ZPO # "],
  "§ 157 ZPO": ["BG.ZPO:2680-2682", "BG.ZPO.005:258-261", "§ 157 ZPO # "],
  "199": "Verlust der Processfähigkeit, Wechsel in der Person des gesetzlichen Vertreters.",
  "§ 158 ZPO": ["BG.ZPO:2688-2696", "BG.ZPO.005:263-274", "§ 158 ZPO # "],
  "201": "Insolvenzeröffnung",
  "§ 159 ZPO": ["BG.ZPO:2702-2706", "BG.ZPO.005:276-281", "§ 159 ZPO"],
  "203": "Wechsel in der Person des Rechtsanwalts.",
  "§ 160 ZPO": ["BG.ZPO:2712-2720", "BG.ZPO.005:283-294", "§ 160 ZPO # "],
  "205": "Einstellung der Amtsthätigkeit des Gerichtes.",
  "§ 161 ZPO": ["BG.ZPO:2726-2732", "BG.ZPO.005:296-304", "§ 161 ZPO # "],
  "207": "Zufällige Verhinderung einer Partei.",
  "§ 162 ZPO": ["BG.ZPO:2738-2746", "BG.ZPO.005:306-317", "§ 162 ZPO # "],
  "209": "Wirkung der Unterbrechung.",
  "§ 163 ZPO": ["BG.ZPO:2752-2760", "BG.ZPO.005:319-330", "§ 163 ZPO # "],
  "211": "Aufnahme des unterbrochenen Verfahrens.",
  "§ 164 ZPO": ["BG.ZPO:2766-2770", "BG.ZPO.005:332-337", "§ 164 ZPO # "],
  "§ 165 ZPO": ["BG.ZPO:2776-2782", "BG.ZPO.005:339-348", "§ 165 ZPO # "],
  "§ 166 ZPO": ["BG.ZPO:2788-2792", "BG.ZPO.005:350-356", "§ 166 ZPO # "],
  "§ 167 ZPO": ["BG.ZPO:2798-2800", "BG.ZPO.005:358-361", "§ 167 ZPO # "],
  "216": "Ruhen des Verfahrens.",
  "§ 168 ZPO": ["BG.ZPO:2806-2810", "BG.ZPO.006:15-20", "§ 168 ZPO # "],
  "§ 169 ZPO": ["BG.ZPO:2816-2818", "BG.ZPO.006:22-25", "§ 169 ZPO # "],
  "§ 170 ZPO": ["BG.ZPO:2824-2826", "BG.ZPO.006:27-30", "§ 170 ZPO # "],
  "220": "Dritter Abschnitt.",
  "221": "Mündliche Verhandlung.",
  "222": "Erster Titel.",
  "223": "Öffentlichkeit.",
  "§ 171 ZPO": ["BG.ZPO:2832-2846", "BG.ZPO.006:32-43", "§ 171 ZPO # "],
  "§ 172 ZPO": ["BG.ZPO:2852-2858", "BG.ZPO.006:45-54", "§ 172 ZPO # "],
  "§ 173 ZPO": ["BG.ZPO:2864-2868", "BG.ZPO.006:56-62", "§ 173 ZPO # "],
  "§ 174 ZPO": ["BG.ZPO:2874-2878", "BG.ZPO.006:64-70", "§ 174 ZPO # "],
  "§ 175 ZPO": ["BG.ZPO:2884-2888", "BG.ZPO.006:72-78", "§ 175 ZPO # "],
  "229": "Zweiter Titel.",
  "230": "Vorträge der Parteien und Processleitung.",
  "231": "Vorträge der Parteien.",
  "§ 176 ZPO": ["BG.ZPO:2894-2902", "BG.ZPO.006:80-85", "§ 176 ZPO # "],
  "§ 177 ZPO": ["BG.ZPO:2908-2912", "BG.ZPO.006:87-93", "§ 177 ZPO # "],
  "§ 178 ZPO": ["BG.ZPO:2918-2922", "BG.ZPO.006:95-101", "§ 178 ZPO # "],
  "§ 179 ZPO": ["BG.ZPO:2928-2930", "BG.ZPO.006:103-106", "§ 179 ZPO"],
  "236": "Processleitung.",
  "237": "1. Durch den Vorsitzenden.",
  "§ 180 ZPO": ["BG.ZPO:2936-2946", "BG.ZPO.006:108-119", "§ 180 ZPO # "],
  "§ 181 ZPO": ["BG.ZPO:2952-2954", "BG.ZPO.006:121-124", "§ 181 ZPO # "],
  "§ 182 ZPO": ["BG.ZPO:2960-2966", "BG.ZPO.006:126-135", "§ 182 ZPO # "],
  "§ 182a ZPO": ["BG.ZPO:2972-2974", "BG.ZPO.006:137-140", "§ 182a ZPO"],
  "§ 183 ZPO": ["BG.ZPO:2980-2994", "BG.ZPO.006:142-159", "§ 183 ZPO # "],
  "§ 184 ZPO": ["BG.ZPO:3000-3004", "BG.ZPO.006:161-167", "§ 184 ZPO # "],
  "§ 185 ZPO": ["BG.ZPO:3010-3015", "BG.ZPO.006:169-176", "§ 185 ZPO # "],
  "§ 186 ZPO": ["BG.ZPO:3021-3025", "BG.ZPO.006:178-184", "§ 186 ZPO # "],
  "246": "2. Durch den Senat.",
  "§ 187 ZPO": ["BG.ZPO:3031-3037", "BG.ZPO.006:186-194", "§ 187 ZPO # "],
  "§ 188 ZPO": ["BG.ZPO:3043-3045", "BG.ZPO.006:196-199", "§ 188 ZPO # "],
  "§ 189 ZPO": ["BG.ZPO:3051-3055", "BG.ZPO.006:201-207", "§ 189 ZPO # "],
  "§ 190 ZPO": ["BG.ZPO:3061-3067", "BG.ZPO.006:209-218", "§ 190 ZPO # "],
  "§ 191 ZPO": ["BG.ZPO:3073-3079", "BG.ZPO.006:220-229", "§ 191 ZPO # "],
  "§ 192 ZPO": ["BG.ZPO:3085-3089", "BG.ZPO.006:231-237", "§ 192 ZPO # "],
  "253": "Schluss der Verhandlung.",
  "§ 193 ZPO": ["BG.ZPO:3095-3103", "BG.ZPO.006:239-250", "§ 193 ZPO # "],
  "§ 194 ZPO": ["BG.ZPO:3109-3111", "BG.ZPO.006:252-255", "§ 194 ZPO # "],
  "§ 195 ZPO": ["BG.ZPO:3117-3119", "BG.ZPO.006:257-260", "§ 195 ZPO # "],
  "257": "Rüge von Mängeln.",
  "§ 196 ZPO": ["BG.ZPO:3125-3133", "BG.ZPO.006:262-273", "§ 196 ZPO # "],
  "259": "Dritter Titel.",
  "260": "Sitzungspolizei.",
  "§ 197 ZPO": ["BG.ZPO:3139-3145", "BG.ZPO.006:275-280", "§ 197 ZPO # "],
  "§ 198 ZPO": ["BG.ZPO:3151-3159", "BG.ZPO.006:282-294", "§ 198 ZPO # "],
  "§ 199 ZPO": ["BG.ZPO:3165-3169", "BG.ZPO.006:296-302", "§ 199 ZPO # "],
  "§ 200 ZPO": ["BG.ZPO:3175-3181", "BG.ZPO.006:304-313", "§ 200 ZPO # "],
  "§ 201 ZPO": ["BG.ZPO:3187-3191", "BG.ZPO.006:315-321", "§ 201 ZPO # "],
  "§ 203 ZPO": ["BG.ZPO:3197-3199", "BG.ZPO.006:323-326", "§ 203 ZPO # "],
  "267": "Vierter Titel.",
  "268": "Vergleich.",
  "§ 204 ZPO": ["BG.ZPO:3205-3213", "BG.ZPO.006:328-336", "§ 204 ZPO # "],
  "§ 206 ZPO": ["BG.ZPO:3219-3221", "BG.ZPO.006:338-341", "§ 206 ZPO # "],
  "271": "Fünfter Titel.",
  "272": "Protokolle.",
  "273": "Verhandlungsprotokolle.",
  "§ 207 ZPO": ["BG.ZPO:3227-3237", "BG.ZPO.007:15-23", "§ 207 ZPO # Verhandlungsprotokoll"],
  "§ 208 ZPO": ["BG.ZPO:3243-3259", "BG.ZPO.007:25-46", "§ 208 ZPO # Inhalt des Verhandlungsprotokolls"],
  "§ 209 ZPO": ["BG.ZPO:3265-3275", "BG.ZPO.007:48-63", "§ 209 ZPO # Protokollierung"],
  "§ 210 ZPO": ["BG.ZPO:3281-3291", "BG.ZPO.007:65-80", "§ 210 ZPO # Unrichtigkeiten des Protokolls, Widerspruch"],
  "§ 211 ZPO": ["BG.ZPO:3297-3303", "BG.ZPO.007:82-91", "§ 211 ZPO # Beweiskraft des Protokolls"],
  "§ 212 ZPO": ["BG.ZPO:3309-3311", "BG.ZPO.007:93-96", "§ 212 ZPO # Außerhalb einer Verhandlung aufgenommene Protokolle"],
  "§ 213 ZPO": ["BG.ZPO:3317-3319", "BG.ZPO.007:98-101", "§ 213 ZPO # Bedeutung des Protokollinhalts"],
  "281": "Sechster Titel.",
  "282": "Acten.",
  "§ 218 ZPO": ["BG.ZPO:3325-3331", "BG.ZPO.007:103-108", "§ 218 ZPO # "],
  "§ 219 ZPO": ["BG.ZPO:3337-3344", "BG.ZPO.007:110-120", "§ 219 ZPO # "],
  "285": "Siebenter Titel.",
  "286": "Strafen.",
  "§ 220 ZPO": ["BG.ZPO:3350-3361", "BG.ZPO.007:122-134", "§ 220 ZPO # "],
  "288": "Achter Titel.",
  "289": "Sonn- und Feiertagsruhe, Fristenhemmung",
  "§ 221 ZPO": ["BG.ZPO:3367-3375", "BG.ZPO.007:136-144", "§ 221 ZPO # "],
  "§ 222 ZPO": ["BG.ZPO:3381-3407", "BG.ZPO.007:146-175", "§ 222 ZPO"],
  "292": "Zweiter Theil.",
  "293": "Verfahren vor den Gerichtshöfen erster Instanz.",
  "294": "Erster Abschnitt.",
  "295": "Verfahren bis zum Urtheile.",
  "296": "Erster Titel.",
  "297": "Klage, Klagebeantwortung, vorbereitendes Verfahren und Streitverhandlung.",
  "298": "Klage.",
  "§ 226 ZPO": ["BG.ZPO:3413-3433", "BG.ZPO.007:177-188", "§ 226 ZPO # "],
  "§ 227 ZPO": ["BG.ZPO:3439-3447", "BG.ZPO.007:190-200", "§ 227 ZPO # "],
  "§ 228 ZPO": ["BG.ZPO:3453-3455", "BG.ZPO.007:202-205", "§ 228 ZPO # "],
  "§ 229 ZPO": ["BG.ZPO:3461-3472", "BG.ZPO.007:207-220", "§ 229 ZPO # "],
  "§ 230 ZPO": ["BG.ZPO:3478-3484", "BG.ZPO.007:222-231", "§ 230 ZPO # "],
  "§ 230a ZPO": ["BG.ZPO:3490-3492", "BG.ZPO.007:233-236", "§ 230a ZPO"],
  "305": "Streitanhängigkeit.",
  "§ 232 ZPO": ["BG.ZPO:3498-3504", "BG.ZPO.007:238-246", "§ 232 ZPO # "],
  "§ 233 ZPO": ["BG.ZPO:3510-3514", "BG.ZPO.007:248-254", "§ 233 ZPO # "],
  "§ 234 ZPO": ["BG.ZPO:3520-3522", "BG.ZPO.007:256-259", "§ 234 ZPO # "],
  "309": "Klagsänderung.",
  "§ 235 ZPO": ["BG.ZPO:3528-3540", "BG.ZPO.007:261-278", "§ 235 ZPO # "],
  "311": "Zwischenantrag auf Feststellung.",
  "§ 236 ZPO": ["BG.ZPO:3546-3554", "BG.ZPO.007:280-291", "§ 236 ZPO # "],
  "313": "Zurücknahme der Klage.",
  "§ 237 ZPO": ["BG.ZPO:3560-3570", "BG.ZPO.007:293-307", "§ 237 ZPO # "],
  "§ 238 ZPO": ["BG.ZPO:3576-3578", "BG.ZPO.007:309-312", "§ 238 ZPO # "],
  "316": "Beantwortung der Klage",
  "§ 239 ZPO": ["BG.ZPO:3584-3600", "BG.ZPO.007:314-333", "§ 239 ZPO"],
  "§ 240 ZPO": ["BG.ZPO:3606-3608", "BG.ZPO.007:335-338", "§ 240 ZPO"],
  "319": "Mahnverfahren",
  "§ 244 ZPO": ["BG.ZPO:3614-3628", "BG.ZPO.008:15-31", "§ 244 ZPO"],
  "§ 245 ZPO": ["BG.ZPO:3634-3642", "BG.ZPO.008:33-45", "§ 245 ZPO"],
  "§ 246 ZPO": ["BG.ZPO:3648-3660", "BG.ZPO.008:47-60", "§ 246 ZPO"],
  "§ 247 ZPO": ["BG.ZPO:3666-3672", "BG.ZPO.008:62-71", "§ 247 ZPO"],
  "§ 248 ZPO": ["BG.ZPO:3678-3682", "BG.ZPO.008:73-79", "§ 248 ZPO"],
  "§ 249 ZPO": ["BG.ZPO:3688-3694", "BG.ZPO.008:81-90", "§ 249 ZPO"],
  "§ 250 ZPO": ["BG.ZPO:3700-3704", "BG.ZPO.008:92-98", "§ 250 ZPO"],
  "§ 251 ZPO": ["BG.ZPO:3710-3720", "BG.ZPO.008:100-111", "§ 251 ZPO"],
  "§ 252 ZPO": ["BG.ZPO:3726-3740", "BG.ZPO.008:113-134", "§ 252 ZPO # Europäisches Mahnverfahren"],
  "329": "Mündliche Streitverhandlung. ",
  "§ 257 ZPO": ["BG.ZPO:3746-3760", "BG.ZPO.008:136-154", "§ 257 ZPO # Einleitung der Streitverhandlung"],
  "§ 258 ZPO": ["BG.ZPO:3766-3780", "BG.ZPO.008:156-172", "§ 258 ZPO # Vorbereitende Tagsatzung"],
  "332": "Fortsetzung der Streitverhandlung",
  "§ 259 ZPO": ["BG.ZPO:3786-3794", "BG.ZPO.008:174-185", "§ 259 ZPO # "],
  "§ 260 ZPO": ["BG.ZPO:3800-3804", "BG.ZPO.008:187-193", "§ 260 ZPO # "],
  "§ 261 ZPO": ["BG.ZPO:3810-3822", "BG.ZPO.008:195-213", "§ 261 ZPO"],
  "336": "Feststellungen zu Protokoll.",
  "§ 265 ZPO": ["BG.ZPO:3828-3838", "BG.ZPO.008:215-229", "§ 265 ZPO # "],
  "338": "Zweiter Titel.",
  "339": "Allgemeine Bestimmungen über den Beweis und die Beweisaufnahme.",
  "340": "Beweis.",
  "§ 266 ZPO": ["BG.ZPO:3844-3856", "BG.ZPO.008:231-242", "§ 266 ZPO # "],
  "§ 267 ZPO": ["BG.ZPO:3862-3866", "BG.ZPO.008:244-250", "§ 267 ZPO # "],
  "§ 269 ZPO": ["BG.ZPO:3872-3874", "BG.ZPO.008:252-255", "§ 269 ZPO # "],
  "§ 270 ZPO": ["BG.ZPO:3880-3882", "BG.ZPO.008:257-260", "§ 270 ZPO # "],
  "§ 271 ZPO": ["BG.ZPO:3888-3892", "BG.ZPO.008:262-268", "§ 271 ZPO # "],
  "§ 272 ZPO": ["BG.ZPO:3898-3904", "BG.ZPO.008:270-279", "§ 272 ZPO # "],
  "§ 273 ZPO": ["BG.ZPO:3910-3914", "BG.ZPO.008:281-287", "§ 273 ZPO # "],
  "348": "Glaubhaftmachung (Bescheinigung).",
  "§ 274 ZPO": ["BG.ZPO:3920-3926", "BG.ZPO.008:289-297", "§ 274 ZPO # "],
  "350": "Beweisaufnahme.",
  "§ 275 ZPO": ["BG.ZPO:3932-3938", "BG.ZPO.008:299-307", "§ 275 ZPO # "],
  "§ 276 ZPO": ["BG.ZPO:3944-3948", "BG.ZPO.008:309-315", "§ 276 ZPO # "],
  "§ 277 ZPO": ["BG.ZPO:3954-3956", "BG.ZPO.008:317-320", "§ 277 ZPO # Verwendung technischer Einrichtungen zur Wort- und Bildübertragung bei der Beweisaufnahme"],
  "§ 278 ZPO": ["BG.ZPO:3962-3966", "BG.ZPO.008:322-328", "§ 278 ZPO # "],
  "§ 279 ZPO": ["BG.ZPO:3972-3976", "BG.ZPO.008:330-336", "§ 279 ZPO # "],
  "§ 280 ZPO": ["BG.ZPO:3982-3990", "BG.ZPO.008:338-350", "§ 280 ZPO # "],
  "§ 281 ZPO": ["BG.ZPO:3996-4000", "BG.ZPO.008:352-358", "§ 281 ZPO # "],
  "§ 281a ZPO": ["BG.ZPO:4006-4016", "BG.ZPO.008:360-371", "§ 281a ZPO"],
  "359": "Beweisaufnahme durch einen ersuchten oder beauftragten Richter.",
  "§ 282 ZPO": ["BG.ZPO:4022-4026", "BG.ZPO.009:15-20", "§ 282 ZPO # "],
  "§ 283 ZPO": ["BG.ZPO:4032-4038", "BG.ZPO.009:22-31", "§ 283 ZPO # "],
  "§ 284 ZPO": ["BG.ZPO:4044-4048", "BG.ZPO.009:33-39", "§ 284 ZPO # "],
  "§ 285 ZPO": ["BG.ZPO:4054-4058", "BG.ZPO.009:41-47", "§ 285 ZPO # "],
  "§ 286 ZPO": ["BG.ZPO:4064-4072", "BG.ZPO.009:49-61", "§ 286 ZPO # "],
  "§ 287 ZPO": ["BG.ZPO:4078-4084", "BG.ZPO.009:63-72", "§ 287 ZPO # "],
  "366": "Verfahren bei der Beweisaufnahme.",
  "§ 288 ZPO": ["BG.ZPO:4090-4096", "BG.ZPO.009:74-82", "§ 288 ZPO # "],
  "§ 289 ZPO": ["BG.ZPO:4102-4106", "BG.ZPO.009:84-90", "§ 289 ZPO # "],
  "§ 289a ZPO": ["BG.ZPO:4112-4118", "BG.ZPO.009:92-101", "§ 289a ZPO # Abgesonderte Vernehmung"],
  "§ 289b ZPO": ["BG.ZPO:4124-4132", "BG.ZPO.009:103-115", "§ 289b ZPO # Vernehmung minderjähriger Personen"],
  "§ 290 ZPO": ["BG.ZPO:4138-4140", "BG.ZPO.009:117-120", "§ 290 ZPO # "],
  "§ 291 ZPO": ["BG.ZPO:4146-4150", "BG.ZPO.009:122-128", "§ 291 ZPO # "],
  "§ 291a ZPO": ["BG.ZPO:4156-4166", "BG.ZPO.009:130-142", "§ 291a ZPO # Beweisaufnahme im Ausland"],
  "§ 291b ZPO": ["BG.ZPO:4172-4176", "BG.ZPO.009:144-150", "§ 291b ZPO"],
  "§ 291c ZPO": ["BG.ZPO:4182-4184", "BG.ZPO.009:152-155", "§ 291c ZPO"],
  "376": "Dritter Titel.",
  "377": "Beweis durch Urkunden.",
  "378": "Beweiskraft der Urkunden.",
  "§ 292 ZPO": ["BG.ZPO:4190-4200", "BG.ZPO.009:157-165", "§ 292 ZPO # "],
  "§ 293 ZPO": ["BG.ZPO:4206-4210", "BG.ZPO.009:167-173", "§ 293 ZPO # "],
  "§ 294 ZPO": ["BG.ZPO:4216-4218", "BG.ZPO.009:175-178", "§ 294 ZPO # "],
  "§ 296 ZPO": ["BG.ZPO:4224-4226", "BG.ZPO.009:180-183", "§ 296 ZPO # "],
  "383": "Beweisantretung.",
  "§ 297 ZPO": ["BG.ZPO:4232-4238", "BG.ZPO.009:185-193", "§ 297 ZPO"],
  "385": "Vorlegung der Urkunde durch den Beweisführer.",
  "§ 298 ZPO": ["BG.ZPO:4244-4252", "BG.ZPO.009:195-206", "§ 298 ZPO # "],
  "§ 299 ZPO": ["BG.ZPO:4258-4260", "BG.ZPO.009:208-211", "§ 299 ZPO # "],
  "§ 300 ZPO": ["BG.ZPO:4266-4272", "BG.ZPO.009:213-222", "§ 300 ZPO # "],
  "§ 301 ZPO": ["BG.ZPO:4278-4282", "BG.ZPO.009:224-230", "§ 301 ZPO # "],
  "§ 302 ZPO": ["BG.ZPO:4288-4290", "BG.ZPO.009:232-235", "§ 302 ZPO # "],
  "391": "Vorlegung der Urkunde durch den Gegner.",
  "§ 303 ZPO": ["BG.ZPO:4296-4304", "BG.ZPO.009:237-248", "§ 303 ZPO # "],
  "§ 304 ZPO": ["BG.ZPO:4310-4320", "BG.ZPO.009:250-262", "§ 304 ZPO # "],
  "§ 305 ZPO": ["BG.ZPO:4326-4338", "BG.ZPO.009:264-277", "§ 305 ZPO # "],
  "§ 306 ZPO": ["BG.ZPO:4344-4346", "BG.ZPO.009:279-282", "§ 306 ZPO # "],
  "§ 307 ZPO": ["BG.ZPO:4352-4356", "BG.ZPO.009:284-290", "§ 307 ZPO # "],
  "397": "Vorlegung der Urkunde durch einen Dritten.",
  "§ 308 ZPO": ["BG.ZPO:4362-4370", "BG.ZPO.009:292-303", "§ 308 ZPO # "],
  "§ 309 ZPO": ["BG.ZPO:4376-4382", "BG.ZPO.009:305-314", "§ 309 ZPO # "],
  "400": "Echtheitsbeweis.",
  "§ 310 ZPO": ["BG.ZPO:4388-4394", "BG.ZPO.009:316-324", "§ 310 ZPO # "],
  "§ 311 ZPO": ["BG.ZPO:4400-4404", "BG.ZPO.009:326-332", "§ 311 ZPO # "],
  "§ 312 ZPO": ["BG.ZPO:4410-4414", "BG.ZPO.009:334-340", "§ 312 ZPO # "],
  "§ 313 ZPO": ["BG.ZPO:4420-4422", "BG.ZPO.009:342-345", "§ 313 ZPO # "],
  "405": "Schriftvergleichung.",
  "§ 314 ZPO": ["BG.ZPO:4428-4440", "BG.ZPO.009:347-364", "§ 314 ZPO # "],
  "§ 315 ZPO": ["BG.ZPO:4446-4450", "BG.ZPO.009:366-372", "§ 315 ZPO # "],
  "408": "Gerichtliche Aufbewahrung von Urkunden.",
  "§ 316 ZPO": ["BG.ZPO:4456-4460", "BG.ZPO.009:374-379", "§ 316 ZPO"],
  "410": "Erneuerung von Urkunden.",
  "§ 317 ZPO": ["BG.ZPO:4466-4472", "BG.ZPO.010:15-23", "§ 317 ZPO # "],
  "412": "Auskunftssachen.",
  "§ 318 ZPO": ["BG.ZPO:4478-4484", "BG.ZPO.010:25-33", "§ 318 ZPO # "],
  "§ 319 ZPO": ["BG.ZPO:4490-4494", "BG.ZPO.010:35-41", "§ 319 ZPO # "],
  "415": "Vierter Titel.",
  "416": "Beweis durch Zeugen.",
  "417": "Unzulässigkeit und Verweigerung des Zeugnisses.",
  "§ 320 ZPO": ["BG.ZPO:4500-4516", "BG.ZPO.010:43-56", "§ 320 ZPO # "],
  "§ 321 ZPO": ["BG.ZPO:4522-4540", "BG.ZPO.010:58-78", "§ 321 ZPO # "],
  "§ 322 ZPO": ["BG.ZPO:4546-4548", "BG.ZPO.010:80-83", "§ 322 ZPO # "],
  "§ 323 ZPO": ["BG.ZPO:4554-4558", "BG.ZPO.010:85-91", "§ 323 ZPO # "],
  "§ 324 ZPO": ["BG.ZPO:4564-4568", "BG.ZPO.010:93-99", "§ 324 ZPO # "],
  "§ 325 ZPO": ["BG.ZPO:4574-4578", "BG.ZPO.010:101-107", "§ 325 ZPO # "],
  "§ 326 ZPO": ["BG.ZPO:4584-4590", "BG.ZPO.010:109-118", "§ 326 ZPO # "],
  "425": "Würdigung der Zeugenaussage.",
  "§ 327 ZPO": ["BG.ZPO:4596-4600", "BG.ZPO.010:120-125", "§ 327 ZPO # "],
  "427": "Beweisaufnahme durch den beauftragten oder ersuchten Richter.",
  "§ 328 ZPO": ["BG.ZPO:4606-4624", "BG.ZPO.010:127-149", "§ 328 ZPO # "],
  "429": "Ladung.",
  "§ 329 ZPO": ["BG.ZPO:4630-4636", "BG.ZPO.010:151-159", "§ 329 ZPO # "],
  "§ 330 ZPO": ["BG.ZPO:4642-4646", "BG.ZPO.010:161-167", "§ 330 ZPO # "],
  "§ 331 ZPO": ["BG.ZPO:4652-4654", "BG.ZPO.010:169-172", "§ 331 ZPO # "],
  "§ 332 ZPO": ["BG.ZPO:4660-4664", "BG.ZPO.010:174-180", "§ 332 ZPO # "],
  "434": "Folgen des Ausbleibens.",
  "§ 333 ZPO": ["BG.ZPO:4670-4678", "BG.ZPO.010:182-193", "§ 333 ZPO # "],
  "§ 334 ZPO": ["BG.ZPO:4684-4686", "BG.ZPO.010:195-198", "§ 334 ZPO # "],
  "§ 335 ZPO": ["BG.ZPO:4692-4696", "BG.ZPO.010:200-206", "§ 335 ZPO # "],
  "438": "Vernehmung.",
  "§ 336 ZPO": ["BG.ZPO:4702-4710", "BG.ZPO.010:208-219", "§ 336 ZPO # "],
  "§ 337 ZPO": ["BG.ZPO:4716-4722", "BG.ZPO.010:221-230", "§ 337 ZPO # "],
  "§ 338 ZPO": ["BG.ZPO:4728-4734", "BG.ZPO.010:232-241", "§ 338 ZPO # "],
  "§ 339 ZPO": ["BG.ZPO:4740-4748", "BG.ZPO.010:243-255", "§ 339 ZPO # "],
  "§ 340 ZPO": ["BG.ZPO:4754-4758", "BG.ZPO.010:257-263", "§ 340 ZPO # "],
  "§ 341 ZPO": ["BG.ZPO:4764-4768", "BG.ZPO.010:265-271", "§ 341 ZPO # "],
  "§ 342 ZPO": ["BG.ZPO:4774-4778", "BG.ZPO.010:273-279", "§ 342 ZPO # "],
  "§ 343 ZPO": ["BG.ZPO:4784-4790", "BG.ZPO.010:281-290", "§ 343 ZPO # "],
  "§ 344 ZPO": ["BG.ZPO:4796-4800", "BG.ZPO.010:292-298", "§ 344 ZPO # "],
  "§ 345 ZPO": ["BG.ZPO:4806-4808", "BG.ZPO.010:300-303", "§ 345 ZPO # "],
  "449": "Form des Anbringens.",
  "§ 348 ZPO": ["BG.ZPO:4814-4818", "BG.ZPO.010:305-310", "§ 348 ZPO # "],
  "451": "Rechtsmittel.",
  "§ 349 ZPO": ["BG.ZPO:4824-4830", "BG.ZPO.010:312-320", "§ 349 ZPO # "],
  "453": "Sachverständige Zeugen.",
  "§ 350 ZPO": ["BG.ZPO:4836-4840", "BG.ZPO.010:322-327", "§ 350 ZPO # "],
  "455": "Fünfter Titel.",
  "456": "Beweis durch Sachverständige.",
  "457": "Bestellung der Sachverständigen.",
  "§ 351 ZPO": ["BG.ZPO:4846-4856", "BG.ZPO.010:329-337", "§ 351 ZPO # "],
  "§ 352 ZPO": ["BG.ZPO:4862-4866", "BG.ZPO.010:339-345", "§ 352 ZPO # "],
  "§ 353 ZPO": ["BG.ZPO:4872-4878", "BG.ZPO.010:347-356", "§ 353 ZPO # "],
  "461": "Folgen von Weigerung und Säumnis",
  "§ 354 ZPO": ["BG.ZPO:4884-4892", "BG.ZPO.010:358-369", "§ 354 ZPO # "],
  "463": "Ablehnung.",
  "§ 355 ZPO": ["BG.ZPO:4898-4906", "BG.ZPO.010:371-382", "§ 355 ZPO # "],
  "§ 356 ZPO": ["BG.ZPO:4912-4916", "BG.ZPO.010:384-390", "§ 356 ZPO # "],
  "466": "Beweisaufnahme",
  "§ 357 ZPO": ["BG.ZPO:4922-4930", "BG.ZPO.011:15-26", "§ 357 ZPO"],
  "§ 358 ZPO": ["BG.ZPO:4936-4940", "BG.ZPO.011:28-34", "§ 358 ZPO # "],
  "§ 359 ZPO": ["BG.ZPO:4946-4950", "BG.ZPO.011:36-42", "§ 359 ZPO # "],
  "§ 360 ZPO": ["BG.ZPO:4956-4960", "BG.ZPO.011:44-50", "§ 360 ZPO # "],
  "§ 361 ZPO": ["BG.ZPO:4966-4968", "BG.ZPO.011:52-55", "§ 361 ZPO # "],
  "§ 362 ZPO": ["BG.ZPO:4974-4978", "BG.ZPO.011:57-63", "§ 362 ZPO # "],
  "§ 363 ZPO": ["BG.ZPO:4984-4988", "BG.ZPO.011:65-71", "§ 363 ZPO # "],
  "§ 364 ZPO": ["BG.ZPO:4994-4996", "BG.ZPO.011:73-76", "§ 364 ZPO"],
  "475": "Kostenvorschuß.",
  "§ 365 ZPO": ["BG.ZPO:5002-5006", "BG.ZPO.011:78-83", "§ 365 ZPO"],
  "477": "Rechtsmittel.",
  "§ 366 ZPO": ["BG.ZPO:5012-5018", "BG.ZPO.011:85-93", "§ 366 ZPO # "],
  "§ 367 ZPO": ["BG.ZPO:5024-5026", "BG.ZPO.011:95-98", "§ 367 ZPO # "],
  "480": "Sechster Titel.",
  "481": "Beweis durch Augenschein.",
  "§ 368 ZPO": ["BG.ZPO:5032-5042", "BG.ZPO.011:100-111", "§ 368 ZPO # "],
  "§ 369 ZPO": ["BG.ZPO:5048-5050", "BG.ZPO.011:113-116", "§ 369 ZPO # "],
  "§ 370 ZPO": ["BG.ZPO:5056-5062", "BG.ZPO.011:118-127", "§ 370 ZPO # "],
  "485": "Siebenter Titel.",
  "486": "Beweis durch Vernehmung der Parteien.",
  "§ 371 ZPO": ["BG.ZPO:5068-5074", "BG.ZPO.011:129-134", "§ 371 ZPO"],
  "§ 372 ZPO": ["BG.ZPO:5080-5082", "BG.ZPO.011:136-139", "§ 372 ZPO # "],
  "§ 373 ZPO": ["BG.ZPO:5088-5096", "BG.ZPO.011:141-153", "§ 373 ZPO # "],
  "§ 374 ZPO": ["BG.ZPO:5102-5104", "BG.ZPO.011:155-158", "§ 374 ZPO # "],
  "§ 375 ZPO": ["BG.ZPO:5110-5114", "BG.ZPO.011:160-166", "§ 375 ZPO # "],
  "§ 376 ZPO": ["BG.ZPO:5120-5124", "BG.ZPO.011:168-174", "§ 376 ZPO # "],
  "§ 377 ZPO": ["BG.ZPO:5130-5136", "BG.ZPO.011:176-185", "§ 377 ZPO # "],
  "§ 379 ZPO": ["BG.ZPO:5142-5144", "BG.ZPO.011:187-190", "§ 379 ZPO # "],
  "§ 380 ZPO": ["BG.ZPO:5150-5156", "BG.ZPO.011:192-201", "§ 380 ZPO # "],
  "§ 381 ZPO": ["BG.ZPO:5162-5164", "BG.ZPO.011:203-206", "§ 381 ZPO # "],
  "§ 382 ZPO": ["BG.ZPO:5170-5174", "BG.ZPO.011:208-214", "§ 382 ZPO # "],
  "§ 383 ZPO": ["BG.ZPO:5180-5182", "BG.ZPO.011:216-219", "§ 383 ZPO # "],
  "499": "Achter Titel.",
  "500": "Sicherung von Beweisen.",
  "§ 384 ZPO": ["BG.ZPO:5188-5198", "BG.ZPO.011:221-232", "§ 384 ZPO # "],
  "§ 385 ZPO": ["BG.ZPO:5204-5208", "BG.ZPO.011:234-240", "§ 385 ZPO # "],
  "§ 386 ZPO": ["BG.ZPO:5214-5222", "BG.ZPO.011:242-254", "§ 386 ZPO # "],
  "§ 387 ZPO": ["BG.ZPO:5228-5232", "BG.ZPO.011:256-262", "§ 387 ZPO # "],
  "§ 388 ZPO": ["BG.ZPO:5238-5244", "BG.ZPO.011:264-273", "§ 388 ZPO # "],
  "§ 389 ZPO": ["BG.ZPO:5250-5256", "BG.ZPO.011:275-284", "§ 389 ZPO # "],
  "507": "Zweiter Abschnitt.",
  "508": "Urtheile und Beschlüsse.",
  "509": "Erster Titel.",
  "510": "Urtheile.",
  "511": "Endurtheil.",
  "§ 390 ZPO": ["BG.ZPO:5262-5276", "BG.ZPO.011:286-294", "§ 390 ZPO # "],
  "513": "Theilurtheil.",
  "§ 391 ZPO": ["BG.ZPO:5282-5290", "BG.ZPO.011:296-307", "§ 391 ZPO # "],
  "§ 392 ZPO": ["BG.ZPO:5296-5300", "BG.ZPO.011:309-315", "§ 392 ZPO # "],
  "516": "Zwischenurtheil.",
  "§ 393 ZPO": ["BG.ZPO:5306-5316", "BG.ZPO.011:317-331", "§ 393 ZPO # "],
  "§ 393a ZPO": ["BG.ZPO:5322-5324", "BG.ZPO.011:333-336", "§ 393a ZPO # Zwischenurteil zur Verjährung"],
  "519": "Urtheil auf Grund von Verzicht.",
  "§ 394 ZPO": ["BG.ZPO:5330-5336", "BG.ZPO.011:338-346", "§ 394 ZPO # "],
  "521": "Urtheil auf Grund von Anerkenntnis.",
  "§ 395 ZPO": ["BG.ZPO:5342-5346", "BG.ZPO.011:348-353", "§ 395 ZPO # "],
  "523": "Versäumungsurteil",
  "§ 396 ZPO": ["BG.ZPO:5352-5364", "BG.ZPO.012:15-32", "§ 396 ZPO"],
  "§ 397 ZPO": ["BG.ZPO:5370-5372", "BG.ZPO.012:34-37", "§ 397 ZPO"],
  "§ 397a ZPO": ["BG.ZPO:5378-5388", "BG.ZPO.012:39-54", "§ 397a ZPO"],
  "§ 398 ZPO": ["BG.ZPO:5394-5398", "BG.ZPO.012:56-62", "§ 398 ZPO"],
  "§ 399 ZPO": ["BG.ZPO:5404-5406", "BG.ZPO.012:64-67", "§ 399 ZPO"],
  "§ 400 ZPO": ["BG.ZPO:5412-5414", "BG.ZPO.012:69-72", "§ 400 ZPO # "],
  "§ 401 ZPO": ["BG.ZPO:5420-5424", "BG.ZPO.012:74-80", "§ 401 ZPO # "],
  "§ 402 ZPO": ["BG.ZPO:5430-5442", "BG.ZPO.012:82-97", "§ 402 ZPO # "],
  "§ 403 ZPO": ["BG.ZPO:5448-5450", "BG.ZPO.012:99-102", "§ 403 ZPO # "],
  "533": "Urtheilsinhalt.",
  "§ 404 ZPO": ["BG.ZPO:5456-5462", "BG.ZPO.012:104-112", "§ 404 ZPO # "],
  "§ 405 ZPO": ["BG.ZPO:5468-5470", "BG.ZPO.012:114-117", "§ 405 ZPO # "],
  "§ 406 ZPO": ["BG.ZPO:5476-5478", "BG.ZPO.012:119-122", "§ 406 ZPO # "],
  "§ 407 ZPO": ["BG.ZPO:5484-5488", "BG.ZPO.012:124-130", "§ 407 ZPO # "],
  "§ 408 ZPO": ["BG.ZPO:5494-5500", "BG.ZPO.012:132-141", "§ 408 ZPO # "],
  "§ 409 ZPO": ["BG.ZPO:5506-5512", "BG.ZPO.012:143-152", "§ 409 ZPO # "],
  "§ 410 ZPO": ["BG.ZPO:5518-5520", "BG.ZPO.012:154-157", "§ 410 ZPO # "],
  "541": "Rechtskraft des Urtheiles.",
  "§ 411 ZPO": ["BG.ZPO:5526-5532", "BG.ZPO.012:159-167", "§ 411 ZPO # "],
  "543": "Urtheilsfällung, Urtheilsverkündung und Zustellung des Urtheiles.",
  "§ 412 ZPO": ["BG.ZPO:5538-5544", "BG.ZPO.012:169-177", "§ 412 ZPO # "],
  "§ 413 ZPO": ["BG.ZPO:5550-5552", "BG.ZPO.012:179-182", "§ 413 ZPO # "],
  "§ 414 ZPO": ["BG.ZPO:5558-5566", "BG.ZPO.012:184-196", "§ 414 ZPO # "],
  "§ 415 ZPO": ["BG.ZPO:5572-5574", "BG.ZPO.012:198-201", "§ 415 ZPO # "],
  "§ 416 ZPO": ["BG.ZPO:5580-5586", "BG.ZPO.012:203-212", "§ 416 ZPO # "],
  "549": "Schriftliche Ausfertigung.",
  "§ 417 ZPO": ["BG.ZPO:5592-5610", "BG.ZPO.012:214-236", "§ 417 ZPO # "],
  "§ 417a ZPO": ["BG.ZPO:5616-5621", "BG.ZPO.012:238-245", "§ 417a ZPO"],
  "§ 418 ZPO": ["BG.ZPO:5627-5633", "BG.ZPO.012:247-256", "§ 418 ZPO # "],
  "553": "Berichtigung des Urtheiles.",
  "§ 419 ZPO": ["BG.ZPO:5639-5649", "BG.ZPO.012:258-272", "§ 419 ZPO # "],
  "555": "Ergänzung des Urtheiles.",
  "§ 423 ZPO": ["BG.ZPO:5655-5663", "BG.ZPO.012:274-285", "§ 423 ZPO # "],
  "§ 424 ZPO": ["BG.ZPO:5669-5671", "BG.ZPO.012:287-290", "§ 424 ZPO # "],
  "558": "Zweiter Titel.",
  "559": "Beschlüsse.",
  "§ 425 ZPO": ["BG.ZPO:5677-5687", "BG.ZPO.012:292-303", "§ 425 ZPO # "],
  "§ 426 ZPO": ["BG.ZPO:5693-5701", "BG.ZPO.012:305-317", "§ 426 ZPO # "],
  "§ 427 ZPO": ["BG.ZPO:5707-5711", "BG.ZPO.012:319-325", "§ 427 ZPO # "],
  "§ 428 ZPO": ["BG.ZPO:5717-5721", "BG.ZPO.012:327-333", "§ 428 ZPO # "],
  "§ 429 ZPO": ["BG.ZPO:5727-5731", "BG.ZPO.012:335-341", "§ 429 ZPO # "],
  "§ 430 ZPO": ["BG.ZPO:5737-5739", "BG.ZPO.012:343-346", "§ 430 ZPO # "],
  "566": "Dritter Theil.",
  "567": "Verfahren vor den Bezirksgerichten.",
  "§ 431 ZPO": ["BG.ZPO:5745-5753", "BG.ZPO.013:15-23", "§ 431 ZPO # "],
  "§ 432 ZPO": ["BG.ZPO:5759-5765", "BG.ZPO.013:25-34", "§ 432 ZPO # "],
  "§ 433 ZPO": ["BG.ZPO:5771-5775", "BG.ZPO.013:36-42", "§ 433 ZPO # "],
  "§ 433a ZPO": ["BG.ZPO:5781-5783", "BG.ZPO.013:44-47", "§ 433a ZPO # Mediationsvergleich und Vergleiche nach dem Alternative-Streitbeilegung-Gesetz"],
  "§ 434 ZPO": ["BG.ZPO:5789-5793", "BG.ZPO.013:49-55", "§ 434 ZPO # "],
  "§ 435 ZPO": ["BG.ZPO:5799-5803", "BG.ZPO.013:57-63", "§ 435 ZPO # "],
  "§ 436 ZPO": ["BG.ZPO:5809-5811", "BG.ZPO.013:65-68", "§ 436 ZPO # "],
  "§ 437 ZPO": ["BG.ZPO:5817-5819", "BG.ZPO.013:70-73", "§ 437 ZPO # "],
  "§ 438 ZPO": ["BG.ZPO:5825-5827", "BG.ZPO.013:75-78", "§ 438 ZPO # "],
  "§ 439 ZPO": ["BG.ZPO:5833-5837", "BG.ZPO.013:80-86", "§ 439 ZPO # "],
  "§ 440 ZPO": ["BG.ZPO:5843-5854", "BG.ZPO.013:88-104", "§ 440 ZPO # "],
  "§ 441 ZPO": ["BG.ZPO:5860-5862", "BG.ZPO.013:106-109", "§ 441 ZPO"],
  "§ 442 ZPO": ["BG.ZPO:5868-5870", "BG.ZPO.013:111-114", "§ 442 ZPO"],
  "§ 442a ZPO": ["BG.ZPO:5876-5880", "BG.ZPO.013:116-122", "§ 442a ZPO"],
  "§ 443 ZPO": ["BG.ZPO:5886-5888", "BG.ZPO.013:124-127", "§ 443 ZPO # "],
  "§ 446 ZPO": ["BG.ZPO:5894-5896", "BG.ZPO.013:129-132", "§ 446 ZPO # "],
  "§ 447 ZPO": ["BG.ZPO:5902-5904", "BG.ZPO.013:134-137", "§ 447 ZPO # "],
  "§ 448 ZPO": ["BG.ZPO:5910-5920", "BG.ZPO.013:139-150", "§ 448 ZPO"],
  "586": "Besondere Bestimmungen für das Verfahren über Besitzstörungsklagen.",
  "§ 454 ZPO": ["BG.ZPO:5926-5932", "BG.ZPO.013:152-160", "§ 454 ZPO # "],
  "§ 455 ZPO": ["BG.ZPO:5938-5940", "BG.ZPO.013:162-165", "§ 455 ZPO # "],
  "§ 456 ZPO": ["BG.ZPO:5946-5948", "BG.ZPO.013:167-170", "§ 456 ZPO # "],
  "§ 457 ZPO": ["BG.ZPO:5954-5957", "BG.ZPO.013:172-176", "§ 457 ZPO # "],
  "§ 458 ZPO": ["BG.ZPO:5963-5965", "BG.ZPO.013:178-181", "§ 458 ZPO # "],
  "§ 459 ZPO": ["BG.ZPO:5971-5973", "BG.ZPO.013:183-186", "§ 459 ZPO # "],
  "593": "Besondere Bestimmungen für das Verfahren in Ehesachen",
  "§ 460 ZPO": ["BG.ZPO:5979-6015", "BG.ZPO.013:188-225", "§ 460 ZPO"],
  "595": "Vierter Theil.",
  "596": "Rechtsmittel.",
  "597": "Erster Abschnitt.",
  "598": "Berufung.",
  "599": "Zulässigkeit.",
  "§ 461 ZPO": ["BG.ZPO:6021-6035", "BG.ZPO.013:227-235", "§ 461 ZPO # "],
  "§ 462 ZPO": ["BG.ZPO:6041-6045", "BG.ZPO.013:237-243", "§ 462 ZPO # "],
  "602": "Allgemeine Bestimmungen über das Berufungsverfahren.",
  "§ 463 ZPO": ["BG.ZPO:6051-6057", "BG.ZPO.013:245-253", "§ 463 ZPO # "],
  "604": "Berufungsfrist.",
  "§ 464 ZPO": ["BG.ZPO:6063-6071", "BG.ZPO.013:255-266", "§ 464 ZPO # "],
  "606": "Erhebung der Berufung.",
  "§ 465 ZPO": ["BG.ZPO:6077-6081", "BG.ZPO.013:268-273", "§ 465 ZPO # "],
  "§ 466 ZPO": ["BG.ZPO:6087-6089", "BG.ZPO.013:275-278", "§ 466 ZPO # "],
  "§ 467 ZPO": ["BG.ZPO:6095-6107", "BG.ZPO.013:280-293", "§ 467 ZPO # "],
  "§ 468 ZPO": ["BG.ZPO:6113-6121", "BG.ZPO.013:295-307", "§ 468 ZPO # "],
  "§ 469 ZPO": ["BG.ZPO:6127-6133", "BG.ZPO.013:309-318", "§ 469 ZPO # "],
  "612": "Verfahren vor dem Berufungsgerichte.",
  "613": "Vorverfahren.",
  "§ 470 ZPO": ["BG.ZPO:6139-6145", "BG.ZPO.014:15-20", "§ 470 ZPO"],
  "§ 471 ZPO": ["BG.ZPO:6151-6167", "BG.ZPO.014:22-39", "§ 471 ZPO # "],
  "§ 472 ZPO": ["BG.ZPO:6173-6177", "BG.ZPO.014:41-47", "§ 472 ZPO # "],
  "§ 473 ZPO": ["BG.ZPO:6183-6187", "BG.ZPO.014:49-55", "§ 473 ZPO # "],
  "§ 473a ZPO": ["BG.ZPO:6193-6203", "BG.ZPO.014:57-72", "§ 473a ZPO"],
  "§ 474 ZPO": ["BG.ZPO:6209-6215", "BG.ZPO.014:74-83", "§ 474 ZPO # "],
  "§ 475 ZPO": ["BG.ZPO:6221-6227", "BG.ZPO.014:85-94", "§ 475 ZPO # "],
  "§ 476 ZPO": ["BG.ZPO:6233-6237", "BG.ZPO.014:96-102", "§ 476 ZPO # "],
  "§ 477 ZPO": ["BG.ZPO:6243-6267", "BG.ZPO.014:104-131", "§ 477 ZPO # "],
  "§ 478 ZPO": ["BG.ZPO:6273-6279", "BG.ZPO.014:133-142", "§ 478 ZPO # "],
  "§ 479 ZPO": ["BG.ZPO:6285-6289", "BG.ZPO.014:144-150", "§ 479 ZPO # "],
  "§ 479a ZPO": ["BG.ZPO:6295-6299", "BG.ZPO.014:152-158", "§ 479a ZPO"],
  "626": "Anberaumung der Berufungsverhandlung.",
  "§ 480 ZPO": ["BG.ZPO:6305-6313", "BG.ZPO.014:160-171", "§ 480 ZPO # "],
  "§ 481 ZPO": ["BG.ZPO:6319-6321", "BG.ZPO.014:173-176", "§ 481 ZPO # "],
  "629": "Mündliche Berufungsverhandlung.",
  "§ 482 ZPO": ["BG.ZPO:6327-6333", "BG.ZPO.014:178-186", "§ 482 ZPO # "],
  "§ 483 ZPO": ["BG.ZPO:6339-6347", "BG.ZPO.014:188-200", "§ 483 ZPO # "],
  "§ 483a ZPO": ["BG.ZPO:6353-6357", "BG.ZPO.014:202-208", "§ 483a ZPO"],
  "§ 484 ZPO": ["BG.ZPO:6363-6369", "BG.ZPO.014:210-219", "§ 484 ZPO # "],
  "§ 485 ZPO": ["BG.ZPO:6375-6377", "BG.ZPO.014:221-224", "§ 485 ZPO # "],
  "§ 486 ZPO": ["BG.ZPO:6383-6391", "BG.ZPO.014:226-238", "§ 486 ZPO # "],
  "§ 488 ZPO": ["BG.ZPO:6397-6405", "BG.ZPO.014:240-252", "§ 488 ZPO # "],
  "§ 489 ZPO": ["BG.ZPO:6411-6417", "BG.ZPO.014:254-263", "§ 489 ZPO # "],
  "§ 490 ZPO": ["BG.ZPO:6423-6425", "BG.ZPO.014:265-268", "§ 490 ZPO # "],
  "§ 491 ZPO": ["BG.ZPO:6431-6433", "BG.ZPO.014:270-273", "§ 491 ZPO # "],
  "§ 493 ZPO": ["BG.ZPO:6439-6442", "BG.ZPO.014:275-279", "§ 493 ZPO # "],
  "641": "Berufungsentscheidung.",
  "§ 494 ZPO": ["BG.ZPO:6448-6452", "BG.ZPO.015:15-20", "§ 494 ZPO # "],
  "§ 495 ZPO": ["BG.ZPO:6458-6460", "BG.ZPO.015:22-25", "§ 495 ZPO"],
  "§ 496 ZPO": ["BG.ZPO:6466-6478", "BG.ZPO.015:27-42", "§ 496 ZPO # "],
  "§ 497 ZPO": ["BG.ZPO:6484-6490", "BG.ZPO.015:44-53", "§ 497 ZPO # "],
  "§ 498 ZPO": ["BG.ZPO:6496-6500", "BG.ZPO.015:55-61", "§ 498 ZPO # "],
  "§ 499 ZPO": ["BG.ZPO:6506-6514", "BG.ZPO.015:63-75", "§ 499 ZPO # "],
  "§ 500 ZPO": ["BG.ZPO:6520-6539", "BG.ZPO.015:77-100", "§ 500 ZPO"],
  "§ 500a ZPO": ["BG.ZPO:6545-6547", "BG.ZPO.015:102-105", "§ 500a ZPO"],
  "§ 501 ZPO": ["BG.ZPO:6553-6557", "BG.ZPO.015:107-113", "§ 501 ZPO"],
  "651": "Zweiter Abschnitt.",
  "652": "Revision.",
  "653": "Zulässigkeit.",
  "§ 502 ZPO": ["BG.ZPO:6563-6591", "BG.ZPO.015:115-144", "§ 502 ZPO"],
  "§ 503 ZPO": ["BG.ZPO:6597-6607", "BG.ZPO.015:146-157", "§ 503 ZPO # "],
  "§ 504 ZPO": ["BG.ZPO:6613-6617", "BG.ZPO.015:159-165", "§ 504 ZPO # "],
  "657": "Erhebung der Revision.",
  "§ 505 ZPO": ["BG.ZPO:6623-6633", "BG.ZPO.015:167-181", "§ 505 ZPO # "],
  "§ 506 ZPO": ["BG.ZPO:6639-6653", "BG.ZPO.015:183-199", "§ 506 ZPO # "],
  "§ 507 ZPO": ["BG.ZPO:6659-6671", "BG.ZPO.015:201-219", "§ 507 ZPO # "],
  "§ 507a ZPO": ["BG.ZPO:6677-6699", "BG.ZPO.015:221-248", "§ 507a ZPO"],
  "§ 507b ZPO": ["BG.ZPO:6705-6713", "BG.ZPO.015:250-262", "§ 507b ZPO"],
  "§ 508 ZPO": ["BG.ZPO:6719-6731", "BG.ZPO.015:264-282", "§ 508 ZPO"],
  "664": "Verfahren vor dem Revisionsgerichte.",
  "§ 508a ZPO": ["BG.ZPO:6737-6745", "BG.ZPO.015:284-295", "§ 508a ZPO"],
  "§ 509 ZPO": ["BG.ZPO:6751-6757", "BG.ZPO.015:297-306", "§ 509 ZPO # "],
  "§ 510 ZPO": ["BG.ZPO:6763-6769", "BG.ZPO.015:308-317", "§ 510 ZPO # "],
  "§ 511 ZPO": ["BG.ZPO:6775-6779", "BG.ZPO.015:319-325", "§ 511 ZPO # "],
  "§ 512 ZPO": ["BG.ZPO:6785-6787", "BG.ZPO.015:327-330", "§ 512 ZPO # "],
  "§ 513 ZPO": ["BG.ZPO:6793-6795", "BG.ZPO.015:332-335", "§ 513 ZPO # "],
  "671": "Dritter Abschnitt.",
  "672": "Recurs.",
  "673": "Zulässigkeit.",
  "§ 514 ZPO": ["BG.ZPO:6801-6811", "BG.ZPO.015:337-345", "§ 514 ZPO # "],
  "§ 515 ZPO": ["BG.ZPO:6817-6819", "BG.ZPO.015:347-350", "§ 515 ZPO # "],
  "§ 517 ZPO": ["BG.ZPO:6825-6843", "BG.ZPO.015:352-373", "§ 517 ZPO # "],
  "§ 518 ZPO": ["BG.ZPO:6849-6855", "BG.ZPO.015:375-384", "§ 518 ZPO # "],
  "§ 519 ZPO": ["BG.ZPO:6861-6869", "BG.ZPO.015:386-396", "§ 519 ZPO"],
  "679": "Erhebung des Recurses.",
  "§ 520 ZPO": ["BG.ZPO:6875-6881", "BG.ZPO.016:15-23", "§ 520 ZPO # "],
  "§ 521 ZPO": ["BG.ZPO:6887-6893", "BG.ZPO.016:25-34", "§ 521 ZPO"],
  "§ 521a ZPO": ["BG.ZPO:6899-6903", "BG.ZPO.016:36-42", "§ 521a ZPO"],
  "§ 522 ZPO": ["BG.ZPO:6909-6913", "BG.ZPO.016:44-50", "§ 522 ZPO"],
  "§ 523 ZPO": ["BG.ZPO:6919-6921", "BG.ZPO.016:52-55", "§ 523 ZPO # "],
  "§ 524 ZPO": ["BG.ZPO:6927-6933", "BG.ZPO.016:57-66", "§ 524 ZPO # "],
  "§ 525 ZPO": ["BG.ZPO:6939-6941", "BG.ZPO.016:68-71", "§ 525 ZPO # "],
  "687": "Verfahren bei dem Recursgerichte.",
  "§ 526 ZPO": ["BG.ZPO:6947-6955", "BG.ZPO.016:73-84", "§ 526 ZPO # "],
  "§ 527 ZPO": ["BG.ZPO:6961-6965", "BG.ZPO.016:86-92", "§ 527 ZPO # "],
  "§ 528 ZPO": ["BG.ZPO:6971-6995", "BG.ZPO.016:94-123", "§ 528 ZPO"],
  "§ 528a ZPO": ["BG.ZPO:7001-7003", "BG.ZPO.016:125-128", "§ 528a ZPO"],
  "692": "Vierter Abschnitt",
  "693": "Parteiantrag auf Prüfung der Gesetzmäßigkeit von Verordnungen und Kundmachungen über die Wiederverlautbarung eines Gesetzes (Staatsvertrages), der Verfassungsmäßigkeit von Gesetzen und der Rechtmäßigkeit von Staatsverträgen",
  "§ 528b ZPO": ["BG.ZPO:7009-7019", "BG.ZPO.016:130-141", "§ 528b ZPO"],
  "695": "Fünfter Theil.",
  "696": "Nichtigkeits- und Wiederaufnahmsklage.",
  "§ 529 ZPO": ["BG.ZPO:7025-7039", "BG.ZPO.016:143-158", "§ 529 ZPO # "],
  "§ 530 ZPO": ["BG.ZPO:7045-7063", "BG.ZPO.016:160-180", "§ 530 ZPO"],
  "§ 531 ZPO": ["BG.ZPO:7069-7071", "BG.ZPO.016:182-185", "§ 531 ZPO # "],
  "§ 532 ZPO": ["BG.ZPO:7077-7081", "BG.ZPO.016:187-193", "§ 532 ZPO # "],
  "701": "Verfahren.",
  "§ 533 ZPO": ["BG.ZPO:7087-7091", "BG.ZPO.016:195-200", "§ 533 ZPO # "],
  "§ 534 ZPO": ["BG.ZPO:7097-7113", "BG.ZPO.016:202-221", "§ 534 ZPO # "],
  "§ 535 ZPO": ["BG.ZPO:7119-7121", "BG.ZPO.016:223-226", "§ 535 ZPO # "],
  "§ 536 ZPO": ["BG.ZPO:7127-7139", "BG.ZPO.016:228-241", "§ 536 ZPO # "],
  "§ 537 ZPO": ["BG.ZPO:7145-7147", "BG.ZPO.016:243-246", "§ 537 ZPO # "],
  "§ 538 ZPO": ["BG.ZPO:7153-7157", "BG.ZPO.016:248-254", "§ 538 ZPO # "],
  "§ 539 ZPO": ["BG.ZPO:7163-7167", "BG.ZPO.016:256-262", "§ 539 ZPO # "],
  "§ 540 ZPO": ["BG.ZPO:7173-7179", "BG.ZPO.016:264-273", "§ 540 ZPO # "],
  "§ 541 ZPO": ["BG.ZPO:7185-7191", "BG.ZPO.016:275-284", "§ 541 ZPO # "],
  "§ 542 ZPO": ["BG.ZPO:7197-7201", "BG.ZPO.016:286-292", "§ 542 ZPO # "],
  "§ 543 ZPO": ["BG.ZPO:7207-7209", "BG.ZPO.016:294-297", "§ 543 ZPO # "],
  "§ 544 ZPO": ["BG.ZPO:7215-7219", "BG.ZPO.016:299-305", "§ 544 ZPO # "],
  "§ 545 ZPO": ["BG.ZPO:7225-7229", "BG.ZPO.016:307-313", "§ 545 ZPO # "],
  "§ 546 ZPO": ["BG.ZPO:7235-7239", "BG.ZPO.016:315-321", "§ 546 ZPO # "],
  "§ 547 ZPO": ["BG.ZPO:7245-7249", "BG.ZPO.016:323-329", "§ 547 ZPO # "],
  "717": "Sechster Theil.",
  "718": "Besondere Arten des Verfahrens.",
  "719": "Erster Abschnitt",
  "720": "Europäisches Bagatellverfahren",
  "§ 548 ZPO": ["BG.ZPO:7255-7273", "BG.ZPO.016:331-348", "§ 548 ZPO"],
  "722": "Zweiter Abschnitt",
  "723": "Mandatsverfahren",
  "§ 549 ZPO": ["BG.ZPO:7279-7293", "BG.ZPO.017:15-32", "§ 549 ZPO # Verfahren wegen erheblicher Verletzung von Persönlichkeitsrechten in einem elektronischen Kommunikationsnetz"],
  "725": "Verfahren in Wechselstreitigkeiten",
  "§ 555 ZPO": ["BG.ZPO:7299-7307", "BG.ZPO.017:34-45", "§ 555 ZPO"],
  "§ 556 ZPO": ["BG.ZPO:7313-7323", "BG.ZPO.017:47-62", "§ 556 ZPO"],
  "§ 557 ZPO": ["BG.ZPO:7329-7341", "BG.ZPO.017:64-82", "§ 557 ZPO"],
  "§ 558 ZPO": ["BG.ZPO:7347-7349", "BG.ZPO.017:84-87", "§ 558 ZPO"],
  "§ 559 ZPO": ["BG.ZPO:7355-7357", "BG.ZPO.017:89-92", "§ 559 ZPO"],
  "731": "Dritter Abschnitt.",
  "732": "Verfahren bei Streitigkeiten aus dem Bestandvertrage.",
  "733": "Aufkündigung.",
  "§ 560 ZPO": ["BG.ZPO:7363-7387", "BG.ZPO.017:94-116", "§ 560 ZPO"],
  "§ 561 ZPO": ["BG.ZPO:7393-7397", "BG.ZPO.017:118-124", "§ 561 ZPO"],
  "§ 562 ZPO": ["BG.ZPO:7403-7407", "BG.ZPO.017:126-132", "§ 562 ZPO # "],
  "§ 563 ZPO": ["BG.ZPO:7413-7417", "BG.ZPO.017:134-140", "§ 563 ZPO"],
  "§ 564 ZPO": ["BG.ZPO:7423-7425", "BG.ZPO.017:142-145", "§ 564 ZPO # "],
  "739": "Auftrag zur Übergabe oder Übernahme des Bestandgegenstandes.",
  "§ 567 ZPO": ["BG.ZPO:7431-7440", "BG.ZPO.017:147-159", "§ 567 ZPO # "],
  "741": "Verhältnis zum Afterbestandnehmer.",
  "§ 568 ZPO": ["BG.ZPO:7446-7450", "BG.ZPO.017:161-166", "§ 568 ZPO # "],
  "743": "Stillschweigende Erneuerung des Bestandvertrages.",
  "§ 569 ZPO": ["BG.ZPO:7456-7460", "BG.ZPO.017:168-173", "§ 569 ZPO # "],
  "745": "Fristen in Bestandsachen.",
  "§ 570 ZPO": ["BG.ZPO:7466-7470", "BG.ZPO.017:175-180", "§ 570 ZPO # "],
  "747": "Verfahren.",
  "§ 571 ZPO": ["BG.ZPO:7476-7486", "BG.ZPO.017:182-196", "§ 571 ZPO # "],
  "§ 572 ZPO": ["BG.ZPO:7492-7494", "BG.ZPO.017:198-201", "§ 572 ZPO # "],
  "§ 573 ZPO": ["BG.ZPO:7500-7506", "BG.ZPO.017:203-212", "§ 573 ZPO"],
  "§ 574 ZPO": ["BG.ZPO:7512-7514", "BG.ZPO.017:214-217", "§ 574 ZPO # "],
  "§ 575 ZPO": ["BG.ZPO:7520-7526", "BG.ZPO.017:219-228", "§ 575 ZPO # "],
  "753": "Verträge gegen Entrichtung eines Zinses in Früchten.",
  "§ 576 ZPO": ["BG.ZPO:7532-7536", "BG.ZPO.017:230-235", "§ 576 ZPO # "],
  "755": "Vierter Abschnitt",
  "756": "Schiedsverfahren",
  "757": "Erster Titel",
  "758": "Allgemeine Bestimmungen",
  "§ 577 ZPO": ["BG.ZPO:7542-7558", "BG.ZPO.017:237-251", "§ 577 ZPO # Anwendungsbereich"],
  "§ 578 ZPO": ["BG.ZPO:7564-7566", "BG.ZPO.017:253-256", "§ 578 ZPO # Gerichtliche Tätigkeit"],
  "§ 579 ZPO": ["BG.ZPO:7572-7574", "BG.ZPO.017:258-261", "§ 579 ZPO # Rügepflicht"],
  "§ 580 ZPO": ["BG.ZPO:7580-7586", "BG.ZPO.017:263-272", "§ 580 ZPO # Empfang schriftlicher Mitteilungen"],
  "763": "Zweiter Titel",
  "764": "Schiedsvereinbarung",
  "§ 581 ZPO": ["BG.ZPO:7592-7600", "BG.ZPO.017:274-282", "§ 581 ZPO # Begriff"],
  "§ 582 ZPO": ["BG.ZPO:7606-7610", "BG.ZPO.017:284-290", "§ 582 ZPO # Schiedsfähigkeit"],
  "§ 583 ZPO": ["BG.ZPO:7616-7622", "BG.ZPO.017:292-301", "§ 583 ZPO # Form der Schiedsvereinbarung"],
  "§ 584 ZPO": ["BG.ZPO:7628-7638", "BG.ZPO.017:303-318", "§ 584 ZPO # Schiedsvereinbarung und Klage vor Gericht"],
  "§ 585 ZPO": ["BG.ZPO:7644-7646", "BG.ZPO.017:320-323", "§ 585 ZPO # Schiedsvereinbarung und einstweilige gerichtliche Maßnahmen"],
  "770": "Dritter Titel",
  "771": "Bildung des Schiedsgerichts",
  "§ 586 ZPO": ["BG.ZPO:7652-7660", "BG.ZPO.018:15-23", "§ 586 ZPO # Zusammensetzung des Schiedsgerichts"],
  "§ 587 ZPO": ["BG.ZPO:7666-7702", "BG.ZPO.018:25-69", "§ 587 ZPO # Bestellung der Schiedsrichter"],
  "§ 588 ZPO": ["BG.ZPO:7708-7712", "BG.ZPO.018:71-77", "§ 588 ZPO # Ablehnungsgründe"],
  "§ 589 ZPO": ["BG.ZPO:7718-7724", "BG.ZPO.018:79-88", "§ 589 ZPO # Ablehnungsverfahren"],
  "§ 590 ZPO": ["BG.ZPO:7730-7744", "BG.ZPO.018:90-106", "§ 590 ZPO # Vorzeitige Beendigung des Schiedsrichteramts"],
  "§ 591 ZPO": ["BG.ZPO:7750-7754", "BG.ZPO.018:108-114", "§ 591 ZPO # Bestellung eines Ersatzschiedsrichters"],
  "778": "Vierter Titel",
  "779": "Zuständigkeit des Schiedsgerichts",
  "§ 592 ZPO": ["BG.ZPO:7760-7770", "BG.ZPO.018:116-127", "§ 592 ZPO # Befugnis des Schiedsgerichts zur Entscheidung über die eigene Zuständigkeit"],
  "§ 593 ZPO": ["BG.ZPO:7776-7804", "BG.ZPO.018:129-163", "§ 593 ZPO # Anordnung vorläufiger oder sichernder Maßnahmen"],
  "782": "Fünfter Titel",
  "783": "Durchführung des Schiedsverfahrens",
  "§ 594 ZPO": ["BG.ZPO:7810-7822", "BG.ZPO.018:165-179", "§ 594 ZPO # Allgemeines"],
  "§ 595 ZPO": ["BG.ZPO:7828-7832", "BG.ZPO.018:181-187", "§ 595 ZPO # Sitz des Schiedsgerichts"],
  "§ 596 ZPO": ["BG.ZPO:7838-7840", "BG.ZPO.018:189-192", "§ 596 ZPO # Verfahrenssprache"],
  "§ 597 ZPO": ["BG.ZPO:7846-7850", "BG.ZPO.018:194-200", "§ 597 ZPO # Klage und Klagebeantwortung"],
  "§ 598 ZPO": ["BG.ZPO:7856-7858", "BG.ZPO.018:202-205", "§ 598 ZPO # Mündliche Verhandlung und schriftliches Verfahren"],
  "§ 599 ZPO": ["BG.ZPO:7864-7870", "BG.ZPO.018:207-216", "§ 599 ZPO # Verfahren und Beweisaufnahme"],
  "§ 600 ZPO": ["BG.ZPO:7876-7880", "BG.ZPO.018:218-224", "§ 600 ZPO # Versäumung einer Verfahrenshandlung"],
  "§ 601 ZPO": ["BG.ZPO:7886-7898", "BG.ZPO.018:226-242", "§ 601 ZPO # Vom Schiedsgericht bestellter Sachverständiger"],
  "§ 602 ZPO": ["BG.ZPO:7904-7906", "BG.ZPO.018:244-247", "§ 602 ZPO # Gerichtliche Rechtshilfe"],
  "793": "Sechster Titel",
  "794": "Schiedsspruch und Beendigung des Verfahrens",
  "§ 603 ZPO": ["BG.ZPO:7912-7922", "BG.ZPO.018:249-260", "§ 603 ZPO # Anzuwendendes Recht"],
  "§ 604 ZPO": ["BG.ZPO:7928-7934", "BG.ZPO.018:262-269", "§ 604 ZPO # Entscheidung durch ein Schiedsrichterkollegium"],
  "§ 605 ZPO": ["BG.ZPO:7940-7946", "BG.ZPO.018:271-278", "§ 605 ZPO # Vergleich"],
  "§ 606 ZPO": ["BG.ZPO:7952-7966", "BG.ZPO.018:280-301", "§ 606 ZPO # Schiedsspruch"],
  "§ 607 ZPO": ["BG.ZPO:7972-7974", "BG.ZPO.018:303-306", "§ 607 ZPO # Wirkung des Schiedsspruchs"],
  "§ 608 ZPO": ["BG.ZPO:7980-7994", "BG.ZPO.018:308-325", "§ 608 ZPO # Beendigung des Schiedsverfahrens"],
  "§ 609 ZPO": ["BG.ZPO:8000-8010", "BG.ZPO.018:327-342", "§ 609 ZPO # Entscheidung über die Kosten"],
  "§ 610 ZPO": ["BG.ZPO:8016-8032", "BG.ZPO.018:344-365", "§ 610 ZPO # Berichtigung, Erläuterung und Ergänzung des Schiedsspruchs"],
  "803": "Siebenter Titel",
  "804": "Rechtsbehelf gegen den Schiedsspruch",
  "§ 611 ZPO": ["BG.ZPO:8038-8068", "BG.ZPO.019:15-48", "§ 611 ZPO # Antrag auf Aufhebung eines Schiedsspruchs"],
  "§ 612 ZPO": ["BG.ZPO:8074-8076", "BG.ZPO.019:50-53", "§ 612 ZPO # Feststellung des Bestehens oder Nichtbestehens eines Schiedsspruchs"],
  "§ 613 ZPO": ["BG.ZPO:8082-8084", "BG.ZPO.019:55-58", "§ 613 ZPO # Wahrnehmung von Aufhebungsgründen in einem anderen Verfahren"],
  "808": "Achter Titel",
  "§ 614 ZPO": ["BG.ZPO:8090-8096", "BG.ZPO.019:60-68", "§ 614 ZPO # Anerkennung und Vollstreckbarerklärung ausländischer Schiedssprüche"],
  "810": "Neunter Titel",
  "811": "Gerichtliches Verfahren",
  "§ 615 ZPO": ["BG.ZPO:8102-8108", "BG.ZPO.019:70-75", "§ 615 ZPO # Zuständigkeit"],
  "§ 616 ZPO": ["BG.ZPO:8114-8118", "BG.ZPO.019:77-83", "§ 616 ZPO # Verfahren"],
  "814": "Zehnter Titel",
  "815": "Sonderbestimmungen",
  "§ 617 ZPO": ["BG.ZPO:8124-8154", "BG.ZPO.019:85-124", "§ 617 ZPO # Konsumenten"],
  "§ 618 ZPO": ["BG.ZPO:8160-8162", "BG.ZPO.019:126-129", "§ 618 ZPO # Arbeitsrechtssachen"],
  "818": "Fünfter Abschnitt",
  "819": "Kollektive Rechtsverfolgung",
  "820": "Erster Titel",
  "821": "Verbandsklage auf Unterlassung",
  "§ 619 ZPO": ["BG.ZPO:8168-8184", "BG.ZPO.019:131-145", "§ 619 ZPO"],
  "§ 620 ZPO": ["BG.ZPO:8190-8196", "BG.ZPO.019:147-156", "§ 620 ZPO"],
  "§ 621 ZPO": ["BG.ZPO:8202-8210", "BG.ZPO.019:158-170", "§ 621 ZPO"],
  "§ 622 ZPO": ["BG.ZPO:8216-8218", "BG.ZPO.019:172-175", "§ 622 ZPO"],
  "826": "Zweiter Titel",
  "827": "Verbandsklage auf Abhilfe",
  "§ 623 ZPO": ["BG.ZPO:8224-8230", "BG.ZPO.019:177-182", "§ 623 ZPO # Anwendungsbereich"],
  "§ 624 ZPO": ["BG.ZPO:8236-8246", "BG.ZPO.019:184-199", "§ 624 ZPO # Verbandsklage auf Abhilfe"],
  "§ 625 ZPO": ["BG.ZPO:8252-8254", "BG.ZPO.019:201-204", "§ 625 ZPO # Prüfung der Verbandsklage auf Abhilfe"],
  "§ 626 ZPO": ["BG.ZPO:8260-8264", "BG.ZPO.019:206-212", "§ 626 ZPO # Entscheidung über die Durchführung eines Verbandsklageverfahrens auf Abhilfe"],
  "§ 627 ZPO": ["BG.ZPO:8270-8290", "BG.ZPO.019:214-236", "§ 627 ZPO # Veröffentlichung der Entscheidung"],
  "§ 628 ZPO": ["BG.ZPO:8296-8306", "BG.ZPO.019:238-253", "§ 628 ZPO # Beitritt"],
  "§ 629 ZPO": ["BG.ZPO:8312-8320", "BG.ZPO.019:255-267", "§ 629 ZPO # Besondere Bestimmungen zur Prozessfähigkeit der Qualifizierten Einrichtung"],
  "§ 630 ZPO": ["BG.ZPO:8326-8332", "BG.ZPO.019:269-278", "§ 630 ZPO # Besondere Bestimmungen über Zuständigkeit und Gerichtsbesetzung"],
  "§ 631 ZPO": ["BG.ZPO:8338-8346", "BG.ZPO.019:280-292", "§ 631 ZPO # Besondere Bestimmungen über den Vergleich"],
  "§ 632 ZPO": ["BG.ZPO:8352-8354", "BG.ZPO.019:294-297", "§ 632 ZPO # Besondere Bestimmungen über den Kostenersatz"],
  "§ 633 ZPO": ["BG.ZPO:8360-8362", "BG.ZPO.019:299-302", "§ 633 ZPO # Besonderheiten der Entscheidung"],
  "§ 634 ZPO": ["BG.ZPO:8368-8382", "BG.ZPO.019:304-319", "§ 634 ZPO # Veröffentlichungen"],
  "§ 635 ZPO": ["BG.ZPO:8388-8390", "BG.ZPO.019:321-324", "§ 635 ZPO # Verjährung"],
  "841": "Siebenter Teil",
  "842": "Schlussbestimmungen",
  "§ 636 ZPO": ["BG.ZPO:8396-8434", "BG.ZPO.019:326-366", "§ 636 ZPO # In- und Außerkrafttreten; Übergangsbestimmungen"],
  "§ 637 ZPO": ["BG.ZPO:8440-8442", "BG.ZPO.019:368-371", "§ 637 ZPO # Umsetzungshinweise"]
}
