{
  "toc": [
    ["§ 1 RLV", "BV.RLV:28-34", "BV.RLV.001:16-25", "§ 1 RLV # Aufgabenerfüllung"],
    ["§ 2 RLV", "BV.RLV:40-42", "BV.RLV.001:27-30", "§ 2 RLV # Führung"],
    ["§ 3 RLV", "BV.RLV:48-50", "BV.RLV.001:32-35", "§ 3 RLV # Eigensicherung"],
    ["§ 4 RLV", "BV.RLV:56-58", "BV.RLV.001:37-40", "§ 4 RLV # Freiwillige Mitwirkung oder Duldung"],
    ["§ 5 RLV", "BV.RLV:64-70", "BV.RLV.001:42-51", "§ 5 RLV # Achtung der Menschenwürde"],
    ["§ 6 RLV", "BV.RLV:76-100", "BV.RLV.001:53-80", "§ 6 RLV # Umgang mit Betroffenen"],
    ["§ 7 RLV", "BV.RLV:106-112", "BV.RLV.001:82-91", "§ 7 RLV # Ausübung von Zwangsgewalt"],
    ["§ 8 RLV", "BV.RLV:118-128", "BV.RLV.001:93-106", "§ 8 RLV # Informationspflichten"],
    ["§ 9 RLV", "BV.RLV:134-140", "BV.RLV.001:108-117", "§ 9 RLV # Bekanntgabe der Dienstnummer"],
    ["§ 10 RLV", "BV.RLV:146-152", "BV.RLV.001:119-128", "§ 10 RLV # Dokumentation"],
    ["§ 11 RLV", "BV.RLV:158-160", "BV.RLV.001:130-133", "§ 11 RLV # Inkrafttreten"]
  ],
  "index": {
    "§ 1 RLV": 0,
    "§ 2 RLV": 1,
    "§ 3 RLV": 2,
    "§ 4 RLV": 3,
    "§ 5 RLV": 4,
    "§ 6 RLV": 5,
    "§ 7 RLV": 6,
    "§ 8 RLV": 7,
    "§ 9 RLV": 8,
    "§ 10 RLV": 9,
    "§ 11 RLV": 10
  }
}
