{
  "BG.StGB": "Strafgesetzbuch (StGB)",
  "BG.StPO": "Strafprozeßordnung (StPO)",
  "BG.ABGB": "Allgemeines bürgerliches Gesetzbuch (ABGB)",
  "BG.ZPO": "Zivilprozessordnung (ZPO)",
  "BG.VerG": "Vereinsgesetz (VerG)",
  "BG.StVO": "Straßenverkehrsordnung (StVO)",
  "BG.AVG": "Allgemeines Verwaltungsverfahrensgesetz (AVG)",
  "BG.JN": "Jurisdiktionsnorm (JN)",
  "BG.EO": "Exekutionsordnung (EO)",
  "BG.AußStrG": "Außerstreitgesetz (AußStrG)",
  "BG.UrhG": "Urheberrechtsgesetz (UrhG)",
  "BG.WechselG": "Wechselgesetz (WechselG)",
  "BG.SPG": "Sicherheitspolizeigesetz (SPG)",
  "BG.AuskPG": "Auskunftspflichtgesetz (AuskPG)",
  "BG.RezeptPG": "Rezeptpflichtgesetz (RezeptPG)",
  "BG.BDG": "Beamten-Dienstrechtsgesetz (BDG)",
  "BG.DSG": "Datenschutzgesetz (DSG)",
  "BG.SchUG": "Schulunterrichtsgesetz (SchUG)",
  "BG.KSchG": "Konsumentenschutzgesetz (KSchG)",
  "BG.StAG": "Staatsanwaltschaftsgesetz (StAG)",
  "BG.VStG": "Verwaltungsstrafgesetz (VStG)",
  "BG.VwGVG": "Verwaltungsgerichtsverfahrensgesetz (VwGVG)",
  "BG.TKG": "Telekommunikationsgesetz 2021 (TKG)",
  "BV.RPV": "BMSGPK: Rezeptpflichtverordnung (RPV)",
  "BV.DV-StAG": "BMJ: DV zum Staatsanwaltschaftsgesetz (DV-StAG)",
  "BV.RLV": "BMI: Richtlinien-Verordnung (RLV)",
  "BV.AFV": "BMIMI: Amateurfunkverordnung (AFV)",
  "BV.FNV": "BMIMI: Frequenznutzungsverordnung 2013 (FNV)",
  "WLG.WLSG": "Wiener Landes-Sicherheitsgesetz (WLSG)",
  "WLG.WrAuskPG": "Wiener Auskunftspflichtgesetz (WrAuskPG)"
}
