{
  "toc": [
    ["§ 1 AuskPG", "BG.AuskPG:26-30", "BG.AuskPG.001:17-23", "§ 1 AuskPG"],
    ["§ 2 AuskPG", "BG.AuskPG:36-38", "BG.AuskPG.001:25-28", "§ 2 AuskPG"],
    ["§ 3 AuskPG", "BG.AuskPG:44-46", "BG.AuskPG.001:30-33", "§ 3 AuskPG"],
    ["§ 4 AuskPG", "BG.AuskPG:52-54", "BG.AuskPG.001:35-38", "§ 4 AuskPG"],
    ["§ 5 AuskPG", "BG.AuskPG:60-62", "BG.AuskPG.001:40-43", "§ 5 AuskPG"],
    ["§ 6 AuskPG", "BG.AuskPG:68-70", "BG.AuskPG.001:45-48", "§ 6 AuskPG"],
    ["§ 7 AuskPG", "BG.AuskPG:76-78", "BG.AuskPG.001:50-53", "§ 7 AuskPG"],
    ["§ 8 AuskPG", "BG.AuskPG:84-86", "BG.AuskPG.001:55-58", "§ 8 AuskPG"]
  ],
  "index": {
    "§ 1 AuskPG": 0,
    "§ 2 AuskPG": 1,
    "§ 3 AuskPG": 2,
    "§ 4 AuskPG": 3,
    "§ 5 AuskPG": 4,
    "§ 6 AuskPG": 5,
    "§ 7 AuskPG": 6,
    "§ 8 AuskPG": 7
  }
}
