{
  "toc": [
    "1. Abschnitt",
    "Allgemeine Bestimmungen",
    ["§ 1 IFG", "BG.IFG:55-71", "BG.IFG.001:17-32", "§ 1 IFG # Anwendungsbereich"],
    ["§ 2 IFG", "BG.IFG:77-81", "BG.IFG.001:34-40", "§ 2 IFG # Begriffsbestimmungen"],
    ["§ 3 IFG", "BG.IFG:87-93", "BG.IFG.001:42-51", "§ 3 IFG # Zuständigkeit"],
    "2. Abschnitt",
    "Informationspflicht",
    ["§ 4 IFG", "BG.IFG:99-106", "BG.IFG.001:53-59", "§ 4 IFG # Proaktive Informationspflicht"],
    ["§ 5 IFG", "BG.IFG:112-116", "BG.IFG.001:61-67", "§ 5 IFG # Informationsregister"],
    ["§ 6 IFG", "BG.IFG:122-156", "BG.IFG.001:69-104", "§ 6 IFG # Geheimhaltung"],
    "3. Abschnitt",
    "Verfahren",
    ["§ 7 IFG", "BG.IFG:162-174", "BG.IFG.001:106-120", "§ 7 IFG # Informationsbegehren; anzuwendendes Recht"],
    ["§ 8 IFG", "BG.IFG:180-184", "BG.IFG.001:122-128", "§ 8 IFG # Frist"],
    ["§ 9 IFG", "BG.IFG:190-196", "BG.IFG.001:130-139", "§ 9 IFG # Information"],
    ["§ 10 IFG", "BG.IFG:202-206", "BG.IFG.001:141-147", "§ 10 IFG # Betroffene Personen"],
    ["§ 11 IFG", "BG.IFG:212-218", "BG.IFG.001:149-158", "§ 11 IFG # Rechtsschutz"],
    ["§ 12 IFG", "BG.IFG:224-228", "BG.IFG.001:160-166", "§ 12 IFG # Gebühren"],
    "4. Abschnitt",
    "Private Informationspflichtige",
    ["§ 13 IFG", "BG.IFG:234-246", "BG.IFG.001:168-182", "§ 13 IFG # Nicht mit der Besorgung von Geschäften der Bundesverwaltung oder der Landesverwaltung betraute Stiftungen, Fonds, Anstalten und Unternehmungen"],
    ["§ 14 IFG", "BG.IFG:252-282", "BG.IFG.001:184-221", "§ 14 IFG # Rechtsschutz"],
    "5. Abschnitt",
    "Beratung und Unterstützung",
    ["§ 15 IFG", "BG.IFG:288-296", "BG.IFG.001:223-231", "§ 15 IFG # Datenschutzbehörde"],
    "6. Abschnitt",
    "Schlussbestimmungen",
    ["§ 16 IFG", "BG.IFG:302-308", "BG.IFG.001:233-238", "§ 16 IFG # Verhältnis zu anderen Rechtsvorschriften"],
    ["§ 17 IFG", "BG.IFG:314-316", "BG.IFG.001:240-243", "§ 17 IFG # Verweisungen"],
    ["§ 18 IFG", "BG.IFG:322-324", "BG.IFG.001:245-248", "§ 18 IFG # Sprachliche Gleichbehandlung"],
    ["§ 19 IFG", "BG.IFG:330-344", "BG.IFG.001:250-265", "§ 19 IFG # Vollziehung"],
    ["§ 20 IFG", "BG.IFG:350-356", "BG.IFG.001:267-276", "§ 20 IFG # In- und Außerkrafttreten; Übergangsbestimmung"]
  ],
  "index": {
    "§ 1 IFG": 2,
    "§ 2 IFG": 3,
    "§ 3 IFG": 4,
    "§ 4 IFG": 7,
    "§ 5 IFG": 8,
    "§ 6 IFG": 9,
    "§ 7 IFG": 12,
    "§ 8 IFG": 13,
    "§ 9 IFG": 14,
    "§ 10 IFG": 15,
    "§ 11 IFG": 16,
    "§ 12 IFG": 17,
    "§ 13 IFG": 20,
    "§ 14 IFG": 21,
    "§ 15 IFG": 24,
    "§ 16 IFG": 27,
    "§ 17 IFG": 28,
    "§ 18 IFG": 29,
    "§ 19 IFG": 30,
    "§ 20 IFG": 31
  }
}
