{
  "toc": [
    ["§ 1 OGHG", "BG.OGHG:44-50", "BG.OGHG.001:17-25", "§ 1 OGHG # Aufgabenbereich und Zusammensetzung"],
    ["§ 2 OGHG", "BG.OGHG:56-58", "BG.OGHG.001:27-30", "§ 2 OGHG # Siegel"],
    ["§ 3 OGHG", "BG.OGHG:64-76", "BG.OGHG.001:32-49", "§ 3 OGHG # Leitung und Dienstaufsicht"],
    ["§ 4 OGHG", "BG.OGHG:82-84", "BG.OGHG.001:51-54", "§ 4 OGHG # Erholungsurlaub des Präsidenten"],
    ["§ 5 OGHG", "BG.OGHG:90-96", "BG.OGHG.001:56-64", "§ 5 OGHG # Senate"],
    ["§ 6 OGHG", "BG.OGHG:102-106", "BG.OGHG.001:66-71", "§ 6 OGHG # Einfache Senate"],
    ["§ 7 OGHG", "BG.OGHG:112-136", "BG.OGHG.001:73-98", "§ 7 OGHG # Dreiersenate"],
    ["§ 8 OGHG", "BG.OGHG:142-154", "BG.OGHG.001:100-115", "§ 8 OGHG # Verstärkte Senate"],
    ["§ 9 OGHG", "BG.OGHG:160-168", "BG.OGHG.001:117-128", "§ 9 OGHG # Vollversammlung"],
    ["§ 10 OGHG", "BG.OGHG:174-182", "BG.OGHG.001:130-141", "§ 10 OGHG"],
    ["§ 11 OGHG", "BG.OGHG:188-192", "BG.OGHG.001:143-148", "§ 11 OGHG # Begutachtungssenate"],
    ["§ 12 OGHG", "BG.OGHG:198-202", "BG.OGHG.001:150-155", "§ 12 OGHG # Tätigkeitsbericht"],
    ["§ 13 OGHG", "BG.OGHG:208-218", "BG.OGHG.001:157-171", "§ 13 OGHG # Geschäftsverteilung"],
    ["§ 14 OGHG", "BG.OGHG:224-242", "BG.OGHG.001:173-199", "§ 14 OGHG # Evidenzbüro"],
    ["§ 15 OGHG", "BG.OGHG:248-274", "BG.OGHG.001:201-231", "§ 15 OGHG # Entscheidungsdokumentation Justiz"],
    ["§ 15a OGHG", "BG.OGHG:280-286", "BG.OGHG.001:233-241", "§ 15a OGHG # Zugänglichkeit der Entscheidungen"],
    ["§ 16 OGHG", "BG.OGHG:292-322", "BG.OGHG.001:243-277", "§ 16 OGHG # Geschäftsstelle"],
    ["§ 17 OGHG", "BG.OGHG:328-336", "BG.OGHG.001:279-291", "§ 17 OGHG # Einlaufstelle"],
    ["§ 18 OGHG", "BG.OGHG:342-350", "BG.OGHG.001:293-304", "§ 18 OGHG # Ausfertigungen"],
    ["§ 19 OGHG", "BG.OGHG:356-360", "BG.OGHG.001:306-311", "§ 19 OGHG # Aktenaufbewahrung"],
    ["§ 20 OGHG", "BG.OGHG:366-368", "BG.OGHG.001:313-316", "§ 20 OGHG # Auskunftserteilung"],
    ["§ 21 OGHG", "BG.OGHG:374-378", "BG.OGHG.001:318-323", "§ 21 OGHG # Amtsbibliothek"],
    ["§ 22 OGHG", "BG.OGHG:384-400", "BG.OGHG.001:325-343", "§ 22 OGHG # Geschäftsordnung"],
    ["§ 23 OGHG", "BG.OGHG:406-430", "BG.OGHG.001:345-374", "§ 23 OGHG # Schlußbestimmungen"],
    ["§ 24 OGHG", "BG.OGHG:436-444", "BG.OGHG.001:376-388", "§ 24 OGHG # Inkrafttreten"],
    ["§ 25 OGHG", "BG.OGHG:450-452", "BG.OGHG.001:390-393", "§ 25 OGHG # Vollziehung"]
  ],
  "index": {
    "§ 1 OGHG": 0,
    "§ 2 OGHG": 1,
    "§ 3 OGHG": 2,
    "§ 4 OGHG": 3,
    "§ 5 OGHG": 4,
    "§ 6 OGHG": 5,
    "§ 7 OGHG": 6,
    "§ 8 OGHG": 7,
    "§ 9 OGHG": 8,
    "§ 10 OGHG": 9,
    "§ 11 OGHG": 10,
    "§ 12 OGHG": 11,
    "§ 13 OGHG": 12,
    "§ 14 OGHG": 13,
    "§ 15 OGHG": 14,
    "§ 15a OGHG": 15,
    "§ 16 OGHG": 16,
    "§ 17 OGHG": 17,
    "§ 18 OGHG": 18,
    "§ 19 OGHG": 19,
    "§ 20 OGHG": 20,
    "§ 21 OGHG": 21,
    "§ 22 OGHG": 22,
    "§ 23 OGHG": 23,
    "§ 24 OGHG": 24,
    "§ 25 OGHG": 25
  }
}
