{
  "toc": [
    ["§ 1 RezeptPG", "BG.RezeptPG:37-52", "BG.RezeptPG.001:17-39", "§ 1 RezeptPG"],
    ["§ 2 RezeptPG", "BG.RezeptPG:58-62", "BG.RezeptPG.001:41-47", "§ 2 RezeptPG"],
    ["§ 2a RezeptPG", "BG.RezeptPG:68-72", "BG.RezeptPG.001:49-54", "§ 2a RezeptPG"],
    ["§ 3 RezeptPG", "BG.RezeptPG:78-106", "BG.RezeptPG.001:56-89", "§ 3 RezeptPG"],
    ["§ 3a RezeptPG", "BG.RezeptPG:112-138", "BG.RezeptPG.001:91-120", "§ 3a RezeptPG"],
    ["§ 4 RezeptPG", "BG.RezeptPG:144-158", "BG.RezeptPG.001:122-143", "§ 4 RezeptPG"],
    ["§ 5 RezeptPG", "BG.RezeptPG:164-188", "BG.RezeptPG.001:145-174", "§ 5 RezeptPG"],
    ["§ 6 RezeptPG", "BG.RezeptPG:194-210", "BG.RezeptPG.001:176-194", "§ 6 RezeptPG"],
    ["§ 6a RezeptPG", "BG.RezeptPG:216-218", "BG.RezeptPG.001:196-199", "§ 6a RezeptPG"],
    ["§ 6b RezeptPG", "BG.RezeptPG:224-232", "BG.RezeptPG.001:201-209", "§ 6b RezeptPG"],
    ["§ 7 RezeptPG", "BG.RezeptPG:238-240", "BG.RezeptPG.001:211-214", "§ 7 RezeptPG"],
    ["§ 7a RezeptPG", "BG.RezeptPG:246-248", "BG.RezeptPG.001:216-219", "§ 7a RezeptPG"],
    ["§ 7b RezeptPG", "BG.RezeptPG:254-262", "BG.RezeptPG.001:221-230", "§ 7b RezeptPG # Umsetzung von Unionsrecht"],
    ["§ 8 RezeptPG", "BG.RezeptPG:268-300", "BG.RezeptPG.001:232-280", "§ 8 RezeptPG"],
    ["§ 9 RezeptPG", "BG.RezeptPG:306-310", "BG.RezeptPG.001:282-288", "§ 9 RezeptPG"],
    "Artikel 5",
    "Notifikationshinweis gemäß Artikel 12 der Richtlinie 98/34/EG",
    ["Art. 5 RezeptPG", "BG.RezeptPG:316-322", "BG.RezeptPG.001:290-295", "Art. 5 RezeptPG # (Anm.: aus BGBl. I Nr. 8/2008, zu § 3, BGBl. Nr. 413/1972)"]
  ],
  "index": {
    "§ 1 RezeptPG": 0,
    "§ 2 RezeptPG": 1,
    "§ 2a RezeptPG": 2,
    "§ 3 RezeptPG": 3,
    "§ 3a RezeptPG": 4,
    "§ 4 RezeptPG": 5,
    "§ 5 RezeptPG": 6,
    "§ 6 RezeptPG": 7,
    "§ 6a RezeptPG": 8,
    "§ 6b RezeptPG": 9,
    "§ 7 RezeptPG": 10,
    "§ 7a RezeptPG": 11,
    "§ 7b RezeptPG": 12,
    "§ 8 RezeptPG": 13,
    "§ 9 RezeptPG": 14,
    "Art. 5 RezeptPG": 17
  }
}
