{
  "toc": [
    "I. ABSCHNITT",
    "Stellung des Rechtspflegers",
    ["§ 1 RpflG", "BG.RpflG:80-86", "BG.RpflG.001:17-22", "§ 1 RpflG # Begriff"],
    ["§ 2 RpflG", "BG.RpflG:92-102", "BG.RpflG.001:24-35", "§ 2 RpflG # Arbeitsgebiete"],
    ["§ 3 RpflG", "BG.RpflG:108-118", "BG.RpflG.001:37-48", "§ 3 RpflG # Voraussetzungen der Übertragung"],
    ["§ 4 RpflG", "BG.RpflG:124-128", "BG.RpflG.001:50-56", "§ 4 RpflG # Urkunde"],
    ["§ 5 RpflG", "BG.RpflG:134-140", "BG.RpflG.001:58-67", "§ 5 RpflG # Verwendung"],
    ["§ 6 RpflG", "BG.RpflG:146-152", "BG.RpflG.001:69-78", "§ 6 RpflG # Geschäftsverteilung"],
    ["§ 7 RpflG", "BG.RpflG:158-160", "BG.RpflG.001:80-83", "§ 7 RpflG # Ablehnung"],
    ["§ 8 RpflG", "BG.RpflG:166-172", "BG.RpflG.001:85-94", "§ 8 RpflG # Weisungsrecht des Richters"],
    ["§ 9 RpflG", "BG.RpflG:178-182", "BG.RpflG.001:96-102", "§ 9 RpflG # Erledigung durch den Richter"],
    ["§ 10 RpflG", "BG.RpflG:188-198", "BG.RpflG.001:104-116", "§ 10 RpflG # Vorlagepflicht"],
    ["§ 11 RpflG", "BG.RpflG:204-214", "BG.RpflG.001:118-133", "§ 11 RpflG # Anfechtbarkeit der Entscheidungen des Rechtspflegers"],
    ["§ 12 RpflG", "BG.RpflG:220-230", "BG.RpflG.001:135-150", "§ 12 RpflG # Vorstellung an den Richter"],
    ["§ 13 RpflG", "BG.RpflG:236-242", "BG.RpflG.001:152-161", "§ 13 RpflG # Ausfertigungen"],
    ["§ 14 RpflG", "BG.RpflG:248-252", "BG.RpflG.001:163-169", "§ 14 RpflG # Dienststellung und Dienstaufsicht"],
    ["§ 15 RpflG", "BG.RpflG:258-262", "BG.RpflG.001:171-177", "§ 15 RpflG # Aberkennung der Befugnis"],
    "II. ABSCHNITT",
    "Wirkungskreis des Rechtspflegers",
    ["§ 16 RpflG", "BG.RpflG:268-306", "BG.RpflG.001:179-216", "§ 16 RpflG # Gemeinsame Bestimmungen"],
    ["§ 17 RpflG", "BG.RpflG:312-338", "BG.RpflG.001:218-247", "§ 17 RpflG # Wirkungskreis in Zivilprozeß- und Exekutionssachen"],
    ["§ 17a RpflG", "BG.RpflG:344-346", "BG.RpflG.001:249-252", "§ 17a RpflG # Wirkungskreis in Insolvenzsachen"],
    ["§ 18 RpflG", "BG.RpflG:352-374", "BG.RpflG.001:254-278", "§ 18 RpflG # Wirkungskreis in Verlassenschaftssachen"],
    ["§ 19 RpflG", "BG.RpflG:380-418", "BG.RpflG.001:280-320", "§ 19 RpflG # Wirkungskreis in Kindschafts-, Erwachsenenschutz- und Kuratelsangelegenheiten"],
    ["§ 20 RpflG", "BG.RpflG:424-428", "BG.RpflG.001:322-328", "§ 20 RpflG # Wirkungskreis in Angelegenheiten des Gerichtserlages und der Einziehung gerichtlicher Verwahrnisse"],
    ["§ 21 RpflG", "BG.RpflG:434-444", "BG.RpflG.001:330-343", "§ 21 RpflG # Wirkungskreis in Grundbuchs- und Schiffsregistersachen"],
    ["§ 22 RpflG", "BG.RpflG:450-496", "BG.RpflG.001:345-392", "§ 22 RpflG # Wirkungskreis in Sachen des Firmenbuchs"],
    "III. ABSCHNITT",
    "Ausbildung zum Rechtspfleger",
    ["§ 23 RpflG", "BG.RpflG:502-508", "BG.RpflG.002:15-20", "§ 23 RpflG # Voraussetzungen für die Zulassung"],
    ["§ 24 RpflG", "BG.RpflG:514-520", "BG.RpflG.002:22-31", "§ 24 RpflG # Zulassung"],
    ["§ 25 RpflG", "BG.RpflG:526-536", "BG.RpflG.002:33-45", "§ 25 RpflG # Gegenstand und Dauer der Ausbildung"],
    ["§ 25a RpflG", "BG.RpflG:542-546", "BG.RpflG.002:47-53", "§ 25a RpflG # Ablauf des Ausbildungsdienstes"],
    ["§ 26 RpflG", "BG.RpflG:552-554", "BG.RpflG.002:55-58", "§ 26 RpflG # Ausbildung für ein weiteres Arbeitsgebiet"],
    ["§ 27 RpflG", "BG.RpflG:560-568", "BG.RpflG.002:60-72", "§ 27 RpflG # Verwendung bei Gericht"],
    ["§ 27a RpflG", "BG.RpflG:574-610", "BG.RpflG.002:74-116", "§ 27a RpflG # Beurteilung des Ausbildungsstandes"],
    ["§ 28 RpflG", "BG.RpflG:616-620", "BG.RpflG.002:118-124", "§ 28 RpflG # Dienstabwesenheit"],
    ["§ 29 RpflG", "BG.RpflG:626-632", "BG.RpflG.002:126-135", "§ 29 RpflG # Abhaltung und Leitung der Lehrgänge"],
    ["§ 30 RpflG", "BG.RpflG:638-644", "BG.RpflG.002:137-146", "§ 30 RpflG # Aufgaben der Lehrgänge"],
    ["§ 31 RpflG", "BG.RpflG:650-658", "BG.RpflG.002:148-160", "§ 31 RpflG # Zulassung zu Lehrgängen"],
    ["§ 32 RpflG", "BG.RpflG:664-670", "BG.RpflG.002:162-171", "§ 32 RpflG # Teilnahme an Lehrgängen"],
    ["§ 33 RpflG", "BG.RpflG:676-680", "BG.RpflG.002:173-179", "§ 33 RpflG # Mitarbeit beim Lehrgang"],
    ["§ 34 RpflG", "BG.RpflG:686-692", "BG.RpflG.002:181-190", "§ 34 RpflG # Prüfungstermine"],
    ["§ 35 RpflG", "BG.RpflG:698-700", "BG.RpflG.002:192-195", "§ 35 RpflG # Prüfungsurlaub"],
    ["§ 36 RpflG", "BG.RpflG:706-708", "BG.RpflG.002:197-200", "§ 36 RpflG # Bestellung der Prüfungskommissäre"],
    ["§ 37 RpflG", "BG.RpflG:714-718", "BG.RpflG.002:202-208", "§ 37 RpflG # Zusammensetzung der Prüfungskommission"],
    ["§ 38 RpflG", "BG.RpflG:724-728", "BG.RpflG.002:210-216", "§ 38 RpflG # Form und Gegenstand der Prüfungen"],
    ["§ 39 RpflG", "BG.RpflG:734-738", "BG.RpflG.002:218-224", "§ 39 RpflG # Schriftliche Prüfung"],
    ["§ 40 RpflG", "BG.RpflG:744-748", "BG.RpflG.002:226-232", "§ 40 RpflG # Mündliche Prüfung"],
    ["§ 41 RpflG", "BG.RpflG:754-774", "BG.RpflG.002:234-260", "§ 41 RpflG # Ergebnis der Prüfung"],
    ["§ 42 RpflG", "BG.RpflG:780-782", "BG.RpflG.002:262-265", "§ 42 RpflG # Wiederholung der Prüfung"],
    ["§ 43 RpflG", "BG.RpflG:788-792", "BG.RpflG.002:267-273", "§ 43 RpflG # Übertragung der Abhaltung von Arbeitsgebietslehrgängen für Sachen des Firmenbuchs"],
    "IV. ABSCHNITT",
    "Ergänzungs-, Übergangs- und Schlußbestimmungen",
    ["§ 44 RpflG", "BG.RpflG:798-804", "BG.RpflG.002:275-280", "§ 44 RpflG # Änderungen des Gerichtsorganisationsgesetzes"],
    ["§ 45 RpflG", "BG.RpflG:810-852", "BG.RpflG.002:282-345", "§ 45 RpflG # Inkrafttreten"],
    ["§ 46 RpflG", "BG.RpflG:858-876", "BG.RpflG.002:347-370", "§ 46 RpflG # Übergangsvorschriften"],
    ["§ 47 RpflG", "BG.RpflG:882-884", "BG.RpflG.002:372-375", "§ 47 RpflG # Verweisungen"],
    ["§ 48 RpflG", "BG.RpflG:890-892", "BG.RpflG.002:377-380", "§ 48 RpflG # Vollziehung"]
  ],
  "index": {
    "§ 1 RpflG": 2,
    "§ 2 RpflG": 3,
    "§ 3 RpflG": 4,
    "§ 4 RpflG": 5,
    "§ 5 RpflG": 6,
    "§ 6 RpflG": 7,
    "§ 7 RpflG": 8,
    "§ 8 RpflG": 9,
    "§ 9 RpflG": 10,
    "§ 10 RpflG": 11,
    "§ 11 RpflG": 12,
    "§ 12 RpflG": 13,
    "§ 13 RpflG": 14,
    "§ 14 RpflG": 15,
    "§ 15 RpflG": 16,
    "§ 16 RpflG": 19,
    "§ 17 RpflG": 20,
    "§ 17a RpflG": 21,
    "§ 18 RpflG": 22,
    "§ 19 RpflG": 23,
    "§ 20 RpflG": 24,
    "§ 21 RpflG": 25,
    "§ 22 RpflG": 26,
    "§ 23 RpflG": 29,
    "§ 24 RpflG": 30,
    "§ 25 RpflG": 31,
    "§ 25a RpflG": 32,
    "§ 26 RpflG": 33,
    "§ 27 RpflG": 34,
    "§ 27a RpflG": 35,
    "§ 28 RpflG": 36,
    "§ 29 RpflG": 37,
    "§ 30 RpflG": 38,
    "§ 31 RpflG": 39,
    "§ 32 RpflG": 40,
    "§ 33 RpflG": 41,
    "§ 34 RpflG": 42,
    "§ 35 RpflG": 43,
    "§ 36 RpflG": 44,
    "§ 37 RpflG": 45,
    "§ 38 RpflG": 46,
    "§ 39 RpflG": 47,
    "§ 40 RpflG": 48,
    "§ 41 RpflG": 49,
    "§ 42 RpflG": 50,
    "§ 43 RpflG": 51,
    "§ 44 RpflG": 54,
    "§ 45 RpflG": 55,
    "§ 46 RpflG": 56,
    "§ 47 RpflG": 57,
    "§ 48 RpflG": 58
  }
}
