{
  "toc": [
    "Abschnitt I",
    "Staatsanwaltschaften",
    ["§ 1 StAG", "BG.StAG:81-87", "BG.StAG.001:18-23", "§ 1 StAG # Aufgaben der Staatsanwaltschaften"],
    ["§ 2 StAG", "BG.StAG:93-97", "BG.StAG.001:25-31", "§ 2 StAG # Aufbau der Staatsanwaltschaften"],
    ["§ 2a StAG", "BG.StAG:103-115", "BG.StAG.001:33-51", "§ 2a StAG # Zentrale Staatsanwaltschaft zur Verfolgung von Wirtschaftsstrafsachen und Korruption"],
    "Abschnitt II",
    "Organe der Staatsanwaltschaften",
    ["§ 3 StAG", "BG.StAG:121-131", "BG.StAG.001:53-64", "§ 3 StAG # Staatsanwälte"],
    ["§ 4 StAG", "BG.StAG:137-145", "BG.StAG.001:66-78", "§ 4 StAG # Staatsanwaltschaftliche Organe bei den Bezirksgerichten"],
    "Abschnitt III",
    "Innere Einrichtung der Staatsanwaltschaften. Berichte",
    ["§ 5 StAG", "BG.StAG:151-167", "BG.StAG.001:80-100", "§ 5 StAG # Referate und Gruppen"],
    ["§ 6 StAG", "BG.StAG:173-185", "BG.StAG.001:102-120", "§ 6 StAG # Geschäftsverteilung"],
    ["§ 6a StAG", "BG.StAG:191-197", "BG.StAG.001:122-131", "§ 6a StAG # Rufbereitschaft und Journaldienst"],
    ["§ 7 StAG", "BG.StAG:203-205", "BG.StAG.001:133-136", "§ 7 StAG # Geschäftsstelle"],
    ["§ 8 StAG", "BG.StAG:211-227", "BG.StAG.001:138-159", "§ 8 StAG # Berichte der Staatsanwaltschaften"],
    ["§ 8a StAG", "BG.StAG:233-241", "BG.StAG.001:161-173", "§ 8a StAG # Erlässe und Berichte der Oberstaatsanwaltschaften"],
    ["§ 9 StAG", "BG.StAG:247-249", "BG.StAG.001:175-178", "§ 9 StAG # Berichtspflicht der staatsanwaltschaftlichen Organe bei den Bezirksgerichten"],
    ["§ 10 StAG", "BG.StAG:255-265", "BG.StAG.001:180-194", "§ 10 StAG # Monats- und Jahresberichte"],
    ["§ 10a StAG", "BG.StAG:271-285", "BG.StAG.001:196-214", "§ 10a StAG # Berichte über besondere Ermittlungsmaßnahmen"],
    "Abschnitt V",
    "WEISUNGEN",
    ["§ 29 StAG", "BG.StAG:291-301", "BG.StAG.002:16-27", "§ 29 StAG # Weisungen der Oberstaatsanwaltschaften"],
    ["§ 29a StAG", "BG.StAG:307-321", "BG.StAG.002:29-47", "§ 29a StAG # Weisungen an die Oberstaatsanwaltschaft"],
    ["§ 29b StAG", "BG.StAG:327-343", "BG.StAG.002:49-73", "§ 29b StAG # Beirat für den ministeriellen Weisungsbereich („Weisungsrat“)"],
    ["§ 29c StAG", "BG.StAG:349-365", "BG.StAG.002:75-96", "§ 29c StAG # Aufgaben des Weisungsrats"],
    ["§ 30 StAG", "BG.StAG:371-377", "BG.StAG.002:98-107", "§ 30 StAG # Weisungen innerhalb Staatsanwaltschaften"],
    ["§ 31 StAG", "BG.StAG:383-385", "BG.StAG.002:109-112", "§ 31 StAG # Bekanntgabe von Weisungen"],
    "Abschnitt VI",
    "GESCHÄFTSGANG DER STAATSANWALTSCHAFTEN",
    ["§ 32 StAG", "BG.StAG:391-401", "BG.StAG.002:114-125", "§ 32 StAG # Verkehr mit dem Gericht"],
    ["§ 33 StAG", "BG.StAG:407-409", "BG.StAG.002:127-130", "§ 33 StAG # Einsicht in die Gerichtsakten"],
    ["§ 34 StAG", "BG.StAG:415-423", "BG.StAG.002:132-144", "§ 34 StAG # Tagebuch"],
    ["§ 34a StAG", "BG.StAG:429-451", "BG.StAG.002:146-174", "§ 34a StAG # Register, sonstige Geschäftsbehelfe und elektronischer Rechtsverkehr"],
    ["§ 34b StAG", "BG.StAG:457-465", "BG.StAG.002:176-186", "§ 34b StAG # Haftung für IT-Einsatz"],
    ["§ 34c StAG", "BG.StAG:471-477", "BG.StAG.002:188-197", "§ 34c StAG # Ermittlungsakt"],
    ["§ 35 StAG", "BG.StAG:483-493", "BG.StAG.002:199-214", "§ 35 StAG # Einsicht in Behelfe und Unterlagen der staatsanwaltschaftlichen Behörden"],
    ["§ 35a StAG", "BG.StAG:499-503", "BG.StAG.002:216-222", "§ 35a StAG"],
    ["§ 35b StAG", "BG.StAG:509-517", "BG.StAG.002:224-236", "§ 35b StAG # Information der Medien"],
    "Abschnitt VII",
    "AUFSICHTSRECHT",
    ["§ 36 StAG", "BG.StAG:523-533", "BG.StAG.002:238-249", "§ 36 StAG # Aufsicht durch die Oberstaatsanwaltschaften und das Bundesministerium für Justiz"],
    ["§ 36a StAG", "BG.StAG:539-543", "BG.StAG.002:251-257", "§ 36a StAG # Innenrevision"],
    ["§ 37 StAG", "BG.StAG:549-553", "BG.StAG.002:259-265", "§ 37 StAG # Aufsichtsbeschwerden"],
    "Abschnitt VIII",
    "Mitwirkung der Staatsanwaltschaften in bürgerlichen Rechtssachen",
    ["§ 38 StAG", "BG.StAG:559-567", "BG.StAG.002:267-275", "§ 38 StAG"],
    "ABSCHNITT X",
    ["§ 40 StAG", "BG.StAG:573-577", "BG.StAG.002:277-282", "§ 40 StAG # Gleichbehandlung"],
    "ABSCHNITT XI",
    "Schlußbestimmungen",
    ["§ 41 StAG", "BG.StAG:583-589", "BG.StAG.003:16-21", "§ 41 StAG # Verweisungen auf andere Bundesgesetze"],
    ["§ 42 StAG", "BG.StAG:595-645", "BG.StAG.003:23-94", "§ 42 StAG # Inkrafttreten"],
    ["§ 43 StAG", "BG.StAG:651-655", "BG.StAG.003:96-102", "§ 43 StAG # Vollziehung"]
  ],
  "index": {
    "§ 1 StAG": 2,
    "§ 2 StAG": 3,
    "§ 2a StAG": 4,
    "§ 3 StAG": 7,
    "§ 4 StAG": 8,
    "§ 5 StAG": 11,
    "§ 6 StAG": 12,
    "§ 6a StAG": 13,
    "§ 7 StAG": 14,
    "§ 8 StAG": 15,
    "§ 8a StAG": 16,
    "§ 9 StAG": 17,
    "§ 10 StAG": 18,
    "§ 10a StAG": 19,
    "§ 29 StAG": 22,
    "§ 29a StAG": 23,
    "§ 29b StAG": 24,
    "§ 29c StAG": 25,
    "§ 30 StAG": 26,
    "§ 31 StAG": 27,
    "§ 32 StAG": 30,
    "§ 33 StAG": 31,
    "§ 34 StAG": 32,
    "§ 34a StAG": 33,
    "§ 34b StAG": 34,
    "§ 34c StAG": 35,
    "§ 35 StAG": 36,
    "§ 35a StAG": 37,
    "§ 35b StAG": 38,
    "§ 36 StAG": 41,
    "§ 36a StAG": 42,
    "§ 37 StAG": 43,
    "§ 38 StAG": 46,
    "§ 40 StAG": 48,
    "§ 41 StAG": 51,
    "§ 42 StAG": 52,
    "§ 43 StAG": 53
  }
}
