{
  "toc": [
    "Abschnitt I",
    "Staatsanwaltschaften",
    ["§ 1 StAG", "BG.StAG:80-86", "BG.StAG.001:17-22", "§ 1 StAG # Aufgaben der Staatsanwaltschaften"],
    ["§ 2 StAG", "BG.StAG:92-96", "BG.StAG.001:24-30", "§ 2 StAG # Aufbau der Staatsanwaltschaften"],
    ["§ 2a StAG", "BG.StAG:102-114", "BG.StAG.001:32-50", "§ 2a StAG # Zentrale Staatsanwaltschaft zur Verfolgung von Wirtschaftsstrafsachen und Korruption"],
    "Abschnitt II",
    "Organe der Staatsanwaltschaften",
    ["§ 3 StAG", "BG.StAG:120-130", "BG.StAG.001:52-63", "§ 3 StAG # Staatsanwälte"],
    ["§ 4 StAG", "BG.StAG:136-144", "BG.StAG.001:65-77", "§ 4 StAG # Staatsanwaltschaftliche Organe bei den Bezirksgerichten"],
    "Abschnitt III",
    "Innere Einrichtung der Staatsanwaltschaften. Berichte",
    ["§ 5 StAG", "BG.StAG:150-166", "BG.StAG.001:79-99", "§ 5 StAG # Referate und Gruppen"],
    ["§ 6 StAG", "BG.StAG:172-184", "BG.StAG.001:101-119", "§ 6 StAG # Geschäftsverteilung"],
    ["§ 6a StAG", "BG.StAG:190-196", "BG.StAG.001:121-130", "§ 6a StAG # Rufbereitschaft und Journaldienst"],
    ["§ 7 StAG", "BG.StAG:202-204", "BG.StAG.001:132-135", "§ 7 StAG # Geschäftsstelle"],
    ["§ 8 StAG", "BG.StAG:210-226", "BG.StAG.001:137-158", "§ 8 StAG # Berichte der Staatsanwaltschaften"],
    ["§ 8a StAG", "BG.StAG:232-240", "BG.StAG.001:160-172", "§ 8a StAG # Erlässe und Berichte der Oberstaatsanwaltschaften"],
    ["§ 9 StAG", "BG.StAG:246-248", "BG.StAG.001:174-177", "§ 9 StAG # Berichtspflicht der staatsanwaltschaftlichen Organe bei den Bezirksgerichten"],
    ["§ 10 StAG", "BG.StAG:254-264", "BG.StAG.001:179-194", "§ 10 StAG # Monats- und Jahresberichte"],
    ["§ 10a StAG", "BG.StAG:270-284", "BG.StAG.001:196-214", "§ 10a StAG # Berichte über besondere Ermittlungsmaßnahmen"],
    "Abschnitt V",
    "WEISUNGEN",
    ["§ 29 StAG", "BG.StAG:290-300", "BG.StAG.002:15-26", "§ 29 StAG # Weisungen der Oberstaatsanwaltschaften"],
    ["§ 29a StAG", "BG.StAG:306-320", "BG.StAG.002:28-46", "§ 29a StAG # Weisungen an die Oberstaatsanwaltschaft"],
    ["§ 29b StAG", "BG.StAG:326-342", "BG.StAG.002:48-72", "§ 29b StAG # Beirat für den ministeriellen Weisungsbereich („Weisungsrat“)"],
    ["§ 29c StAG", "BG.StAG:348-364", "BG.StAG.002:74-95", "§ 29c StAG # Aufgaben des Weisungsrats"],
    ["§ 30 StAG", "BG.StAG:370-376", "BG.StAG.002:97-106", "§ 30 StAG # Weisungen innerhalb Staatsanwaltschaften"],
    ["§ 31 StAG", "BG.StAG:382-384", "BG.StAG.002:108-111", "§ 31 StAG # Bekanntgabe von Weisungen"],
    "Abschnitt VI",
    "GESCHÄFTSGANG DER STAATSANWALTSCHAFTEN",
    ["§ 32 StAG", "BG.StAG:390-400", "BG.StAG.002:113-124", "§ 32 StAG # Verkehr mit dem Gericht"],
    ["§ 33 StAG", "BG.StAG:406-408", "BG.StAG.002:126-129", "§ 33 StAG # Einsicht in die Gerichtsakten"],
    ["§ 34 StAG", "BG.StAG:414-422", "BG.StAG.002:131-143", "§ 34 StAG # Tagebuch"],
    ["§ 34a StAG", "BG.StAG:428-450", "BG.StAG.002:145-173", "§ 34a StAG # Register, sonstige Geschäftsbehelfe und elektronischer Rechtsverkehr"],
    ["§ 34b StAG", "BG.StAG:456-464", "BG.StAG.002:175-185", "§ 34b StAG # Haftung für IT-Einsatz"],
    ["§ 34c StAG", "BG.StAG:470-476", "BG.StAG.002:187-196", "§ 34c StAG # Ermittlungsakt"],
    ["§ 35 StAG", "BG.StAG:482-492", "BG.StAG.002:198-213", "§ 35 StAG # Einsicht in Behelfe und Unterlagen der staatsanwaltschaftlichen Behörden"],
    ["§ 35a StAG", "BG.StAG:498-502", "BG.StAG.002:215-221", "§ 35a StAG"],
    ["§ 35b StAG", "BG.StAG:508-516", "BG.StAG.002:223-235", "§ 35b StAG # Information der Medien"],
    "Abschnitt VII",
    "AUFSICHTSRECHT",
    ["§ 36 StAG", "BG.StAG:522-532", "BG.StAG.002:237-248", "§ 36 StAG # Aufsicht durch die Oberstaatsanwaltschaften und das Bundesministerium für Justiz"],
    ["§ 36a StAG", "BG.StAG:538-542", "BG.StAG.002:250-256", "§ 36a StAG # Innenrevision"],
    ["§ 37 StAG", "BG.StAG:548-552", "BG.StAG.002:258-264", "§ 37 StAG # Aufsichtsbeschwerden"],
    "Abschnitt VIII",
    "Mitwirkung der Staatsanwaltschaften in bürgerlichen Rechtssachen",
    ["§ 38 StAG", "BG.StAG:558-566", "BG.StAG.002:266-274", "§ 38 StAG"],
    "ABSCHNITT X",
    ["§ 40 StAG", "BG.StAG:572-576", "BG.StAG.002:276-281", "§ 40 StAG # Gleichbehandlung"],
    "ABSCHNITT XI",
    "Schlußbestimmungen",
    ["§ 41 StAG", "BG.StAG:582-588", "BG.StAG.003:15-20", "§ 41 StAG # Verweisungen auf andere Bundesgesetze"],
    ["§ 42 StAG", "BG.StAG:594-644", "BG.StAG.003:22-93", "§ 42 StAG # Inkrafttreten"],
    ["§ 43 StAG", "BG.StAG:650-654", "BG.StAG.003:95-101", "§ 43 StAG # Vollziehung"]
  ],
  "index": {
    "§ 1 StAG": 2,
    "§ 2 StAG": 3,
    "§ 2a StAG": 4,
    "§ 3 StAG": 7,
    "§ 4 StAG": 8,
    "§ 5 StAG": 11,
    "§ 6 StAG": 12,
    "§ 6a StAG": 13,
    "§ 7 StAG": 14,
    "§ 8 StAG": 15,
    "§ 8a StAG": 16,
    "§ 9 StAG": 17,
    "§ 10 StAG": 18,
    "§ 10a StAG": 19,
    "§ 29 StAG": 22,
    "§ 29a StAG": 23,
    "§ 29b StAG": 24,
    "§ 29c StAG": 25,
    "§ 30 StAG": 26,
    "§ 31 StAG": 27,
    "§ 32 StAG": 30,
    "§ 33 StAG": 31,
    "§ 34 StAG": 32,
    "§ 34a StAG": 33,
    "§ 34b StAG": 34,
    "§ 34c StAG": 35,
    "§ 35 StAG": 36,
    "§ 35a StAG": 37,
    "§ 35b StAG": 38,
    "§ 36 StAG": 41,
    "§ 36a StAG": 42,
    "§ 37 StAG": 43,
    "§ 38 StAG": 46,
    "§ 40 StAG": 48,
    "§ 41 StAG": 51,
    "§ 42 StAG": 52,
    "§ 43 StAG": 53
  }
}
