{
  "toc": [
    "1. Abschnitt",
    "Allgemeine Bestimmungen",
    ["§ 1 VerG", "BG.VerG:73-87", "BG.VerG.001:16-33", "§ 1 VerG # Verein"],
    ["§ 2 VerG", "BG.VerG:93-101", "BG.VerG.001:35-47", "§ 2 VerG # Gründung des Vereins"],
    ["§ 3 VerG", "BG.VerG:107-135", "BG.VerG.001:49-80", "§ 3 VerG # Statuten"],
    ["§ 4 VerG", "BG.VerG:141-145", "BG.VerG.001:82-88", "§ 4 VerG # Name, Sitz"],
    ["§ 5 VerG", "BG.VerG:151-161", "BG.VerG.001:90-105", "§ 5 VerG # Organe, Prüfer"],
    ["§ 6 VerG", "BG.VerG:167-175", "BG.VerG.001:107-119", "§ 6 VerG # Geschäftsführung, Vertretung"],
    ["§ 7 VerG", "BG.VerG:181-183", "BG.VerG.001:121-124", "§ 7 VerG # Nichtigkeit und Anfechtbarkeit von Vereinsbeschlüssen"],
    ["§ 8 VerG", "BG.VerG:189-193", "BG.VerG.001:126-132", "§ 8 VerG # Streitschlichtung"],
    ["§ 9 VerG", "BG.VerG:199-205", "BG.VerG.001:134-143", "§ 9 VerG # Vereinsbehörden, Verfahren"],
    ["§ 10 VerG", "BG.VerG:211-213", "BG.VerG.001:145-148", "§ 10 VerG # Vereinsversammlungen"],
    "2. Abschnitt",
    "Entstehung des Vereins",
    ["§ 11 VerG", "BG.VerG:219-227", "BG.VerG.001:150-158", "§ 11 VerG # Anzeige der Vereinserrichtung"],
    ["§ 12 VerG", "BG.VerG:233-243", "BG.VerG.001:160-175", "§ 12 VerG # Erklärung, dass die Vereinsgründung nicht gestattet ist"],
    ["§ 13 VerG", "BG.VerG:249-253", "BG.VerG.001:177-183", "§ 13 VerG # Einladung zur Aufnahme der Vereinstätigkeit"],
    ["§ 14 VerG", "BG.VerG:259-265", "BG.VerG.001:185-194", "§ 14 VerG # Änderung der Statuten, der organschaftlichen Vertreter und der Vereinsanschrift"],
    "3. Abschnitt",
    "Vereinsregister und Datenverarbeitung",
    ["§ 15 VerG", "BG.VerG:271-279", "BG.VerG.002:15-23", "§ 15 VerG # Verarbeitung besonderer Kategorien personenbezogener Daten"],
    ["§ 16 VerG", "BG.VerG:285-331", "BG.VerG.002:25-77", "§ 16 VerG # Lokales Vereinsregister"],
    ["§ 17 VerG", "BG.VerG:337-367", "BG.VerG.002:79-117", "§ 17 VerG # Erteilung von Auskünften aus dem Lokalen Vereinsregister"],
    ["§ 18 VerG", "BG.VerG:373-385", "BG.VerG.002:119-137", "§ 18 VerG # Zentrales Vereinsregister"],
    ["§ 19 VerG", "BG.VerG:391-431", "BG.VerG.002:139-185", "§ 19 VerG # Erteilung von Auskünften aus dem Zentralen Vereinsregister"],
    ["§ 19a VerG", "BG.VerG:437-443", "BG.VerG.002:187-196", "§ 19a VerG # Übermittlung personenbezogener Daten"],
    "4. Abschnitt",
    "Vereinsgebarung",
    ["§ 20 VerG", "BG.VerG:449-455", "BG.VerG.002:198-203", "§ 20 VerG # Informationspflicht"],
    ["§ 21 VerG", "BG.VerG:461-471", "BG.VerG.002:205-220", "§ 21 VerG # Rechnungslegung"],
    ["§ 22 VerG", "BG.VerG:477-487", "BG.VerG.002:222-237", "§ 22 VerG # Qualifizierte Rechnungslegung für große Vereine"],
    "5. Abschnitt",
    "Haftung",
    ["§ 23 VerG", "BG.VerG:493-499", "BG.VerG.002:239-244", "§ 23 VerG # Haftung für Verbindlichkeiten des Vereins"],
    ["§ 24 VerG", "BG.VerG:505-533", "BG.VerG.002:246-280", "§ 24 VerG # Haftung von Organwaltern und Rechnungsprüfern"],
    ["§ 25 VerG", "BG.VerG:539-545", "BG.VerG.002:282-291", "§ 25 VerG # Geltendmachung von Ersatzansprüchen des Vereins"],
    ["§ 26 VerG", "BG.VerG:551-553", "BG.VerG.002:293-296", "§ 26 VerG # Verzicht auf Ersatzansprüche durch den Verein"],
    "6. Abschnitt",
    "Beendigung des Vereins",
    ["§ 27 VerG", "BG.VerG:559-565", "BG.VerG.003:15-20", "§ 27 VerG # Ende der Rechtspersönlichkeit"],
    ["§ 28 VerG", "BG.VerG:571-577", "BG.VerG.003:22-31", "§ 28 VerG # Freiwillige Auflösung"],
    ["§ 29 VerG", "BG.VerG:583-591", "BG.VerG.003:33-45", "§ 29 VerG # Behördliche Auflösung"],
    ["§ 30 VerG", "BG.VerG:597-609", "BG.VerG.003:47-65", "§ 30 VerG # Abwicklung, Nachabwicklung"],
    ["§ 30a VerG", "BG.VerG:615-621", "BG.VerG.003:67-76", "§ 30a VerG # Umwandlung eines Vereins in eine Genossenschaft"],
    "7. Abschnitt",
    "Straf-, Übergangs- und Schlussbestimmungen",
    ["§ 31 VerG", "BG.VerG:627-655", "BG.VerG.003:78-104", "§ 31 VerG # Strafbestimmung"],
    ["§ 32 VerG", "BG.VerG:661-665", "BG.VerG.003:106-112", "§ 32 VerG # Verweisungen"],
    ["§ 33 VerG", "BG.VerG:671-711", "BG.VerG.003:114-171", "§ 33 VerG # In-Kraft-Treten, Außer-Kraft-Treten und Übergangsbestimmungen"],
    ["§ 34 VerG", "BG.VerG:717-719", "BG.VerG.003:173-176", "§ 34 VerG # Vollziehung"]
  ],
  "index": {
    "§ 1 VerG": 2,
    "§ 2 VerG": 3,
    "§ 3 VerG": 4,
    "§ 4 VerG": 5,
    "§ 5 VerG": 6,
    "§ 6 VerG": 7,
    "§ 7 VerG": 8,
    "§ 8 VerG": 9,
    "§ 9 VerG": 10,
    "§ 10 VerG": 11,
    "§ 11 VerG": 14,
    "§ 12 VerG": 15,
    "§ 13 VerG": 16,
    "§ 14 VerG": 17,
    "§ 15 VerG": 20,
    "§ 16 VerG": 21,
    "§ 17 VerG": 22,
    "§ 18 VerG": 23,
    "§ 19 VerG": 24,
    "§ 19a VerG": 25,
    "§ 20 VerG": 28,
    "§ 21 VerG": 29,
    "§ 22 VerG": 30,
    "§ 23 VerG": 33,
    "§ 24 VerG": 34,
    "§ 25 VerG": 35,
    "§ 26 VerG": 36,
    "§ 27 VerG": 39,
    "§ 28 VerG": 40,
    "§ 29 VerG": 41,
    "§ 30 VerG": 42,
    "§ 30a VerG": 43,
    "§ 31 VerG": 46,
    "§ 32 VerG": 47,
    "§ 33 VerG": 48,
    "§ 34 VerG": 49
  }
}
