{
  "toc": [
    "1. Abschnitt",
    "Allgemeine Bestimmungen",
    ["§ 1 VerG", "BG.VerG:74-88", "BG.VerG.001:17-34", "§ 1 VerG # Verein"],
    ["§ 2 VerG", "BG.VerG:94-102", "BG.VerG.001:36-48", "§ 2 VerG # Gründung des Vereins"],
    ["§ 3 VerG", "BG.VerG:108-136", "BG.VerG.001:50-81", "§ 3 VerG # Statuten"],
    ["§ 4 VerG", "BG.VerG:142-146", "BG.VerG.001:83-89", "§ 4 VerG # Name, Sitz"],
    ["§ 5 VerG", "BG.VerG:152-162", "BG.VerG.001:91-106", "§ 5 VerG # Organe, Prüfer"],
    ["§ 6 VerG", "BG.VerG:168-176", "BG.VerG.001:108-120", "§ 6 VerG # Geschäftsführung, Vertretung"],
    ["§ 7 VerG", "BG.VerG:182-184", "BG.VerG.001:122-125", "§ 7 VerG # Nichtigkeit und Anfechtbarkeit von Vereinsbeschlüssen"],
    ["§ 8 VerG", "BG.VerG:190-194", "BG.VerG.001:127-133", "§ 8 VerG # Streitschlichtung"],
    ["§ 9 VerG", "BG.VerG:200-206", "BG.VerG.001:135-144", "§ 9 VerG # Vereinsbehörden, Verfahren"],
    ["§ 10 VerG", "BG.VerG:212-214", "BG.VerG.001:146-149", "§ 10 VerG # Vereinsversammlungen"],
    "2. Abschnitt",
    "Entstehung des Vereins",
    ["§ 11 VerG", "BG.VerG:220-228", "BG.VerG.001:151-159", "§ 11 VerG # Anzeige der Vereinserrichtung"],
    ["§ 12 VerG", "BG.VerG:234-244", "BG.VerG.001:161-176", "§ 12 VerG # Erklärung, dass die Vereinsgründung nicht gestattet ist"],
    ["§ 13 VerG", "BG.VerG:250-254", "BG.VerG.001:178-184", "§ 13 VerG # Einladung zur Aufnahme der Vereinstätigkeit"],
    ["§ 14 VerG", "BG.VerG:260-266", "BG.VerG.001:186-195", "§ 14 VerG # Änderung der Statuten, der organschaftlichen Vertreter und der Vereinsanschrift"],
    "3. Abschnitt",
    "Vereinsregister und Datenverarbeitung",
    ["§ 15 VerG", "BG.VerG:272-280", "BG.VerG.002:15-23", "§ 15 VerG # Verarbeitung besonderer Kategorien personenbezogener Daten"],
    ["§ 16 VerG", "BG.VerG:286-332", "BG.VerG.002:25-77", "§ 16 VerG # Lokales Vereinsregister"],
    ["§ 17 VerG", "BG.VerG:338-368", "BG.VerG.002:79-117", "§ 17 VerG # Erteilung von Auskünften aus dem Lokalen Vereinsregister"],
    ["§ 18 VerG", "BG.VerG:374-386", "BG.VerG.002:119-137", "§ 18 VerG # Zentrales Vereinsregister"],
    ["§ 19 VerG", "BG.VerG:392-434", "BG.VerG.002:139-187", "§ 19 VerG # Erteilung von Auskünften aus dem Zentralen Vereinsregister"],
    ["§ 19a VerG", "BG.VerG:440-446", "BG.VerG.002:189-198", "§ 19a VerG # Übermittlung personenbezogener Daten"],
    "4. Abschnitt",
    "Vereinsgebarung",
    ["§ 20 VerG", "BG.VerG:452-458", "BG.VerG.002:200-205", "§ 20 VerG # Informationspflicht"],
    ["§ 21 VerG", "BG.VerG:464-474", "BG.VerG.002:207-222", "§ 21 VerG # Rechnungslegung"],
    ["§ 22 VerG", "BG.VerG:480-492", "BG.VerG.002:224-241", "§ 22 VerG # Qualifizierte Rechnungslegung für große Vereine"],
    "5. Abschnitt",
    "Haftung",
    ["§ 23 VerG", "BG.VerG:498-504", "BG.VerG.002:243-248", "§ 23 VerG # Haftung für Verbindlichkeiten des Vereins"],
    ["§ 24 VerG", "BG.VerG:510-540", "BG.VerG.002:250-286", "§ 24 VerG # Haftung von Organwaltern und Rechnungsprüfern"],
    ["§ 25 VerG", "BG.VerG:546-552", "BG.VerG.002:288-297", "§ 25 VerG # Geltendmachung von Ersatzansprüchen des Vereins"],
    ["§ 26 VerG", "BG.VerG:558-560", "BG.VerG.002:299-302", "§ 26 VerG # Verzicht auf Ersatzansprüche durch den Verein"],
    "6. Abschnitt",
    "Beendigung des Vereins",
    ["§ 27 VerG", "BG.VerG:566-572", "BG.VerG.003:15-20", "§ 27 VerG # Ende der Rechtspersönlichkeit"],
    ["§ 28 VerG", "BG.VerG:578-584", "BG.VerG.003:22-31", "§ 28 VerG # Freiwillige Auflösung"],
    ["§ 29 VerG", "BG.VerG:590-598", "BG.VerG.003:33-45", "§ 29 VerG # Behördliche Auflösung"],
    ["§ 30 VerG", "BG.VerG:604-616", "BG.VerG.003:47-65", "§ 30 VerG # Abwicklung, Nachabwicklung"],
    ["§ 30a VerG", "BG.VerG:622-628", "BG.VerG.003:67-76", "§ 30a VerG # Umwandlung eines Vereins in eine Genossenschaft"],
    "7. Abschnitt",
    "Straf-, Übergangs- und Schlussbestimmungen",
    ["§ 31 VerG", "BG.VerG:634-662", "BG.VerG.003:78-104", "§ 31 VerG # Strafbestimmung"],
    ["§ 32 VerG", "BG.VerG:668-672", "BG.VerG.003:106-112", "§ 32 VerG # Verweisungen"],
    ["§ 33 VerG", "BG.VerG:678-718", "BG.VerG.003:114-171", "§ 33 VerG # In-Kraft-Treten, Außer-Kraft-Treten und Übergangsbestimmungen"],
    ["§ 34 VerG", "BG.VerG:724-726", "BG.VerG.003:173-176", "§ 34 VerG # Vollziehung"]
  ],
  "index": {
    "§ 1 VerG": 2,
    "§ 2 VerG": 3,
    "§ 3 VerG": 4,
    "§ 4 VerG": 5,
    "§ 5 VerG": 6,
    "§ 6 VerG": 7,
    "§ 7 VerG": 8,
    "§ 8 VerG": 9,
    "§ 9 VerG": 10,
    "§ 10 VerG": 11,
    "§ 11 VerG": 14,
    "§ 12 VerG": 15,
    "§ 13 VerG": 16,
    "§ 14 VerG": 17,
    "§ 15 VerG": 20,
    "§ 16 VerG": 21,
    "§ 17 VerG": 22,
    "§ 18 VerG": 23,
    "§ 19 VerG": 24,
    "§ 19a VerG": 25,
    "§ 20 VerG": 28,
    "§ 21 VerG": 29,
    "§ 22 VerG": 30,
    "§ 23 VerG": 33,
    "§ 24 VerG": 34,
    "§ 25 VerG": 35,
    "§ 26 VerG": 36,
    "§ 27 VerG": 39,
    "§ 28 VerG": 40,
    "§ 29 VerG": 41,
    "§ 30 VerG": 42,
    "§ 30a VerG": 43,
    "§ 31 VerG": 46,
    "§ 32 VerG": 47,
    "§ 33 VerG": 48,
    "§ 34 VerG": 49
  }
}
