{
  "toc": [
    "1. Abschnitt",
    "Allgemeine Bestimmungen",
    ["§ 1 ZustG", "BG.ZustG:73-79", "BG.ZustG.001:17-22", "§ 1 ZustG # Anwendungsbereich"],
    ["§ 2 ZustG", "BG.ZustG:85-105", "BG.ZustG.001:24-44", "§ 2 ZustG # Begriffsbestimmungen"],
    ["§ 3 ZustG", "BG.ZustG:111-113", "BG.ZustG.001:46-49", "§ 3 ZustG # Durchführung der Zustellung"],
    ["§ 4 ZustG", "BG.ZustG:119-121", "BG.ZustG.001:51-54", "§ 4 ZustG # Stellung des Zustellers"],
    ["§ 5 ZustG", "BG.ZustG:127-129", "BG.ZustG.001:56-59", "§ 5 ZustG # Zustellverfügung"],
    ["§ 6 ZustG", "BG.ZustG:135-137", "BG.ZustG.001:61-64", "§ 6 ZustG # Mehrmalige Zustellung"],
    ["§ 7 ZustG", "BG.ZustG:143-145", "BG.ZustG.001:66-69", "§ 7 ZustG # Heilung von Zustellmängeln"],
    ["§ 8 ZustG", "BG.ZustG:151-155", "BG.ZustG.001:71-77", "§ 8 ZustG # Änderung der Abgabestelle"],
    ["§ 9 ZustG", "BG.ZustG:161-173", "BG.ZustG.001:79-97", "§ 9 ZustG # Zustellungsbevollmächtigter"],
    ["§ 10 ZustG", "BG.ZustG:179-187", "BG.ZustG.001:99-109", "§ 10 ZustG # Zustellung durch Übersendung"],
    ["§ 11 ZustG", "BG.ZustG:193-199", "BG.ZustG.001:111-120", "§ 11 ZustG # Besondere Fälle der Zustellung"],
    ["§ 12 ZustG", "BG.ZustG:205-217", "BG.ZustG.001:122-138", "§ 12 ZustG # Zustellung ausländischer Dokumente im Inland"],
    "2. Abschnitt",
    "Physische Zustellung",
    ["§ 13 ZustG", "BG.ZustG:223-236", "BG.ZustG.001:140-155", "§ 13 ZustG # Zustellung an den Empfänger"],
    ["§ 14 ZustG", "BG.ZustG:242-244", "BG.ZustG.001:157-160", "§ 14 ZustG"],
    ["§ 15 ZustG", "BG.ZustG:250-254", "BG.ZustG.001:162-168", "§ 15 ZustG"],
    ["§ 16 ZustG", "BG.ZustG:260-270", "BG.ZustG.001:170-185", "§ 16 ZustG # Ersatzzustellung"],
    ["§ 17 ZustG", "BG.ZustG:276-284", "BG.ZustG.001:187-199", "§ 17 ZustG # Hinterlegung"],
    ["§ 18 ZustG", "BG.ZustG:290-298", "BG.ZustG.001:201-211", "§ 18 ZustG # Nachsendung"],
    ["§ 19 ZustG", "BG.ZustG:304-308", "BG.ZustG.001:213-219", "§ 19 ZustG # Rücksendung, Weitersendung und Vernichtung"],
    ["§ 20 ZustG", "BG.ZustG:314-320", "BG.ZustG.001:221-230", "§ 20 ZustG # Verweigerung der Annahme"],
    ["§ 21 ZustG", "BG.ZustG:326-328", "BG.ZustG.001:232-235", "§ 21 ZustG # Zustellung zu eigenen Handen"],
    ["§ 22 ZustG", "BG.ZustG:334-342", "BG.ZustG.001:237-249", "§ 22 ZustG # Zustellnachweis"],
    ["§ 23 ZustG", "BG.ZustG:348-356", "BG.ZustG.001:251-263", "§ 23 ZustG # Hinterlegung ohne Zustellversuch"],
    ["§ 24 ZustG", "BG.ZustG:362-370", "BG.ZustG.001:265-273", "§ 24 ZustG # Unmittelbare Ausfolgung"],
    ["§ 24a ZustG", "BG.ZustG:376-382", "BG.ZustG.001:275-282", "§ 24a ZustG # Zustellung am Ort des Antreffens"],
    ["§ 25 ZustG", "BG.ZustG:388-392", "BG.ZustG.001:284-290", "§ 25 ZustG # Zustellung durch öffentliche Bekanntmachung"],
    ["§ 26 ZustG", "BG.ZustG:398-402", "BG.ZustG.001:292-298", "§ 26 ZustG # Zustellung ohne Zustellnachweis"],
    ["§ 27 ZustG", "BG.ZustG:408-418", "BG.ZustG.001:300-310", "§ 27 ZustG # Ausstattung der Dokumente; Zustellformulare; Zustellnachweise"],
    "3. Abschnitt",
    "Elektronische Zustellung",
    ["§ 28 ZustG", "BG.ZustG:424-445", "BG.ZustG.002:15-37", "§ 28 ZustG # Anwendungsbereich"],
    ["§ 28a ZustG", "BG.ZustG:451-471", "BG.ZustG.002:39-62", "§ 28a ZustG # Teilnehmerverzeichnis"],
    ["§ 28b ZustG", "BG.ZustG:477-515", "BG.ZustG.002:64-108", "§ 28b ZustG # Anmeldung zum und Abmeldung vom Teilnehmerverzeichnis"],
    ["§ 29 ZustG", "BG.ZustG:521-547", "BG.ZustG.002:110-140", "§ 29 ZustG # Leistungen der Zustelldienste"],
    ["§ 30 ZustG", "BG.ZustG:553-563", "BG.ZustG.002:142-157", "§ 30 ZustG # Zulassung als Zustelldienst"],
    ["§ 31 ZustG", "BG.ZustG:569-573", "BG.ZustG.002:159-165", "§ 31 ZustG # Aufsicht"],
    ["§ 34 ZustG", "BG.ZustG:579-601", "BG.ZustG.002:167-192", "§ 34 ZustG # Abfrage des Teilnehmerverzeichnisses und Übermittlung des zuzustellenden Dokuments"],
    ["§ 35 ZustG", "BG.ZustG:607-642", "BG.ZustG.002:194-236", "§ 35 ZustG # Zustellung mit Zustellnachweis durch einen Zustelldienst"],
    ["§ 36 ZustG", "BG.ZustG:648-664", "BG.ZustG.002:238-257", "§ 36 ZustG # Zustellung ohne Zustellnachweis durch ein Zustellsystem"],
    ["§ 37 ZustG", "BG.ZustG:670-696", "BG.ZustG.002:259-291", "§ 37 ZustG # Zustellung an einer elektronischen Zustelladresse oder über das elektronische Kommunikationssystem der Behörde"],
    ["§ 37a ZustG", "BG.ZustG:702-704", "BG.ZustG.002:293-296", "§ 37a ZustG # Unmittelbare elektronische Ausfolgung"],
    ["§ 37b ZustG", "BG.ZustG:710-726", "BG.ZustG.002:298-322", "§ 37b ZustG # Anzeigemodul"],
    "4. Abschnitt",
    "Schlußbestimmungen",
    ["§ 38 ZustG", "BG.ZustG:732-740", "BG.ZustG.003:15-23", "§ 38 ZustG # Verweisungen"],
    ["§ 39 ZustG", "BG.ZustG:746-748", "BG.ZustG.003:25-28", "§ 39 ZustG # Vollziehung"],
    ["§ 40 ZustG", "BG.ZustG:754-799", "BG.ZustG.003:30-89", "§ 40 ZustG # Inkrafttretens- und Übergangsbestimmungen"],
    ["§ 41 ZustG", "BG.ZustG:805-807", "BG.ZustG.003:91-94", "§ 41 ZustG # Sprachliche Gleichbehandlung"]
  ],
  "index": {
    "§ 1 ZustG": 2,
    "§ 2 ZustG": 3,
    "§ 3 ZustG": 4,
    "§ 4 ZustG": 5,
    "§ 5 ZustG": 6,
    "§ 6 ZustG": 7,
    "§ 7 ZustG": 8,
    "§ 8 ZustG": 9,
    "§ 9 ZustG": 10,
    "§ 10 ZustG": 11,
    "§ 11 ZustG": 12,
    "§ 12 ZustG": 13,
    "§ 13 ZustG": 16,
    "§ 14 ZustG": 17,
    "§ 15 ZustG": 18,
    "§ 16 ZustG": 19,
    "§ 17 ZustG": 20,
    "§ 18 ZustG": 21,
    "§ 19 ZustG": 22,
    "§ 20 ZustG": 23,
    "§ 21 ZustG": 24,
    "§ 22 ZustG": 25,
    "§ 23 ZustG": 26,
    "§ 24 ZustG": 27,
    "§ 24a ZustG": 28,
    "§ 25 ZustG": 29,
    "§ 26 ZustG": 30,
    "§ 27 ZustG": 31,
    "§ 28 ZustG": 34,
    "§ 28a ZustG": 35,
    "§ 28b ZustG": 36,
    "§ 29 ZustG": 37,
    "§ 30 ZustG": 38,
    "§ 31 ZustG": 39,
    "§ 34 ZustG": 40,
    "§ 35 ZustG": 41,
    "§ 36 ZustG": 42,
    "§ 37 ZustG": 43,
    "§ 37a ZustG": 44,
    "§ 37b ZustG": 45,
    "§ 38 ZustG": 48,
    "§ 39 ZustG": 49,
    "§ 40 ZustG": 50,
    "§ 41 ZustG": 51
  }
}
