{
  "toc": [
    "Abschnitt 1",
    ["§ 1 AFV", "BV.AFV:97-111", "BV.AFV.001:17-32", "§ 1 AFV # Begriffsbestimmungen"],
    "Abschnitt 2",
    "Bewilligungen",
    ["§ 2 AFV", "BV.AFV:117-123", "BV.AFV.001:34-39", "§ 2 AFV # Urkunde"],
    ["§ 3 AFV", "BV.AFV:129-141", "BV.AFV.001:41-59", "§ 3 AFV # Anerkennung von CEPT-Lizenzen und CEPT Novizen-Lizenzen"],
    ["§ 4 AFV", "BV.AFV:147-149", "BV.AFV.001:61-64", "§ 4 AFV # Befristung von Amateurfunkbewilligungen"],
    ["§ 5 AFV", "BV.AFV:155-175", "BV.AFV.001:66-91", "§ 5 AFV # Zuteilung von Rufzeichen"],
    "Abschnitt 3",
    "Technische und betriebliche Bestimmungen für Amateurfunkstellen",
    ["§ 6 AFV", "BV.AFV:181-189", "BV.AFV.001:93-101", "§ 6 AFV # Frequenzbereiche"],
    ["§ 7 AFV", "BV.AFV:195-199", "BV.AFV.001:103-109", "§ 7 AFV # Sendearten"],
    ["§ 8 AFV", "BV.AFV:205-211", "BV.AFV.001:111-120", "§ 8 AFV # Bewilligungsklassen"],
    ["§ 9 AFV", "BV.AFV:217-233", "BV.AFV.001:122-142", "§ 9 AFV # Leistungsstufen"],
    ["§ 10 AFV", "BV.AFV:239-259", "BV.AFV.001:144-167", "§ 10 AFV # Belegte Bandbreiten"],
    ["§ 11 AFV", "BV.AFV:265-286", "BV.AFV.001:169-194", "§ 11 AFV # Status des Amateurfunkdienstes"],
    ["§ 12 AFV", "BV.AFV:292-298", "BV.AFV.001:196-203", "§ 12 AFV # Erprobung neuer Übertragungstechniken"],
    ["§ 13 AFV", "BV.AFV:304-310", "BV.AFV.001:205-214", "§ 13 AFV # Kontrollgeräte"],
    ["§ 14 AFV", "BV.AFV:316-318", "BV.AFV.001:216-219", "§ 14 AFV # Senderabstimmung"],
    ["§ 15 AFV", "BV.AFV:324-330", "BV.AFV.001:221-230", "§ 15 AFV # Schädliche Störungen"],
    ["§ 16 AFV", "BV.AFV:336-338", "BV.AFV.001:232-235", "§ 16 AFV # Amateurfunk an Bord eines Luft- oder Seefahrzeuges"],
    ["§ 17 AFV", "BV.AFV:344-361", "BV.AFV.001:237-256", "§ 17 AFV # Unerwünschte Aussendungen"],
    ["§ 18 AFV", "BV.AFV:367-371", "BV.AFV.001:258-264", "§ 18 AFV # Empfängerstörstrahlung"],
    ["§ 19 AFV", "BV.AFV:377-387", "BV.AFV.001:266-277", "§ 19 AFV # Zulässiger Empfang"],
    ["§ 20 AFV", "BV.AFV:393-415", "BV.AFV.001:279-306", "§ 20 AFV # Nachrichteninhalt"],
    ["§ 21 AFV", "BV.AFV:421-431", "BV.AFV.001:308-320", "§ 21 AFV # Katastrophenfunkverkehr"],
    ["§ 22 AFV", "BV.AFV:437-451", "BV.AFV.001:322-343", "§ 22 AFV # Rufzeichen"],
    ["§ 23 AFV", "BV.AFV:457-459", "BV.AFV.001:345-348", "§ 23 AFV # Mitbenützung von Klubfunkstellen"],
    ["§ 24 AFV", "BV.AFV:465-503", "BV.AFV.001:350-392", "§ 24 AFV # Funktagebuch"],
    ["§ 25 AFV", "BV.AFV:509-517", "BV.AFV.001:394-406", "§ 25 AFV # Mailboxen"],
    "Abschnitt 4",
    "Amateurfunkprüfung",
    ["§ 26 AFV", "BV.AFV:523-533", "BV.AFV.002:15-26", "§ 26 AFV # Prüfungskategorien"],
    ["§ 27 AFV", "BV.AFV:539-599", "BV.AFV.002:28-92", "§ 27 AFV # Prüfungsumfang"],
    ["§ 28 AFV", "BV.AFV:605-615", "BV.AFV.002:94-109", "§ 28 AFV # Durchführung der Amateurfunkprüfung"],
    ["§ 29 AFV", "BV.AFV:621-629", "BV.AFV.002:111-123", "§ 29 AFV # Anerkennung von CEPT-Zertifikaten"],
    "Abschnitt 5",
    "Sonderbestimmungen für Bakensender",
    ["§ 30 AFV", "BV.AFV:635-645", "BV.AFV.002:125-134", "§ 30 AFV # Bewilligungsvoraussetzungen für Bakensender"],
    ["§ 31 AFV", "BV.AFV:651-663", "BV.AFV.002:136-149", "§ 31 AFV # Bewilligungsverfahren für Bakensender"],
    ["§ 32 AFV", "BV.AFV:669-673", "BV.AFV.002:151-157", "§ 32 AFV # Erteilung der Bewilligung für Bakensender"],
    ["§ 33 AFV", "BV.AFV:679-685", "BV.AFV.002:159-168", "§ 33 AFV # Frequenzen für Bakensender"],
    ["§ 33a AFV", "BV.AFV:691-703", "BV.AFV.002:170-183", "§ 33a AFV # Äquivalente Strahlungsleistung bei Bakensendern"],
    ["§ 34 AFV", "BV.AFV:709-711", "BV.AFV.002:185-188", "§ 34 AFV # Nachrichteninhalt bei Bakensendern"],
    ["§ 35 AFV", "BV.AFV:717-719", "BV.AFV.002:190-193", "§ 35 AFV # Rufzeichen von Bakensendern"],
    "Abschnitt 6",
    "Sonderbestimmungen für Relaisfunkstellen",
    ["§ 36 AFV", "BV.AFV:725-735", "BV.AFV.002:195-204", "§ 36 AFV # Bewilligungsvoraussetzungen für Relaisfunkstellen"],
    ["§ 37 AFV", "BV.AFV:741-751", "BV.AFV.002:206-217", "§ 37 AFV # Bewilligungsverfahren für Relaisfunkstellen"],
    ["§ 38 AFV", "BV.AFV:757-761", "BV.AFV.002:219-225", "§ 38 AFV # Erteilung der Bewilligung für Relaisfunkstellen"],
    ["§ 39 AFV", "BV.AFV:767-773", "BV.AFV.002:227-236", "§ 39 AFV # Frequenzen für Relaisfunkstellen"],
    ["§ 40 AFV", "BV.AFV:779-783", "BV.AFV.002:238-244", "§ 40 AFV # Sendeleistung von Relaisfunkstellen"],
    ["§ 41 AFV", "BV.AFV:789-804", "BV.AFV.002:246-262", "§ 41 AFV # Äquivalente Strahlungsleistung bei Relaisfunkstellen"],
    ["§ 42 AFV", "BV.AFV:810-814", "BV.AFV.002:264-270", "§ 42 AFV # Benützung von Relaisfunkstellen"],
    ["§ 43 AFV", "BV.AFV:820-824", "BV.AFV.002:272-278", "§ 43 AFV # Automatische Abschaltung des Senders bei Relaisfunkstellen"],
    "Abschnitt 7",
    "Übergangs- und Schlussbestimmungen",
    ["§ 44 AFV", "BV.AFV:830-838", "BV.AFV.002:280-288", "§ 44 AFV # Zuordnung zu einer CEPT-Lizenz"],
    ["§ 45 AFV", "BV.AFV:844-850", "BV.AFV.002:290-299", "§ 45 AFV # Zuordnung zu einem CEPT-Zertifikat"],
    ["§ 46 AFV", "BV.AFV:856-862", "BV.AFV.002:301-310", "§ 46 AFV # Zuordnung zu Bewilligungsklassen und Leistungsstufen"],
    ["§ 47 AFV", "BV.AFV:868-872", "BV.AFV.002:312-318", "§ 47 AFV # Zuordnung zu Prüfungskategorien"],
    ["§ 48 AFV", "BV.AFV:878-880", "BV.AFV.002:320-323", "§ 48 AFV # Außerkrafttreten"],
    ["§ 49 AFV", "BV.AFV:886-888", "BV.AFV.002:325-328", "§ 49 AFV # Inkrafttreten"],
    "Anlage 1",
    ["Anl. 1 AFV", "BV.AFV:894-906", "BV.AFV.002:330-343", "Anl. 1 AFV"],
    "Anlage 3",
    "Gemäß § 7 Abs. 2 bei der Durchführung von Aussendungen zu beachtende Verhaltensvorschriften",
    ["Anl. 3 AFV", "BV.AFV:912-920", "BV.AFV.002:345-352", "Anl. 3 AFV"],
    "Anlage 4",
    ["Anl. 4 AFV", "BV.AFV:926-938", "BV.AFV.002:354-367", "Anl. 4 AFV"]
  ],
  "index": {
    "§ 1 AFV": 1,
    "§ 2 AFV": 4,
    "§ 3 AFV": 5,
    "§ 4 AFV": 6,
    "§ 5 AFV": 7,
    "§ 6 AFV": 10,
    "§ 7 AFV": 11,
    "§ 8 AFV": 12,
    "§ 9 AFV": 13,
    "§ 10 AFV": 14,
    "§ 11 AFV": 15,
    "§ 12 AFV": 16,
    "§ 13 AFV": 17,
    "§ 14 AFV": 18,
    "§ 15 AFV": 19,
    "§ 16 AFV": 20,
    "§ 17 AFV": 21,
    "§ 18 AFV": 22,
    "§ 19 AFV": 23,
    "§ 20 AFV": 24,
    "§ 21 AFV": 25,
    "§ 22 AFV": 26,
    "§ 23 AFV": 27,
    "§ 24 AFV": 28,
    "§ 25 AFV": 29,
    "§ 26 AFV": 32,
    "§ 27 AFV": 33,
    "§ 28 AFV": 34,
    "§ 29 AFV": 35,
    "§ 30 AFV": 38,
    "§ 31 AFV": 39,
    "§ 32 AFV": 40,
    "§ 33 AFV": 41,
    "§ 33a AFV": 42,
    "§ 34 AFV": 43,
    "§ 35 AFV": 44,
    "§ 36 AFV": 47,
    "§ 37 AFV": 48,
    "§ 38 AFV": 49,
    "§ 39 AFV": 50,
    "§ 40 AFV": 51,
    "§ 41 AFV": 52,
    "§ 42 AFV": 53,
    "§ 43 AFV": 54,
    "§ 44 AFV": 57,
    "§ 45 AFV": 58,
    "§ 46 AFV": 59,
    "§ 47 AFV": 60,
    "§ 48 AFV": 61,
    "§ 49 AFV": 62,
    "Anl. 1 AFV": 64,
    "Anl. 3 AFV": 67,
    "Anl. 4 AFV": 69
  }
}
