{
  "toc": [
    ["§ 1 FNV", "BV.FNV:45-53", "BV.FNV.001:17-29", "§ 1 FNV # Geltungsbereich"],
    ["§ 2 FNV", "BV.FNV:59-285", "BV.FNV.001:31-252", "§ 2 FNV # Begriffsbestimmungen"],
    ["§ 3 FNV", "BV.FNV:291-297", "BV.FNV.001:254-261", "§ 3 FNV # Verfügbarkeit"],
    ["§ 4 FNV", "BV.FNV:303-319", "BV.FNV.001:263-284", "§ 4 FNV # Frequenzbereichszuweisungsplan"],
    ["§ 5 FNV", "BV.FNV:325-335", "BV.FNV.001:286-301", "§ 5 FNV # Fußnoten des Frequenzbereichszuweisungsplans"],
    ["§ 6 FNV", "BV.FNV:341-361", "BV.FNV.001:303-328", "§ 6 FNV # Primäre und sekundäre Funkdienste"],
    ["§ 7 FNV", "BV.FNV:367-373", "BV.FNV.001:330-339", "§ 7 FNV # Zusätzliche Zuweisungen"],
    ["§ 8 FNV", "BV.FNV:379-385", "BV.FNV.001:341-350", "§ 8 FNV # Alternative Zuweisungen"],
    ["§ 9 FNV", "BV.FNV:391-408", "BV.FNV.001:352-371", "§ 9 FNV # Frequenznutzungsplan"],
    ["§ 9a FNV", "BV.FNV:414-416", "BV.FNV.001:373-376", "§ 9a FNV"],
    ["§ 10 FNV", "BV.FNV:422-501", "BV.FNV.001:378-452", "§ 10 FNV # Verweisungen"],
    ["§ 11 FNV", "BV.FNV:507-509", "BV.FNV.001:454-457", "§ 11 FNV # EU-Notifikation"],
    ["§ 12 FNV", "BV.FNV:515-517", "BV.FNV.001:459-462", "§ 12 FNV # Außerkrafttreten"],
    "Anlage 1",
    ["Anl. 1 FNV", "BV.FNV:523-527", "BV.FNV.002:15-20", "Anl. 1 FNV"],
    "Anlage 2",
    ["Anl. 2 FNV", "BV.FNV:533-537", "BV.FNV.002:22-27", "Anl. 2 FNV"],
    "Anlage 3",
    "Footnotes to the Austrian Frequency Allocation Table (Column 2 and 3) and other relevant provisions of the Radio Regulation",
    ["Anl. 3 FNV", "BV.FNV:543-549", "BV.FNV.002:29-34", "Anl. 3 FNV"],
    "Anlage 4",
    "Amateurfunkfrequenzbereiche",
    ["Anl. 4 FNV", "BV.FNV:555-561", "BV.FNV.002:36-41", "Anl. 4 FNV"]
  ],
  "index": {
    "§ 1 FNV": 0,
    "§ 2 FNV": 1,
    "§ 3 FNV": 2,
    "§ 4 FNV": 3,
    "§ 5 FNV": 4,
    "§ 6 FNV": 5,
    "§ 7 FNV": 6,
    "§ 8 FNV": 7,
    "§ 9 FNV": 8,
    "§ 9a FNV": 9,
    "§ 10 FNV": 10,
    "§ 11 FNV": 11,
    "§ 12 FNV": 12,
    "Anl. 1 FNV": 14,
    "Anl. 2 FNV": 16,
    "Anl. 3 FNV": 19,
    "Anl. 4 FNV": 22
  }
}
