{
  "toc": [
    ["§ 1 SV", "BV.SV:93-109", "BV.SV.001:18-42", "§ 1 SV # Begriffsbestimmungen"],
    ["§ 2 SV", "BV.SV:115-159", "BV.SV.001:44-96", "§ 2 SV # Erzeugung, Verarbeitung, Umwandlung, Erwerb, Besitz und Abgabe"],
    ["§ 3 SV", "BV.SV:165-175", "BV.SV.001:98-109", "§ 3 SV"],
    ["§ 4 SV", "BV.SV:181-183", "BV.SV.001:111-114", "§ 4 SV"],
    ["§ 5 SV", "BV.SV:189-193", "BV.SV.001:116-122", "§ 5 SV"],
    ["§ 6 SV", "BV.SV:199-209", "BV.SV.001:124-139", "§ 6 SV"],
    ["§ 7 SV", "BV.SV:215-233", "BV.SV.001:141-168", "§ 7 SV"],
    ["§ 8 SV", "BV.SV:239-273", "BV.SV.001:170-211", "§ 8 SV # Dokumentation"],
    ["§ 9 SV", "BV.SV:279-283", "BV.SV.001:213-219", "§ 9 SV"],
    ["§ 10 SV", "BV.SV:289-307", "BV.SV.001:221-243", "§ 10 SV # Nachweisungen"],
    ["§ 10a SV", "BV.SV:313-339", "BV.SV.001:245-275", "§ 10a SV # Anbau von Pflanzen der Gattung Cannabis zwecks Gewinnung von Suchtgift für die Herstellung von Arzneimitteln"],
    ["§ 11 SV", "BV.SV:345-347", "BV.SV.001:277-280", "§ 11 SV # Packungsaufschrift"],
    ["§ 12 SV", "BV.SV:353-355", "BV.SV.001:282-285", "§ 12 SV # Suchtgiftbezug durch Ärzte, Zahnärzte, Dentisten und Tierärzte"],
    ["§ 13 SV", "BV.SV:361-363", "BV.SV.001:287-290", "§ 13 SV # Behandlung, Verschreibung und Abgabe"],
    ["§ 14 SV", "BV.SV:369-381", "BV.SV.001:292-305", "§ 14 SV"],
    ["§ 15 SV", "BV.SV:387-431", "BV.SV.001:307-353", "§ 15 SV"],
    ["§ 16 SV", "BV.SV:437-473", "BV.SV.001:355-395", "§ 16 SV"],
    ["§ 17 SV", "BV.SV:479-485", "BV.SV.001:397-406", "§ 17 SV"],
    ["§ 18 SV", "BV.SV:491-499", "BV.SV.001:408-420", "§ 18 SV"],
    ["§ 19 SV", "BV.SV:505-539", "BV.SV.001:422-459", "§ 19 SV"],
    ["§ 20 SV", "BV.SV:545-563", "BV.SV.001:461-483", "§ 20 SV"],
    ["§ 21 SV", "BV.SV:569-599", "BV.SV.001:485-523", "§ 21 SV"],
    ["§ 22 SV", "BV.SV:605-615", "BV.SV.001:525-538", "§ 22 SV"],
    ["§ 23 SV", "BV.SV:621-623", "BV.SV.001:540-543", "§ 23 SV"],
    ["§ 23a SV", "BV.SV:629-641", "BV.SV.001:545-559", "§ 23a SV # Opioid-Substitutionsbehandlung"],
    ["§ 23b SV", "BV.SV:647-655", "BV.SV.001:561-571", "§ 23b SV"],
    ["§ 23c SV", "BV.SV:661-663", "BV.SV.001:573-576", "§ 23c SV"],
    ["§ 23d SV", "BV.SV:669-691", "BV.SV.001:578-603", "§ 23d SV"],
    ["§ 23e SV", "BV.SV:697-756", "BV.SV.001:605-670", "§ 23e SV"],
    ["§ 23f SV", "BV.SV:762-774", "BV.SV.001:672-685", "§ 23f SV"],
    ["§ 23g SV", "BV.SV:780-804", "BV.SV.001:687-717", "§ 23g SV"],
    ["§ 23h SV", "BV.SV:810-816", "BV.SV.001:719-728", "§ 23h SV"],
    ["§ 23i SV", "BV.SV:822-830", "BV.SV.001:730-742", "§ 23i SV"],
    ["§ 23j SV", "BV.SV:836-838", "BV.SV.001:744-747", "§ 23j SV"],
    ["§ 23k SV", "BV.SV:844-846", "BV.SV.001:749-752", "§ 23k SV"],
    ["§ 24 SV", "BV.SV:852-918", "BV.SV.001:754-829", "§ 24 SV # Grenzüberschreitende Verbringung suchtgifthaltiger Arzneimittel im internationalen Reiseverkehr"],
    ["§ 25 SV", "BV.SV:924-930", "BV.SV.001:831-840", "§ 25 SV # Ein-, Aus- und Durchfuhr"],
    ["§ 26 SV", "BV.SV:936-963", "BV.SV.001:842-876", "§ 26 SV"],
    ["§ 27 SV", "BV.SV:969-1002", "BV.SV.001:878-921", "§ 27 SV"],
    ["§ 28 SV", "BV.SV:1008-1016", "BV.SV.001:923-933", "§ 28 SV"],
    ["§ 29 SV", "BV.SV:1022-1028", "BV.SV.001:935-944", "§ 29 SV"],
    ["§ 30 SV", "BV.SV:1034-1038", "BV.SV.001:946-952", "§ 30 SV"],
    ["§ 31 SV", "BV.SV:1044-1058", "BV.SV.001:954-975", "§ 31 SV # Suchtstofflabor der Vereinten Nationen"],
    ["§ 31a SV", "BV.SV:1064-1098", "BV.SV.001:977-1020", "§ 31a SV # Übermittlung von Proben sichergestellter Suchtgifte zwischen den nationalen Kontaktstellen der Mitgliedstaaten der Europäischen Union für Zwecke der Strafverfolgung, der Justiz oder der kriminaltechnischen Analyse"],
    ["§ 32 SV", "BV.SV:1104-1106", "BV.SV.001:1022-1025", "§ 32 SV # Erste Hilfe"],
    ["§ 33 SV", "BV.SV:1112-1114", "BV.SV.001:1027-1030", "§ 33 SV # Schluss-, In-Kraft-Tretens- sowie Außer-Kraft-Tretensbestimmungen"],
    ["§ 34 SV", "BV.SV:1120-1124", "BV.SV.001:1032-1038", "§ 34 SV"],
    ["§ 35 SV", "BV.SV:1130-1182", "BV.SV.001:1040-1118", "§ 35 SV"],
    "Anhang I I.1. Stoffe und Zubereitungen gemäß § 2 Abs. 1 Suchtmittelgesetz: I.1.a. Folgende Drogen und daraus hergestellte Extrakte, Tinkturen und andere Zubereitungen:",
    ["Anl. 1 SV", "BV.SV:1188-1512", "BV.SV.002:16-343", "Anl. 1 SV"],
    "Anhang II",
    ["Anl. 2 SV", "BV.SV:1518-1552", "BV.SV.002:345-380", "Anl. 2 SV"],
    "Anhang III",
    ["Anl. 3 SV", "BV.SV:1558-1583", "BV.SV.002:382-408", "Anl. 3 SV"],
    "Anhang IV IV.1. Stoffe und Zubereitungen des Anhangs II des Übereinkommens der Vereinten Nationen über psychotrope Stoffe (§ 2 Abs. 2 Suchtmittelgesetz):",
    ["Anl. 4 SV", "BV.SV:1589-1723", "BV.SV.002:410-545", "Anl. 4 SV"],
    "Anhang V V.1. Stoffe und Zubereitungen des Anhangs I des Übereinkommens der Vereinten Nationen über psychotrope Stoffe (§ 2 Abs. 2 Suchtmittelgesetz):",
    ["Anl. 5 SV", "BV.SV:1729-1851", "BV.SV.002:547-670", "Anl. 5 SV"],
    "Anhang VII",
    ["Anl. 7 SV", "BV.SV:1857-1861", "BV.SV.002:672-677", "Anl. 7 SV"],
    "Anhang VIII",
    ["Anl. 8 SV", "BV.SV:1867-1871", "BV.SV.002:679-684", "Anl. 8 SV"],
    ["Anl. 9 SV", "BV.SV:1877-1883", "BV.SV.002:686-693", "Anl. 9 SV"],
    "Anhang X",
    "Bescheinigung für das Mitführen suchtgifthaltiger Arzneimittel im internationalen Reiseverkehr gemäß der Richtlinie des internationalen Suchtgiftkontrollrates für Vorschriften über Reisende unter Behandlung mit international kontrollierten Suchtmitteln",
    ["Anl. 10 SV", "BV.SV:1889-1895", "BV.SV.002:695-700", "Anl. 10 SV"]
  ],
  "index": {
    "§ 1 SV": 0,
    "§ 2 SV": 1,
    "§ 3 SV": 2,
    "§ 4 SV": 3,
    "§ 5 SV": 4,
    "§ 6 SV": 5,
    "§ 7 SV": 6,
    "§ 8 SV": 7,
    "§ 9 SV": 8,
    "§ 10 SV": 9,
    "§ 10a SV": 10,
    "§ 11 SV": 11,
    "§ 12 SV": 12,
    "§ 13 SV": 13,
    "§ 14 SV": 14,
    "§ 15 SV": 15,
    "§ 16 SV": 16,
    "§ 17 SV": 17,
    "§ 18 SV": 18,
    "§ 19 SV": 19,
    "§ 20 SV": 20,
    "§ 21 SV": 21,
    "§ 22 SV": 22,
    "§ 23 SV": 23,
    "§ 23a SV": 24,
    "§ 23b SV": 25,
    "§ 23c SV": 26,
    "§ 23d SV": 27,
    "§ 23e SV": 28,
    "§ 23f SV": 29,
    "§ 23g SV": 30,
    "§ 23h SV": 31,
    "§ 23i SV": 32,
    "§ 23j SV": 33,
    "§ 23k SV": 34,
    "§ 24 SV": 35,
    "§ 25 SV": 36,
    "§ 26 SV": 37,
    "§ 27 SV": 38,
    "§ 28 SV": 39,
    "§ 29 SV": 40,
    "§ 30 SV": 41,
    "§ 31 SV": 42,
    "§ 31a SV": 43,
    "§ 32 SV": 44,
    "§ 33 SV": 45,
    "§ 34 SV": 46,
    "§ 35 SV": 47,
    "Anl. 1 SV": 49,
    "Anl. 2 SV": 51,
    "Anl. 3 SV": 53,
    "Anl. 4 SV": 55,
    "Anl. 5 SV": 57,
    "Anl. 7 SV": 59,
    "Anl. 8 SV": 61,
    "Anl. 9 SV": 62,
    "Anl. 10 SV": 65
  }
}
