{
  "toc": [
    ["§ 1 StVZVO", "BV.StVZVO:56-58", "BV.StVZVO.001:17-20", "§ 1 StVZVO # Anwendungsbereich"],
    ["§ 2 StVZVO", "BV.StVZVO:64-66", "BV.StVZVO.001:22-25", "§ 2 StVZVO # Allgemeine Beschaffenheit"],
    ["§ 3 StVZVO", "BV.StVZVO:72-78", "BV.StVZVO.001:27-36", "§ 3 StVZVO # Farben"],
    ["§ 4 StVZVO", "BV.StVZVO:84-100", "BV.StVZVO.001:38-59", "§ 4 StVZVO # Rückstrahlwirkung"],
    ["§ 5 StVZVO", "BV.StVZVO:106-120", "BV.StVZVO.001:61-77", "§ 5 StVZVO # Beleuchtung"],
    ["§ 6 StVZVO", "BV.StVZVO:126-128", "BV.StVZVO.001:79-82", "§ 6 StVZVO # Abmessungen"],
    ["§ 7 StVZVO", "BV.StVZVO:134-136", "BV.StVZVO.001:84-87", "§ 7 StVZVO # Bildliche Darstellung"],
    ["§ 8 StVZVO", "BV.StVZVO:142-144", "BV.StVZVO.001:89-92", "§ 8 StVZVO # Schriftzeichen"],
    ["§ 9 StVZVO", "BV.StVZVO:150-158", "BV.StVZVO.001:94-106", "§ 9 StVZVO # Übergangsbestimmungen"],
    ["§ 10 StVZVO", "BV.StVZVO:164-166", "BV.StVZVO.001:108-111", "§ 10 StVZVO # Inkrafttreten"],
    ["§ 11 StVZVO", "BV.StVZVO:172-174", "BV.StVZVO.001:113-116", "§ 11 StVZVO # Notifizierungen"],
    "(Anm.: Anlage 1)",
    "Farbwertdiagramm für den 2°-Normalbeobachter",
    ["Anl. 1 StVZVO", "BV.StVZVO:180-222", "BV.StVZVO.002:15-55", "Anl. 1 StVZVO"],
    ["Anl. 2 StVZVO", "BV.StVZVO:228-259", "BV.StVZVO.002:57-88", "Anl. 2 StVZVO"],
    ["Anl. 3 StVZVO", "BV.StVZVO:265-501", "BV.StVZVO.002:90-326", "Anl. 3 StVZVO"],
    "Anlage 4",
    "Gefahrenzeichen",
    ["Anl. 4 StVZVO", "BV.StVZVO:507-515", "BV.StVZVO.003:15-21", "Anl. 4 StVZVO"],
    "Anlage 5",
    "Vorschriftszeichen",
    "Verbots- oder Beschränkungszeichen",
    ["Anl. 5 StVZVO", "BV.StVZVO:521-531", "BV.StVZVO.003:23-29", "Anl. 5 StVZVO"],
    "Anlage 6",
    "Hinweiszeichen",
    ["Anl. 6 StVZVO", "BV.StVZVO:537-548", "BV.StVZVO.003:31-40", "Anl. 6 StVZVO"],
    "Anlage 7",
    "Zusatztafeln",
    ["Anl. 7 StVZVO", "BV.StVZVO:554-560", "BV.StVZVO.003:42-46", "Anl. 7 StVZVO"],
    "Anlage 8",
    "Schriftzeichen mit Schriftart Tern",
    ["Anl. 8 StVZVO", "BV.StVZVO:566-572", "BV.StVZVO.003:48-52", "Anl. 8 StVZVO"]
  ],
  "index": {
    "§ 1 StVZVO": 0,
    "§ 2 StVZVO": 1,
    "§ 3 StVZVO": 2,
    "§ 4 StVZVO": 3,
    "§ 5 StVZVO": 4,
    "§ 6 StVZVO": 5,
    "§ 7 StVZVO": 6,
    "§ 8 StVZVO": 7,
    "§ 9 StVZVO": 8,
    "§ 10 StVZVO": 9,
    "§ 11 StVZVO": 10,
    "Anl. 1 StVZVO": 13,
    "Anl. 2 StVZVO": 14,
    "Anl. 3 StVZVO": 15,
    "Anl. 4 StVZVO": 18,
    "Anl. 5 StVZVO": 22,
    "Anl. 6 StVZVO": 25,
    "Anl. 7 StVZVO": 28,
    "Anl. 8 StVZVO": 31
  }
}
