{
  "toc": [
    ["Art. 1 StGG", "BVG.StGG:39-41", "BVG.StGG.001:17-20", "Art. 1 StGG"],
    ["Art. 2 StGG", "BVG.StGG:47-49", "BVG.StGG.001:22-25", "Art. 2 StGG"],
    ["Art. 3 StGG", "BVG.StGG:55-59", "BVG.StGG.001:27-32", "Art. 3 StGG"],
    ["Art. 4 StGG", "BVG.StGG:65-73", "BVG.StGG.001:34-43", "Art. 4 StGG"],
    ["Art. 5 StGG", "BVG.StGG:79-81", "BVG.StGG.001:45-48", "Art. 5 StGG"],
    ["Art. 6 StGG", "BVG.StGG:87-91", "BVG.StGG.001:50-55", "Art. 6 StGG"],
    ["Art. 7 StGG", "BVG.StGG:97-99", "BVG.StGG.001:57-60", "Art. 7 StGG"],
    ["Art. 9 StGG", "BVG.StGG:105-109", "BVG.StGG.001:62-67", "Art. 9 StGG"],
    ["Art. 10 StGG", "BVG.StGG:115-117", "BVG.StGG.001:69-72", "Art. 10 StGG"],
    ["Art. 10a StGG", "BVG.StGG:123-127", "BVG.StGG.001:74-79", "Art. 10a StGG"],
    ["Art. 11 StGG", "BVG.StGG:133-137", "BVG.StGG.001:81-86", "Art. 11 StGG"],
    ["Art. 12 StGG", "BVG.StGG:143-145", "BVG.StGG.001:88-91", "Art. 12 StGG"],
    ["Art. 13 StGG", "BVG.StGG:151-155", "BVG.StGG.001:93-98", "Art. 13 StGG"],
    ["Art. 14 StGG", "BVG.StGG:161-167", "BVG.StGG.001:100-107", "Art. 14 StGG"],
    ["Art. 15 StGG", "BVG.StGG:173-175", "BVG.StGG.001:109-112", "Art. 15 StGG"],
    ["Art. 16 StGG", "BVG.StGG:181-183", "BVG.StGG.001:114-117", "Art. 16 StGG"],
    ["Art. 17 StGG", "BVG.StGG:189-199", "BVG.StGG.001:119-130", "Art. 17 StGG"],
    ["Art. 17a StGG", "BVG.StGG:205-207", "BVG.StGG.001:132-135", "Art. 17a StGG"],
    ["Art. 18 StGG", "BVG.StGG:213-215", "BVG.StGG.001:137-140", "Art. 18 StGG"],
    ["Art. 19 StGG", "BVG.StGG:221-229", "BVG.StGG.001:142-151", "Art. 19 StGG"],
    ["Art. 20 StGG", "BVG.StGG:235-237", "BVG.StGG.001:153-156", "Art. 20 StGG"]
  ],
  "index": {
    "Art. 1 StGG": 0,
    "Art. 2 StGG": 1,
    "Art. 3 StGG": 2,
    "Art. 4 StGG": 3,
    "Art. 5 StGG": 4,
    "Art. 6 StGG": 5,
    "Art. 7 StGG": 6,
    "Art. 9 StGG": 7,
    "Art. 10 StGG": 8,
    "Art. 10a StGG": 9,
    "Art. 11 StGG": 10,
    "Art. 12 StGG": 11,
    "Art. 13 StGG": 12,
    "Art. 14 StGG": 13,
    "Art. 15 StGG": 14,
    "Art. 16 StGG": 15,
    "Art. 17 StGG": 16,
    "Art. 17a StGG": 17,
    "Art. 18 StGG": 18,
    "Art. 19 StGG": 19,
    "Art. 20 StGG": 20
  }
}
