{
	"BG.StGB": {
		"type": "BG",
		"title": "StGB",
		"stop": "§ 324",
		"caption": "Strafgesetzbuch (StGB)",
		"docurl": "https://ris.bka.gv.at/GeltendeFassung.wxe?Abfrage=Bundesnormen&Gesetzesnummer=10002296"
	},
	"BG.StPO": {
		"type": "BG",
		"title": "StPO",
		"stop": "§ 517",
		"caption": "Strafprozeßordnung (StPO)",
		"promulgationsklausel": "Der Nationalrat hat beschlossen:",
		"docurl": "https://ris.bka.gv.at/GeltendeFassung.wxe?Abfrage=Bundesnormen&Gesetzesnummer=10002326"
	},
	"BG.ABGB": {
		"type": "BG",
		"title": "ABGB",
		"stop": "§ 1503",
		"caption": "Allgemeines bürgerliches Gesetzbuch (ABGB)",
		"promulgationsklausel": "",
		"docurl": "https://ris.bka.gv.at/GeltendeFassung.wxe?Abfrage=Bundesnormen&Gesetzesnummer=10001622"
	},
	"BG.ZPO": {
		"type": "BG",
		"title": "ZPO",
		"stop": "§ 637",
		"caption": "Zivilprozessordnung (ZPO)",
		"docurl": "https://ris.bka.gv.at/GeltendeFassung.wxe?Abfrage=Bundesnormen&Gesetzesnummer=10001699"
	},
	"BG.VerG": {
		"type": "BG",
		"title": "VerG",
		"extratitles": ["VerG_2002"],
		"break": "",
		"caption": "Vereinsgesetz (VerG)",
		"promulgationsklausel": "Der Nationalrat hat beschlossen:",
		"docurl": "https://ris.bka.gv.at/GeltendeFassung.wxe?Abfrage=Bundesnormen&Gesetzesnummer=20001917"
	},
	"BG.StVO": {
		"type": "BG",
		"title": "StVO",
		"stop": "§ 106",
		"force_erl_item": [
			"a)\nEine Zusatztafel mit der Angabe bestimmter Stunden*",
			"b)\neine Zusatztafel mit der Angabe bestimmter Tage*",
			"c)\neine Zusatztafel mit Pfeilen den Verlauf des*"
		],
		"force_erl_ueberschr": [
			"2c.\n„Kennzeichnung eines Schutzweges und einer Radfahrerüberfahrt“",
			"2d.\nUnterführung", "[a-z])", "/ *n\\)\\Z"
		],
		"caption": "Straßenverkehrsordnung (StVO)",
		"docurl": "https://ris.bka.gv.at/GeltendeFassung.wxe?Abfrage=Bundesnormen&Gesetzesnummer=10011336"
	},
	"BG.AVG": {
		"type": "BG",
		"title": "AVG",
		"stop": "§ 82",
		"caption": "Allgemeines Verwaltungsverfahrensgesetz (AVG)",
		"promulgationsklausel": "Der Nationalrat hat beschlossen:",
		"docurl": "https://ris.bka.gv.at/GeltendeFassung.wxe?Abfrage=Bundesnormen&Gesetzesnummer=10005768"
	},
	"BG.JN": {
		"type": "BG",
		"title": "JN",
		"stop": "§ 123",
		"caption": "Jurisdiktionsnorm (JN)",
		"docurl": "https://ris.bka.gv.at/GeltendeFassung.wxe?Abfrage=Bundesnormen&Gesetzesnummer=10001697"
	},
	"BG.EO": {
		"type": "BG",
		"title": "EO",
		"stop": "§ 505",
		"caption": "Exekutionsordnung (EO)",
		"docurl": "https://ris.bka.gv.at/GeltendeFassung.wxe?Abfrage=Bundesnormen&Gesetzesnummer=10001700"
	},
	"BG.AußStrG": {
		"type": "BG",
		"title": "AußStrG",
		"stop": "§ 208",
		"caption": "Außerstreitgesetz (AußStrG)",
		"docurl": "https://ris.bka.gv.at/GeltendeFassung.wxe?Abfrage=Bundesnormen&Gesetzesnummer=20003047"
	},
	"BG.UrhG": {
		"type": "BG",
		"title": "UrhG",
		"stop": "§ 116",
		"caption": "Urheberrechtsgesetz (UrhG)",
		"docurl": "https://ris.bka.gv.at/GeltendeFassung.wxe?Abfrage=Bundesnormen&Gesetzesnummer=10001848"
	},
	"BG.WechselG": {
		"type": "BG",
		"title": "WechselG",
		"stop": "Art. 102",
		"remove-headers": "^Head Art Artikel \\d+\\.$",
		"caption": "Wechselgesetz (WechselG)",
		"docurl": "https://ris.bka.gv.at/GeltendeFassung.wxe?Abfrage=Bundesnormen&Gesetzesnummer=10001934"
	},
	"BG.SPG": {
		"type": "BG",
		"title": "SPG",
		"stop": "§ 98",
		"caption": "Sicherheitspolizeigesetz (SPG)",
		"docurl": "https://ris.bka.gv.at/GeltendeFassung.wxe?Abfrage=Bundesnormen&Gesetzesnummer=10005792"
	},
	"BG.AuskPG": {
		"type": "BG",
		"title": "AuskPG",
		"caption": "Auskunftspflichtgesetz (AuskPG)",
		"docurl": "https://ris.bka.gv.at/GeltendeFassung.wxe?Abfrage=Bundesnormen&Gesetzesnummer=10000916"
	},
	"BG.RezeptPG": {
		"type": "BG",
		"title": "RezeptPG",
		"caption": "Rezeptpflichtgesetz (RezeptPG)",
		"docurl": "https://ris.bka.gv.at/GeltendeFassung.wxe?Abfrage=Bundesnormen&Gesetzesnummer=10010351"
	},
	"BG.BDG": {
		"type": "BG",
		"title": "BDG",
		"stop": "§ 286",
		"caption": "Beamten-Dienstrechtsgesetz (BDG)",
		"docurl": "https://ris.bka.gv.at/GeltendeFassung.wxe?Abfrage=Bundesnormen&Gesetzesnummer=10008470"
	},
	"BG.DSG": {
		"type": "BG",
		"title": "DSG",
		"caption": "Datenschutzgesetz (DSG)",
		"docurl": "https://ris.bka.gv.at/GeltendeFassung.wxe?Abfrage=Bundesnormen&Gesetzesnummer=10001597"
	},
	"BG.SchUG": {
		"type": "BG",
		"title": "SchUG",
		"stop": "§ 83",
		"caption": "Schulunterrichtsgesetz (SchUG)",
		"docurl": "https://ris.bka.gv.at/GeltendeFassung.wxe?Abfrage=Bundesnormen&Gesetzesnummer=10009600"
	},
	"BG.KSchG": {
		"type": "BG",
		"title": "KSchG",
		"stop": "§ 42",
		"caption": "Konsumentenschutzgesetz (KSchG)",
		"docurl": "https://ris.bka.gv.at/GeltendeFassung.wxe?Abfrage=Bundesnormen&Gesetzesnummer=10002462"
	},
	"BG.StAG": {
		"type": "BG",
		"title": "StAG",
		"stop": "§ 43",
		"caption": "Staatsanwaltschaftsgesetz (StAG)",
		"docurl": "https://ris.bka.gv.at/GeltendeFassung.wxe?Abfrage=Bundesnormen&Gesetzesnummer=10000842"
	},
	"BG.VStG": {
		"type": "BG",
		"title": "VStG",
		"stop": "§ 70",
		"caption": "Verwaltungsstrafgesetz (VStG)",
		"docurl": "https://ris.bka.gv.at/GeltendeFassung.wxe?Abfrage=Bundesnormen&Gesetzesnummer=10005770"
	},
	"BG.VwGVG": {
		"type": "BG",
		"title": "VwGVG",
		"stop": "§ 59",
		"caption": "Verwaltungsgerichtsverfahrensgesetz (VwGVG)",
		"docurl": "https://ris.bka.gv.at/GeltendeFassung.wxe?Abfrage=Bundesnormen&Gesetzesnummer=20008255"
	},
	"BG.TKG": {
		"type": "BG",
		"title": "TKG",
		"caption": "Telekommunikationsgesetz 2021 (TKG)",
		"docurl": "https://ris.bka.gv.at/GeltendeFassung.wxe?Abfrage=Bundesnormen&Gesetzesnummer=20011678"
	},
	"BG.GOG": {
		"type": "BG",
		"title": "GOG",
		"stop": "§ 99",
		"caption": "Gerichtsorganisationsgesetz (GOG)",
		"docurl": "https://ris.bka.gv.at/GeltendeFassung.wxe?Abfrage=Bundesnormen&Gesetzesnummer=10000009"
	},
	"BV.RPV": {
		"type": "BV",
		"title": "RPV",
		"caption": "BMSGPK: Rezeptpflichtverordnung (RPV)",
		"docurl": "https://ris.bka.gv.at/GeltendeFassung.wxe?Abfrage=Bundesnormen&Gesetzesnummer=10010358"
	},
	"BV.SV": {
		"type": "BV",
		"title": "SV",
		"caption": "BMSGPK: Suchtgiftverordnung (SV)",
		"docurl": "https://ris.bka.gv.at/GeltendeFassung.wxe?Abfrage=Bundesnormen&Gesetzesnummer=10011053"
	},
	"BV.SGV": {
		"type": "BV",
		"title": "RPV",
		"caption": "BMSGPK: Suchtgift-Grenzmengenverordnung (SGV)",
		"docurl": "https://ris.bka.gv.at/GeltendeFassung.wxe?Abfrage=Bundesnormen&Gesetzesnummer=10011056"
	},
	"BV.DV-StAG": {
		"type": "BV",
		"title": "DV-StAG",
		"caption": "BMJ: DV zum Staatsanwaltschaftsgesetz (DV-StAG)",
		"docurl": "https://ris.bka.gv.at/GeltendeFassung.wxe?Abfrage=Bundesnormen&Gesetzesnummer=10000872"
	},
	"BV.RLV": {
		"type": "BV",
		"title": "RLV",
		"caption": "BMI: Richtlinien-Verordnung (RLV)",
		"docurl": "https://ris.bka.gv.at/GeltendeFassung.wxe?Abfrage=Bundesnormen&Gesetzesnummer=10005857"
	},
	"BV.AFV": {
		"type": "BV",
		"title": "AFV",
		"caption": "BMIMI: Amateurfunkverordnung (AFV)",
		"docurl": "https://ris.bka.gv.at/GeltendeFassung.wxe?Abfrage=Bundesnormen&Gesetzesnummer=10012930"
	},
	"BV.FNV": {
		"type": "BV",
		"title": "FNV",
		"caption": "BMIMI: Frequenznutzungsverordnung 2013 (FNV)",
		"docurl": "https://ris.bka.gv.at/GeltendeFassung.wxe?Abfrage=Bundesnormen&Gesetzesnummer=20008807"
	},
	"WLG.WLSG": {
		"type": "WLG",
		"title": "WLSG",
		"caption": "Wiener Landes-Sicherheitsgesetz (WLSG)",
		"docurl": "https://ris.bka.gv.at/GeltendeFassung.wxe?Abfrage=LrW&Gesetzesnummer=20000160"
	},
	"WLG.WrAuskPG": {
		"type": "WLG",
		"title": "WrAuskPG",
		"caption": "Wiener Auskunftspflichtgesetz (WrAuskPG)",
		"docurl": "https://ris.bka.gv.at/GeltendeFassung.wxe?Abfrage=LrW&Gesetzesnummer=20000332"
	},
	"BG.SMG": {
		"type": "BG",
		"title": "SMG",
		"stop": "§ 50",
		"caption": "Suchtmittelgesetz (SMG)",
		"docurl": "https://ris.bka.gv.at/GeltendeFassung.wxe?Abfrage=Bundesnormen&Gesetzesnummer=10011040"
	},
	"BG.NPSG": {
		"type": "BG",
		"title": "NPSG",
		"caption": "Neue-Psychoaktive-Substanzen-Gesetz (NPSG)",
		"docurl": "https://ris.bka.gv.at/GeltendeFassung.wxe?Abfrage=Bundesnormen&Gesetzesnummer=20007605"
	},
	"BVG.StGG": {
		"type": "BVG",
		"title": "StGG",
		"caption": "Staatsgrundgesetz von 1867, über die allgemeinen Rechte der Staatsbürger (StGG)",
		"docurl": "https://ris.bka.gv.at/GeltendeFassung.wxe?Abfrage=Bundesnormen&Gesetzesnummer=10000006"
	},
	"BVG.B-VG": {
		"type": "BVG",
		"title": "B-VG",
		"caption": "Bundes-Verfassungsgesetz (B-VG)",
		"docurl": "https://ris.bka.gv.at/GeltendeFassung.wxe?Abfrage=Bundesnormen&Gesetzesnummer=10000138"
	}
}
